<?xml version="1.0" encoding="utf-8"?>
<COLLADA xmlns="http://www.collada.org/2005/11/COLLADASchema" version="1.4.1" xmlns:xsi="http://www.w3.org/2001/XMLSchema-instance">
  <asset>
    <contributor>
      <author>Blender User</author>
      <authoring_tool>Blender 2.83.0 commit date:2020-06-03, commit time:14:38, hash:211b6c29f771</authoring_tool>
    </contributor>
    <created>2021-03-18T15:54:14</created>
    <modified>2021-03-18T15:54:14</modified>
    <unit name="meter" meter="1"/>
    <up_axis>Z_UP</up_axis>
  </asset>
  <library_effects>
    <effect id="Material_1_002-effect">
      <profile_COMMON>
        <technique sid="common">
          <lambert>
            <emission>
              <color sid="emission">0 0 0 1</color>
            </emission>
            <diffuse>
              <color sid="diffuse">0.775823 0.7758223 0.7758224 1</color>
            </diffuse>
            <reflectivity>
              <float sid="specular">1</float>
            </reflectivity>
            <index_of_refraction>
              <float sid="ior">1.45</float>
            </index_of_refraction>
          </lambert>
        </technique>
      </profile_COMMON>
    </effect>
    <effect id="Material_5_002-effect">
      <profile_COMMON>
        <technique sid="common">
          <lambert>
            <emission>
              <color sid="emission">0 0 0 1</color>
            </emission>
            <diffuse>
              <color sid="diffuse">0 0 0 1</color>
            </diffuse>
            <reflectivity>
              <float sid="specular">1</float>
            </reflectivity>
            <index_of_refraction>
              <float sid="ior">1.45</float>
            </index_of_refraction>
          </lambert>
        </technique>
      </profile_COMMON>
    </effect>
  </library_effects>
  <library_images/>
  <library_materials>
    <material id="Material_1_002-material" name="Material_1.002">
      <instance_effect url="#Material_1_002-effect"/>
    </material>
    <material id="Material_5_002-material" name="Material_5.002">
      <instance_effect url="#Material_5_002-effect"/>
    </material>
  </library_materials>
  <library_geometries>
    <geometry id="pinzaDx_003-mesh" name="pinzaDx.003">
      <mesh>
        <source id="pinzaDx_003-mesh-positions">
          <float_array id="pinzaDx_003-mesh-positions-array" count="1254">-0.001858055 -0.01943296 0.02109158 -0.004119277 -0.01731914 0.019903 -0.004845261 -0.01671594 0.01803767 3.8187e-4 -0.02194708 0.01714104 -3.06354e-4 -0.02123719 0.01956963 -0.00940895 -0.01216572 0.003274559 -0.01102936 -0.0101521 0.003949522 -0.01278877 -0.008606851 0.002647638 -0.01343876 -0.008132457 6.88351e-5 -0.007968366 -0.01342529 0.00109452 -0.00418967 -0.01545035 0.01794838 -0.01266825 -0.006948888 0.001136541 4.64005e-4 -0.01269435 0.01733607 0.01455056 -0.007694303 0.01972448 0.01593965 -0.008813738 0.01971024 0.003524959 -0.01398926 0.01414924 0.001600027 -0.0120182 0.01561623 0.005301058 -0.01573008 0.01680004 -0.006880939 -0.003568232 -0.001419365 -0.005549669 -0.004878759 -0.002685606 -0.003936767 -0.006486415 -0.002179741 -0.003319561 -0.007161259 4.04339e-4 0.0145961 0.001058459 0.01562482 0.01628232 -7.06133e-4 0.0142579 0.01821678 -0.002613782 0.01776355 0.01782858 -0.002156257 0.01519089 0.006003737 0.009613692 -0.001023352 0.006098985 0.009508252 0.001211106 0.007521688 0.007953226 -0.002736091 0.009319663 0.006420433 -0.001991808 -0.002174973 0.007717907 3.95073e-4 -0.01092493 5.07285e-4 0.001444756 -0.002545714 0.009083509 0.00168848 0.001692235 -0.01659721 0.02776342 0.004222214 -0.01876425 0.01971471 -0.003474235 -0.01138329 0.0157907 -0.004096031 -0.01094514 0.002738296 0.01476079 -0.003328382 0.02771174 0.01775795 -0.006267607 0.01975756 0.008642971 0.00303626 0.01541566 0.009247064 0.001874625 0.01598656 0.009679019 0.00199455 0.003129482 0.008506178 0.002453863 0.002692162 0.004651665 -0.01985877 0.02010226 0.006498873 3.34678e-4 -0.001556932 0.004848837 0.001847028 -0.004175662 0.003570377 0.003519833 -0.004744529 0.00626409 5.34913e-4 0.002456843 0.004158735 0.002692818 0.004572391 0.0131371 -0.006348609 0.01271057 0.01511943 -0.008356034 0.01585596 0.01278477 -0.005840182 0.02156704 0.006371319 -0.01668906 0.01488673 0.006017267 -0.01653492 0.01953577 0.004425048 -0.0147776 0.02128565 0.003759145 -0.01402252 0.0124132 -0.004154026 -0.006139338 -0.004599452 -0.001892924 -0.008418738 -0.001048088 -0.002527952 -0.007817983 0.002695381 -0.004459261 -0.005909681 0.004572629 -0.0112695 -0.008359551 0.003589272 -0.002420365 -0.01728862 0.0210179 0.01002466 -0.003379106 0.01778882 0.01073533 -0.004089295 0.01488751 0.01303845 -0.006390333 0.01486897 0.01357811 -0.006931006 0.01758664 0.001812398 0.004833042 -0.001442611 0.003761947 0.00288552 -0.002624869 0.005231857 0.00141251 2.88966e-4 -0.008025884 -0.004205167 3.92599e-4 -0.005333781 -0.00690478 -0.002591013 -0.007161378 -0.005063891 -0.002412199 -0.004170179 -0.008061349 -3.77132e-4 0.001165747 -0.01339703 0.01479321 0.002927064 -0.01516425 0.01430779 0.004336655 -0.01656913 0.01640939 0.01755487 -0.01658016 0.06507807 0.01183527 -0.01098608 0.06529986 0.01034373 -0.0124765 0.06355917 0.01549774 -0.01863843 0.06380587 0.00926125 -0.01355803 0.06627863 0.01495903 -0.01917636 0.06604784 0.01756274 -0.01658803 0.04007595 0.01189839 -0.01092225 0.04085034 0.01077914 -0.01204162 0.03869587 0.01600885 -0.01812624 0.03868585 0.009202063 -0.01362127 0.03990018 0.01491904 -0.01921701 0.04001897 0.00751388 -4.08148e-4 0.002770662 0.004831552 -0.006198465 0.02126652 0.003763377 -0.006597042 0.02060484 -0.005218565 -0.00326389 0.008208811 8.10783e-4 -0.004757702 0.01581406 -4.0351e-4 -0.003989517 0.01381206 0.002854108 -0.00172013 0.01480621 0.003721058 -0.00208044 0.01602697 0.005240857 -2.2141e-4 0.01561146 0.005048692 -0.00329113 0.01859408 1.76861e-4 5.79547e-4 0.01097589 0.00165838 -8.33355e-4 0.01271909 2.81783e-5 -0.002478539 0.01384478 -2.51472e-4 -0.00267452 0.01265048 -0.001084148 -0.002756416 0.01189029 -0.003431081 -0.001156628 0.007945239 -0.005033612 4.45523e-4 0.004734754 -0.001016795 -0.001838564 0.01105594 -0.002010285 -0.001324295 0.009540081 -8.5826e-4 7.03435e-4 0.008659183 0.01006221 -0.004877626 0.02508246 0.003153622 -0.01184713 0.02517169 -0.002831876 0.002073585 0.005307912 -0.003665089 0.003947496 0.002595424 -0.009541988 -3.55399e-4 4.0492e-4 -0.002287566 0.003882467 0.004440546 -0.002091467 0.00249505 0.005628287 -0.001598179 0.003577709 0.00526905 4.25436e-6 0.001975536 0.008479952 0.001507699 0.003472328 0.008188724 2.1015e-4 0.001470923 0.009462594 -0.008232474 -0.006319761 0.008087694 0.002482771 -0.006377279 0.01909637 0.002001166 -2.14545e-5 0.01225006 0.006435871 -0.004387855 0.02108353 0.003804802 -0.007491528 0.02155268 0.004128634 -0.005265533 0.01963204 0.001914918 -0.005936324 0.01808756 0.004297137 -0.004064917 0.01859885 0.005413472 -0.00503236 0.02069228 -6.83852e-4 0.002280414 0.007650196 0.0110771 -0.004199206 0.01249808 0.01149451 -0.004409492 0.0106793 0.002637863 0.004339694 0.006354987 0.007419645 -5.12097e-4 0.01603913 0.009156107 -0.002373576 0.0145483 0.00221914 -0.01262694 0.01271808 0.002665221 -0.01333826 0.01110267 -0.001535952 -0.009081661 0.002585351 -0.006105661 -0.004383027 0.006390869 4.03467e-4 -0.01072233 0.01481574 -0.001705467 -0.007544636 0.01584678 -0.001163005 -0.009327113 0.01597273 -9.4469e-4 0.007801771 -3.44738e-4 5.0734e-4 0.006254613 -0.002134203 2.25327e-4 0.006549 7.92226e-4 -0.01023209 -2.90911e-4 1.741e-4 -0.01321059 -0.005681574 -0.001348078 0.01231557 -0.02309906 0.02433943 0.01227456 -0.02287054 -0.005240499 0.01126044 -0.02220487 -0.007893383 0.009233951 -0.0199306 -0.009223341 0.007294952 -0.01797211 0.0199995 -0.01345586 -0.005758106 6.2514e-4 -0.004025578 -0.01563119 0.0154072 -0.009421646 -0.01026344 0.004123806 -0.003000974 -0.01667469 0.01357209 -0.007805585 -0.01184082 0.00303179 -0.008331596 -0.002010643 7.86444e-4 -0.008021771 -0.002275824 -0.002147614 0.0110768 -0.00416994 0.02336162 0.008631706 -0.001868188 0.01715195 0.002420306 -0.01286399 0.02329272 0.01945441 -0.01238626 0.02375018 0.005986869 -0.02519351 0.02318269 3.2654e-4 -0.0193277 0.032839 0.001345813 -0.02105468 0.01857215 2.54497e-4 -0.01994407 0.02048009 0.00590372 0.001701951 -0.004175841 0.00747168 0.007607221 -0.005084156 0.006037354 0.009664893 -0.004034221 0.001881718 0.00511378 -0.004216313 0.0158959 -0.01823812 0.04241734 0.01015996 -0.01266133 0.04227358 0.01624286 -0.01789528 0.06735396 0.01104819 -0.01177358 0.06717282 -0.007755935 -0.01097452 -0.004613578 0.007586419 -0.02575272 0.02619493 0.00787425 -0.02609843 0.03328144 -0.006836593 -0.003685057 -0.004251956 0.01175498 -0.02045708 0.02497828 0.0118913 -0.02172058 0.02695202 0.01145815 -0.02267897 0.03088706 0.01883417 -0.01346862 0.02496492 0.005671322 -0.01334464 0.07259005 0.006534755 -0.01063007 0.0376321 0.00886172 -0.008303105 0.04333209 0.005371749 -0.01179301 0.04048216 0.006534755 -0.01063007 0.0626322 0.006534755 -0.01063007 0.04333209 0.005371749 -0.01179301 0.06548219 0.006534755 -0.01063007 0.06833219 0.00886172 -0.008303105 0.06833219 0.01585853 -0.001775383 0.03273099 0.01224392 -0.005110263 0.04054254 0.01002568 -0.007139027 0.04048216 0.01002568 -0.007139027 0.06548219 0.00886172 -0.008303105 0.0626322 0.00886172 -0.008303105 0.0376321 0.02067583 -0.01324057 0.0696597 0.02089685 -0.01320093 0.04077321 0.01093846 -0.02301627 0.04028075 0.009673237 0.005974054 0.00116533 0.007445096 0.008455336 0.003047883 0.02368253 -0.007793843 0.02468699 0.0172562 -0.001552641 0.01949381 0.01595193 -2.56016e-4 0.02493917 0.01590478 -1.9756e-4 0.01974767 0.0145905 0.001042306 0.01815766 0.02465897 -0.009322524 0.03063076 0.02096527 -0.0123797 0.0408262 0.01382768 -0.005290985 0.04085016 0.0126143 -0.005195915 0.06903171 0.01333522 -0.002751708 0.02973365 0.01183897 -0.005015671 0.03240787 0.002385914 -0.01431626 0.03189235 0.01708662 -0.01127636 0.02565175 0.009552538 -0.018269 0.02587521 0.01007676 -0.02407807 0.03078609 0.0104109 -0.02494949 0.02487695 0.009071052 -0.02360492 -0.008318603 0.007223963 -0.02172988 -0.00922048 -0.00610131 -0.008740723 -0.005128145 0.01169067 -0.01113104 0.06833219 0.01285374 -0.009968101 0.06548219 0.00936377 -0.01345807 0.06833219 0.008199751 -0.01462209 0.06548219 0.00936377 -0.01345807 0.0626322 0.01169067 -0.01113104 0.0626322 0.01169067 -0.01113104 0.04333209 0.01285374 -0.009968101 0.04048216 0.00936377 -0.01345807 0.04333209 0.008199751 -0.01462209 0.04048216 0.00936377 -0.01345807 0.0376321 0.01169067 -0.01113104 0.0376321 0.02099937 -0.007187068 0.01906496 0.01957446 -0.008637607 0.01915127 0.01943606 -0.008192241 -0.00129354 0.01731818 -0.006209194 -0.003419995 0.007378339 0.003370285 -0.004477918 -0.008176326 -0.01329535 -0.001565754 -0.004866838 -0.00736469 0.002103984 -0.009987652 -0.01151961 -0.003709197 -0.01205271 -0.009513676 -0.002602159 -0.006887793 -0.005334854 0.002562463 0.001647472 -0.01387059 0.01959365 0.003602564 -0.01582789 0.01917129 -0.001566171 -0.01994544 0.01330476 -0.003554821 -0.01799374 0.01363211 0.004087746 -0.01449048 0.01955687 0.002310752 -0.01270008 0.01935368 0.001470565 -0.01193535 0.01789063 -0.004182875 -0.006268858 0.002292513 -0.005935907 -0.004481256 0.002592444 -0.007000684 -0.003396928 8.27311e-4 0.003614544 0.003031253 0.00257188 0.00747466 0.007699549 0.002589344 0.001756131 0.004899144 0.001390397 0.01226949 -0.005624353 0.01962339 -0.003219127 -0.01834762 0.01985877 2.12834e-4 -0.02156507 0.01473003 -0.004843831 -0.01652574 0.01549792 -0.01170247 -0.009864091 0.002858459 -0.008178234 -0.01139903 -0.003701448 -0.01093941 -0.008695006 -0.003827095 -0.01229518 -0.009011864 -0.003359854 -0.007112681 -0.003222465 0.003734409 4.13564e-4 -0.01066988 0.01914441 0.00251162 -0.01280045 0.02144199 0.009760081 -0.003032147 0.02060854 0.001449525 0.005332171 0.003737092 -0.008323132 -0.006814539 0.006737172 -8.71899e-5 -0.01513981 0.01200377 0.006817698 -0.02174681 0.02379345 -9.59017e-7 -0.01497644 0.02427625 0.01312232 -0.002072036 0.02365595 0.004800021 0.006434977 0.006628632 0.01357239 -0.002094864 0.01144725 0.01297557 -0.02075588 0.07242345 0.01930546 -0.01398265 0.07199579 0.01260495 -0.00605601 0.07103896 -0.002080798 0.009270906 0.003636062 -4.19544e-4 -0.01743483 0.0293914 -0.00458008 -0.01047962 0.01560825 0.01801562 -0.01088911 0.02381044 0.01990073 -0.008791148 0.02386301 0.0198695 -0.008205473 0.02534455 0.004913389 0.006659507 0.008039414 0.01340919 -0.001815915 0.0248354 5.35771e-4 -0.01519203 0.01093143 0.006524801 -0.02153706 0.02549725 0.004357755 0.01146686 5.5521e-4 0.004113674 0.01146984 0.001078188 0.004239678 0.01148188 8.17213e-4 0.003980696 0.01143079 0.00133419 0.003844738 0.01136481 0.001582205 0.0173006 -0.001900732 0.03274714 0.01118689 -0.007989883 0.07277077 0.01016813 -0.007344841 0.0719574 0.005222797 -0.01204431 0.07146638 0.003637731 -0.01442265 0.06980174 0.003330588 -0.01405018 0.04065287 0.00358963 -0.01559364 0.04102236 1.06096e-4 -0.0177564 0.03346699 -0.001282572 -0.01787072 0.02555459 0.003293991 0.01167082 0.001064419 0.004217565 0.01148527 -0.001399397 -0.01145213 -6.18719e-5 0.003474652 0.00978446 0.005882978 -0.003890156 0.02355492 -0.008637011 0.02396112 0.02445101 -0.009313166 0.03268826 0.01817828 -0.01565432 0.07270061 0.01132518 -0.02247428 0.0695756 0.01085853 -0.02265632 0.04175788 0.006942391 -0.02637702 0.03045082 -0.0108357 -0.008018553 -0.004550695 0.01889175 -0.005345284 -0.00330162 0.02070993 -0.007068395 -6.98774e-4 0.01034009 -0.02490854 -0.005507946 0.01007074 -0.02408409 0.0307852 0.01007378 -0.02408111 0.03078609 0.009212791 -0.01985025 0.02416789 0.009082674 0.004731953 -0.004562199 0.009497642 -0.0245791 0.02752244 0.00727874 -0.0224471 0.0208348 -0.005763828 -0.009739995 -0.00435853 0.01093077 -0.02122443 0.02410364 -0.006745457 -0.01283985 3.93044e-5 -0.01243931 -0.007230758 -0.001842916 -4.61114e-4 -0.0192309 0.01292765 0.001399993 -0.02108275 0.01532536 -0.002963721 0.002808809 0.005827128 -0.003391504 0.003437459 0.004769206 -0.0042966 0.00395292 0.003207206 -0.005365431 9.2072e-4 0.005313038 -0.00354278 0.002502202 0.00416702 0.00571829 -0.004760622 0.02212601 0.004441797 -0.003359973 0.01946353 0.004747629 -0.004828155 0.02120453 0.003530144 -0.005046904 0.02021533 0.003227293 -0.006216943 0.02107256 0.00222826 -0.005616128 0.01949572 0.002912104 -0.00718975 0.02172446 0.004257023 -0.005679726 0.02157706 0.001229703 3.47235e-4 0.01249492 -0.001464426 -0.001319527 0.01146447 -0.002514779 -9.63382e-4 0.0100488 -0.001246452 -0.00215131 0.01248925 -0.001320123 0.00116527 0.009120106 -0.001788496 0.001835465 0.007980227 -0.002693772 0.002350211 0.006418228 -0.003763139 -6.81732e-4 0.008523762 -0.001939654 8.99108e-4 0.007377803 0.001447916 -0.005564808 0.01863938 0.004107236 -0.002551972 0.01828432 0.003267884 -0.001546323 0.01643252 4.43143e-4 -0.004260897 0.01632922 0.003676414 -0.002854526 0.01674485 0.003175139 -0.002373456 0.01717031 0.001172006 -0.004646718 0.01744061 0.001782834 -0.005181789 0.01719671 0.002775609 -0.001172006 0.01556503 0.001379728 -1.52125e-4 0.0131452 0.001734495 -8.81656e-4 0.0142318 -7.19643e-4 -0.002242028 0.01312583 -7.85338e-4 -0.003565132 0.01439505 0.009520173 -0.0135557 0.06972187 0.007670521 -0.01539331 0.06715112 0.01066124 -0.01244753 0.06098598 0.007953703 -0.01507759 0.06291091 0.007340252 -0.01563012 0.04050821 0.009606122 -0.01339668 0.04474508 0.008286654 -0.01469445 0.04351288 0.01088118 -0.01209729 0.03599375 0.008704304 -0.01435673 0.0369572 0.01697039 -0.01273387 0.04213541 0.01120179 -0.0185225 0.03827136 0.01070785 -0.01912605 0.04085934 0.01315248 -0.01659643 0.03604555 0.015208 -0.01449608 0.03635567 0.01674723 -0.01292854 0.03839176 0.01754248 -0.01226848 0.0403288 0.01681602 -0.01284104 0.06342977 0.01119208 -0.01850795 0.06329518 0.01086843 -0.01884794 0.0662384 0.01274198 -0.01697051 0.06136769 0.01469385 -0.01503378 0.06109267 0.01704818 -0.01269656 0.066567 0.01584535 -0.01378041 0.06905174 0.01191186 -0.01770865 0.06890368 0.01189023 -0.01775693 0.04391503 0.01391154 -0.01582682 0.06994223 0.006672084 -0.02304911 0.0296216 0.02108675 -0.008601546 0.03263652 0.01367217 -0.009287297 0.06421649 0.01239514 -0.01056897 0.04429757 0.01242709 -0.01054334 0.0618304 0.01365381 -0.009268224 0.03907352 0.01280891 -0.01016873 0.07074654 0.01609116 -0.01365959 0.07075035 0.003238618 -0.01975005 0.02979117 0.004032015 -0.02041679 0.02851325 0.006667137 -0.02299678 0.0322327 0.01490718 -0.01481848 0.04488646 0.003515064 -0.01954656 0.03262436 0.01817321 -0.005275011 0.02884209 0.01728993 -0.01234668 0.06931954 0.01399058 -0.00902909 0.06915986 0.007198631 -0.01580405 0.06881564 0.01185131 -0.01784366 0.07079148 0.01066339 -0.01905423 0.06930637 0.02121442 -0.008198857 0.0290367 0.005798518 -0.02219325 0.02844703 0.01793992 -0.005150139 0.03225886 0.007039904 -0.01604342 0.04017573 0.01400244 -0.008887112 0.0405817 0.01305478 -0.01014286 0.03753614 0.0118277 -0.01115554 0.06961452 0.01328343 -0.009707391 0.06796991 0.008184134 -0.01482075 0.0706166</float_array>
          <technique_common>
            <accessor source="#pinzaDx_003-mesh-positions-array" count="418" stride="3">
              <param name="X" type="float"/>
              <param name="Y" type="float"/>
              <param name="Z" type="float"/>
            </accessor>
          </technique_common>
        </source>
        <source id="pinzaDx_003-mesh-normals">
          <float_array id="pinzaDx_003-mesh-normals-array" count="2553">-0.8572573 -0.03494459 0.5137013 -0.5622254 -0.7566023 0.3338499 -0.5167158 -0.3254842 0.7918743 -0.7451313 0.5845992 -0.3209726 -0.2860851 -0.06439507 -0.9560381 -0.3344595 0.5443093 -0.7693271 -0.5866679 0.7522949 -0.2997887 0.2807158 0.8175492 0.5028043 0.4643822 0.201336 0.862446 0.2714678 0.7391125 0.6164561 0.6942178 0.4778069 0.5382958 -0.3319011 -0.8662085 0.3735299 0.04458773 -0.9661902 0.2539458 -0.5343542 -0.6549035 0.5343847 -0.79016 -0.3671543 0.4907598 -0.2549255 -0.9669041 -0.010468 -0.9745889 -0.1099899 0.1951375 -0.9061412 -0.3998911 -0.137824 -0.3685476 -0.7929452 0.4851914 -0.3081887 -0.4510213 0.8376154 -0.3739758 -0.9272794 0.01718199 -0.2339021 -0.9531877 0.1916325 -0.4354505 -0.8631186 0.2557524 -0.7581369 -0.4008442 0.5143465 -0.8270456 -0.03308302 0.5611605 -0.9700456 -0.1276608 0.2066745 -0.8892476 -0.4502851 0.08051049 -0.9565096 0.06534206 -0.2842885 0.9301997 0.2511438 0.2676854 0.9471076 0.1963616 -0.2538296 -0.2921258 -0.9403753 -0.1742317 -0.3943447 -0.8243059 0.4062169 0.5733333 0.5671989 0.5912481 -0.8333304 -0.4009019 0.3805761 0.2353949 0.89986 0.3672075 -0.968133 -0.2229129 -0.1141421 0.1833294 0.974695 -0.1279064 -0.2913085 -0.9164391 0.2743701 0.9503902 0.2152805 0.2245278 -0.3019884 -0.9128015 -0.2749483 0.4427059 0.4613223 0.768891 -0.7254935 -0.5069177 0.4655036 0.3492367 0.8652941 0.3595829 -0.9545012 -0.2950237 -0.04345852 0.2921258 0.9263672 -0.2377108 0.9468275 0.2038987 0.248884 0.9647231 0.1527808 -0.2143998 0.6695775 -0.7290887 -0.1417587 0.3315951 -0.4123498 0.8485354 0.5969964 0.610303 0.5206971 0.3276259 0.8380327 0.4363056 0.138864 0.9848053 -0.1042853 -0.7375784 0.6618307 0.134008 -0.3281997 0.1459411 0.9332665 0.9341623 0.2187922 0.2819059 0.9609855 0.1333684 -0.2423216 0.6781368 -0.7226033 -0.1340709 0.3688566 -0.5195306 0.7707352 0.5158613 0.659056 0.5472958 0.2411635 0.9691405 0.05105876 -0.7465705 0.6148175 0.2542283 -0.3192281 0.1879966 0.9288438 -0.6004264 0.6968658 0.3922579 0.7554818 -0.5347947 0.3784734 0.4086482 -0.9078766 0.09363198 -0.3799017 0.9138332 -0.1434702 0.9399737 -0.3065696 -0.1498818 -0.9517567 0.2974354 0.07544225 -0.6933411 0.5486178 0.4672224 0.6423577 -0.5822663 0.4983399 0.3837171 -0.922685 0.03759956 -0.3477354 0.9308345 0.1123715 0.9492189 -0.3069351 0.0690962 -0.9291867 0.3586003 -0.08954322 0.5886391 -0.5589562 -0.5840139 0.6023139 -0.5506065 -0.5779711 0.6028019 -0.551036 -0.5770523 0.5788452 -0.579675 -0.5735113 0.5746009 -0.5785911 -0.578849 0.5673887 -0.5918218 -0.5725532 0.5112043 -0.4015286 -0.759898 0.6941881 -0.7184088 -0.04462814 0.5843027 -0.5700447 -0.5776154 0.5860583 -0.5692486 -0.5766211 0.5783143 -0.5784586 -0.5752725 0.5779404 -0.5784237 -0.5756831 0.5392713 -0.5428022 -0.6438573 0.6173687 -0.5640281 -0.5483871 0.5775556 -0.670686 -0.4654136 0.5858469 -0.5543643 -0.5911545 0.6038079 -0.5440271 -0.582624 0.5312977 -0.5258668 -0.6642192 0.659721 -0.506089 -0.5555557 0.5281065 -0.6237943 -0.5761808 0.4142837 -0.6644777 -0.6219634 0.5624981 -0.5940031 -0.5751143 0.5518401 -0.6104515 -0.5681738 0.6561586 -0.5566614 -0.5094941 0.5520612 -0.6033459 -0.5755017 0.5400269 -0.6044861 -0.5856344 0.6115105 -0.4272762 -0.6659505 0.5091434 -0.6316245 -0.5846568 0.6190922 -0.5711822 -0.5389581 0.6278266 -0.5485038 -0.5522475 0.5612303 -0.5769633 -0.5934088 0.5774134 -0.5772727 -0.5773647 0.5994206 -0.5608204 -0.5711178 0.5909871 -0.5659659 -0.574819 0.6024375 -0.5491992 -0.5791798 0.5781351 -0.5787876 -0.5751215 0.5797032 -0.5766985 -0.5756415 0.5777832 -0.5774444 -0.5768229 0.5555401 -0.5986079 -0.5770995 0.5738269 -0.5680597 -0.5899416 0.5720866 -0.5745804 -0.5852985 0.720534 -0.4989522 -0.4815367 0.5840097 -0.5679318 -0.579988 0.5784406 -0.5805236 -0.5730611 0.5776177 -0.5777713 -0.5766612 0.6897227 -0.4908671 -0.5322895 0.4986116 -0.6662918 -0.5544744 0.4855111 -0.6096023 -0.6266291 0.7173694 -0.5471569 -0.4312779 0.6113666 -0.5497094 -0.5692543 0.5816308 -0.5752714 -0.5751248 0.5796471 -0.5799247 -0.572448 0.5652176 -0.590768 -0.5757798 0.56463 -0.588013 -0.5791664 -0.7779892 -0.6074798 -0.160316 -0.3083334 -0.5122002 -0.8016119 -0.8839226 -0.2613649 -0.3877747 0.2094217 0.9770065 -0.04001045 0.2472038 0.8762307 -0.4136544 0.7783322 0.5803844 -0.2394845 0.4930378 0.4492121 -0.7450653 0.6229901 0.7682619 -0.1471639 -0.7301016 -0.6833368 -0.001610517 -0.7152545 -0.6938028 -0.08395653 -0.7171759 -0.6968545 0.007251381 -0.603051 -0.79769 0.004520952 -0.7771433 -0.6248359 0.07502293 -0.8119602 -0.5734118 0.1091763 -0.4836943 0.474859 -0.7352202 -0.4838483 0.4962084 -0.72088 -0.5857962 0.5030876 -0.6354098 0.8041244 0.5944509 0.003478229 0.8026382 0.571385 -0.1711466 0.7793089 0.6096466 -0.1449435 0.7030991 0.7109913 -0.0119546 0.7161498 0.6979005 -0.008025348 0.7359104 0.6751642 0.05088537 0.7875736 0.6152328 0.03487586 0.707684 0.7065177 0.004018783 0.6835906 0.7294859 -0.02354389 0.8028434 0.3196165 -0.5032773 0.7120668 0.7020791 -0.006774723 0.60661 0.7900385 0.08867585 0.7414173 0.6701701 0.03424191 0.6248317 0.7782014 0.06315112 -0.8317462 -0.5550393 -0.01139515 -0.7117049 -0.7024672 0.004017651 -0.7093541 -0.7048523 9.27214e-5 -0.7097454 -0.7044452 0.004303276 -0.6915939 -0.7219871 -0.02079731 -0.7019131 -0.7121793 -0.01090115 -0.7010459 -0.7130772 -0.007466495 -0.7194319 -0.6944279 0.01370096 0.6606693 0.7506017 -0.01063495 0.8033893 0.5946421 0.03109049 -0.6846087 -0.7284327 0.02639591 -0.7050364 -0.7072696 0.05189949 -0.7381883 -0.6743603 -0.01778566 0.7196573 0.6917976 0.05924153 -0.7206696 -0.6931363 0.01405042 -0.6267094 -0.7781764 0.04095155 -0.7560821 -0.6490879 0.08381432 0.7042402 0.7086807 0.04263341 -0.7072001 -0.7068578 0.01483881 -0.7315847 -0.6815899 -0.01480376 -0.6630159 -0.7485913 -0.00459814 -0.693861 -0.7154105 0.08212673 -0.6835216 -0.7291618 0.03348535 -0.6937628 -0.7154981 0.08219277 0.603154 -0.6221991 -0.4990729 0.5996342 -0.6279048 -0.4961598 0.5514017 -0.5935418 -0.5862289 0.4287143 -0.7057248 -0.5640537 0.07455807 -0.3613152 -0.9294582 0.1501231 -0.6430668 -0.7509516 -0.4228186 -0.3790229 -0.8231441 0.446191 0.01919656 -0.8947319 0.3050073 0.3849672 -0.8710746 0.8235359 0.3287246 -0.4623081 -0.7089871 -0.1698993 -0.6844498 0.1939789 0.7673094 -0.6112352 0.6913444 -0.6227074 -0.3664402 -0.5573388 0.7199749 -0.4135331 0.5945148 -0.6799992 -0.429131 -0.7411311 0.4983804 -0.4498242 0.4813326 -0.6567972 -0.5804622 0.4374665 -0.6943058 -0.5714565 0.2749746 -0.960763 -0.03637838 -0.04889118 -0.9481605 -0.3140087 -0.1149647 -0.9342757 -0.3375087 0.3823754 -0.8800219 -0.2816925 0.009552478 -0.9585469 0.2847746 -0.06299191 -0.6135303 -0.7871548 -0.1194513 -0.1516793 -0.9811854 0.6672095 -0.382649 -0.6390708 -0.5660093 -0.05691832 -0.8224317 0.2021901 0.706399 -0.6783212 -0.4995256 0.4968696 -0.7096441 -0.4600402 0.5415407 -0.7036312 -0.5002648 0.4983533 -0.7080813 -0.5141181 0.4974082 -0.6987616 0.9502483 -0.2862098 -0.1229317 0.8778257 -0.3139823 -0.3617144 0.9992343 -0.0391258 -2.44155e-4 0.730664 -0.6821382 0.02859663 -0.01095622 -0.340377 -0.9402253 0.5670847 -0.151896 -0.8095324 0.1006209 -0.8505015 -0.5162582 -0.01587313 -0.03810226 0.9991478 -0.01266437 -0.02069717 0.9997056 -0.7666409 0.6389526 0.06325703 -0.7042523 0.7078597 0.05443722 -0.7297733 0.6836892 0 -0.7206184 0.6932419 0.01117283 -0.6406012 0.7673622 0.02802383 -0.7132862 0.7008545 -0.00507462 -0.6290504 0.7763171 0.04034376 -0.7786151 0.6274634 0.006967544 -0.609304 0.7928699 0.01030468 -0.7071071 0.7071066 0 -0.7016401 0.7125177 -0.004444539 -0.6907241 0.720756 0.0584042 -0.6424683 0.7646847 0.04991906 -0.7069169 0.7069201 0.02307915 -0.7071068 0.7071068 0 -0.7403538 0.6716322 0.02804517 -0.7018365 0.7105109 0.05098807 -0.7424952 0.669183 -0.02991825 -0.7052733 0.7076096 0.04333955 -0.7064838 0.7064855 0.04194194 -0.6742818 0.7380151 -0.02603286 -0.6864507 0.7271763 0 -0.6750571 0.7373269 0.02543616 0.7075996 -0.7066131 -9.45721e-4 0.6940886 -0.7198894 -5.51532e-4 0.6908506 -0.722869 0.01363366 0.7096597 -0.7045447 2.56774e-5 0.7151237 -0.6984966 -0.02646952 0.6962078 -0.7177273 0.01274234 0.6891537 -0.724034 -0.02901875 0.7178235 -0.6961132 -0.01248943 0.7099563 -0.7002462 0.07494908 0.7143263 -0.6994566 -0.02232807 0.7114487 -0.7026475 0.0112797 0.7274352 -0.6861609 0.00462532 0.7204323 -0.6933706 0.01465106 0.7153787 -0.6979302 0.03357023 0.6890095 -0.7240056 0.03289073 0.6980988 -0.7144729 0.04675948 0.6604249 -0.7505869 -0.02140694 0.689803 -0.7230736 0.03655862 0.6802015 -0.733011 0.004581689 0.6946502 -0.7192373 0.01260203 0.7479336 0.6634832 0.01963138 0.7654381 0.6434883 0.005245745 0.7360681 0.6765944 -0.02058821 0.7195172 0.6944177 -0.008894383 0.6708574 0.7405493 0.03920638 0.7037045 0.7104879 0.002680718 0.7110444 0.7022284 -0.03593367 0.6980682 0.7160238 -0.003298401 0.7082051 0.7060052 0.001514434 0.7204762 0.6933777 -0.01188921 0.5987439 0.7938517 0.1063262 0.7137883 0.7003356 0.006042242 0.6849612 0.7285768 0.001979708 0.7174208 0.6939969 0.06062757 0.6983145 0.7151612 0.03002554 0.6658089 0.7454315 0.03209996 0.6620399 0.7485891 0.03629899 0.4383024 0.752681 0.4912865 0.7106212 0.7031283 -0.02506095 0.7232466 0.6905877 0.001767396 0.7212908 0.6923487 0.0198245 0.7908439 -0.05259156 -0.6097542 0.6054161 0.6078483 0.5138015 0.704448 0.7092056 0.0279386 0.7049811 0.708664 0.02823454 -0.7225506 -0.6906964 0.0293101 -0.6976171 -0.7162834 0.01638936 -0.5813798 -0.627361 0.5180885 -0.5842552 -0.6168389 0.5274047 -0.01737236 0.8907372 0.4541866 -0.59057 0.5684999 0.5727434 -0.5848578 0.5774207 0.5696726 -0.8808813 0.07618623 0.4671657 -0.8808904 0.07616394 0.4671522 -0.2832229 0.1621149 -0.9452533 -0.1690617 0.169408 -0.9709373 -0.1979718 0.1912393 -0.9613713 -0.2037057 0.1887734 -0.9606606 -0.1938747 0.1780503 -0.9647336 -0.1707906 0.2678942 -0.9481896 -0.1442978 0.1596449 -0.9765714 -0.1536789 0.1469916 -0.9771265 0.6964365 -0.7176138 -0.002589464 0.7256929 -0.6879898 -0.006321907 0.7100715 -0.6896907 0.1418643 0.6999646 -0.7009846 0.1366393 -0.6244965 -0.7810275 4.04381e-4 -0.5593075 -0.8253263 -0.07753533 -0.7112108 -0.7029616 -0.004925191 -0.7012394 -0.7126002 -0.02154898 -0.7012464 -0.7127636 -0.01489335 -0.7069647 0.7072489 1.14004e-4 -0.707195 0.7070187 9.18584e-5 -0.7071076 0.7071061 -7.62857e-6 -0.7068168 0.7073962 8.34335e-4 -0.7083055 0.7059054 9.81575e-4 -0.7075203 0.706693 -3.39965e-4 -0.707684 0.7065287 -6.92142e-4 -0.7071108 0.7071018 -0.001217544 -0.7069395 0.7072741 -1.31977e-4 -0.7067416 0.7074719 -1.53982e-4 0.6121956 0.6124141 0.5001655 0.6125468 0.6123293 0.4998393 0 0 1 -0.6125442 -0.6123308 0.4998407 -0.6121963 -0.6124143 0.5001645 -0.6123287 -0.6125481 -0.4998384 -0.6124147 -0.6121963 -0.5001639 -2.21092e-6 0 -1 -5.5273e-7 0 -1 0.612415 0.6121948 -0.5001654 0.6123294 0.6125487 -0.4998368 -0.7066073 0.7076058 4.03359e-4 -0.7071076 0.707106 3.16439e-4 -0.707109 0.7071045 3.19016e-4 -0.7066733 0.70754 -3.53983e-4 -0.7075018 0.7067116 -2.7624e-4 -0.7064021 0.7078105 5.74255e-4 -0.7071113 0.707102 -6.74467e-4 -0.7075173 0.706696 4.15313e-4 -0.7067456 0.7074677 -2.93655e-4 -0.7068749 0.7073386 -2.7613e-4 0.6124143 0.6121946 -0.5001665 0.6123294 0.6125481 -0.4998376 0.6121953 0.6124153 0.5001645 0.6125487 0.612329 0.4998372 -0.6125482 -0.6123293 0.4998376 -0.6121954 -0.6124157 0.5001638 -0.6123277 -0.6125482 -0.4998394 -0.6124133 -0.6121964 -0.5001655 0 0 -1 5.5273e-7 0 -1 0.02825939 -0.09694457 -0.9948886 0.08621025 -0.02054989 -0.9960651 0.6652321 -0.7465012 -0.01422452 0.7126386 -0.7012434 -0.02009958 -0.6949786 -0.7186957 0.02194088 -0.6905644 -0.7231861 -0.01107895 0.7185816 0.6941483 -0.04241007 0.7133221 0.7008086 -0.006238162 -0.695946 0.6163557 -0.3684629 -0.7251135 0.606474 -0.3261898 -0.6344463 0.4962064 0.5926695 -0.5994572 0.2893468 0.7462772 0.02595067 -0.07108402 0.9971328 0.1398723 -0.364155 0.9207752 0.5245119 -0.755319 0.3929131 0.5306521 -0.6084973 0.5900335 0.5318293 -0.6041274 -0.5934541 0.4677563 -0.5904827 -0.6576734 -0.2351032 -0.01453614 -0.9718617 0.05553728 -0.1237771 -0.9907547 -0.1656141 0.04713636 -0.9850636 -0.07578933 0.02335047 -0.9968505 -0.7773792 0.5244115 -0.3473818 -0.7655317 0.5259 -0.370662 -0.5987991 0.4196315 0.6821651 -0.6119081 0.5298743 0.5871982 0.01055139 -0.2550614 0.9668673 -0.02109521 -0.1862425 0.9822773 0.5927214 -0.7193025 0.3623332 0.5957391 -0.7077193 0.3797743 0.5272485 -0.6082673 -0.5933127 0.3144219 -0.5500858 -0.7736566 -0.5092548 0.3933402 -0.7654691 0.4486375 0.7284103 -0.5178253 0.250442 -0.284227 -0.9254696 0.7937839 0.3253083 -0.5138888 -0.4876121 0.4204384 -0.7651576 0.366232 0.7693009 -0.5234982 0.2567604 -0.3080332 -0.916073 0.7243435 0.4354179 -0.5345444 0.129952 0.2501684 -0.9594417 -0.6718158 -0.5547447 -0.4908379 0.8129074 -0.1948646 -0.5488254 0.3635751 0.7766829 -0.5143704 -0.6787487 -0.5784623 -0.4524177 0.6948401 0.4721995 -0.5424252 -0.7267001 -0.6460471 0.2335169 -0.6906749 -0.7099807 0.1374619 -0.6368237 -0.7671651 -0.07689899 -0.7795689 -0.6245349 -0.04720687 -0.7485127 -0.658469 0.07840478 0.07913571 -0.9305546 -0.3574995 -0.5183061 -0.7102103 -0.4764034 0.01214641 -0.8786006 -0.4774028 -0.8100129 -0.5012186 -0.3043996 -0.7986012 -0.4006892 -0.449093 -0.4945309 -0.7528138 -0.4344084 -0.9595722 -0.1667852 -0.2267242 -0.8087591 -0.5753083 -0.1221847 -0.7606877 -0.644991 0.07308077 -0.09813606 0.08152115 0.9918285 -0.6466763 -0.7626487 0.01329851 -0.7351449 -0.6493311 -0.1947593 -0.1083434 -0.7478441 -0.6549739 -0.3681829 -0.812206 -0.4525073 -0.5967699 -0.7242175 -0.3455064 -0.9244103 -0.03155732 -0.380092 -0.7485972 -0.07019335 -0.659299 -0.5754075 -0.2367673 -0.7828459 0.6922152 0.7214432 -0.01891916 0.6868692 0.7261956 -0.02916622 0.6991409 0.7138848 0.03963083 0.6754888 0.7373376 0.006936311 0.7538768 0.656838 -0.01528948 0.7524855 0.6585313 -0.01010501 0.7211053 0.6926932 0.01353925 0.7243168 0.6893361 -0.01345354 0.7215046 0.6922733 -0.01373791 0.7117248 0.7020375 -0.02431553 0.7160262 0.6973903 -0.03087472 0.6870753 0.7259218 -0.03106629 0.6778931 0.7345515 0.02991878 0.6554396 0.7551815 -0.009997844 0.6728677 0.7383623 0.04550093 0.7181025 0.6958999 0.00723052 0.6778618 0.7310984 0.07745081 0.7306983 0.682582 0.01271879 0.7294478 0.6838346 0.01661717 0.7324256 0.6775985 -0.06642985 0.7627425 0.6466309 -0.00961405 0.7112855 0.7020481 -0.03465992 0.7320503 0.6802064 -0.03770506 0.7272683 0.6862569 0.01150053 0.7174072 0.6962293 -0.02432465 0.7268327 0.6862508 -0.02782189 0.6954643 0.7179689 0.02915674 0.685512 0.7278224 0.01865053 0.6755426 0.7332794 0.07709521 -0.6746075 -0.7367995 -0.04506921 -0.6843569 -0.7290897 -0.009161949 -0.7189011 -0.6935716 -0.04625791 -0.7266532 -0.6831672 -0.07251137 -0.7054021 -0.7054951 -0.06844443 -0.7319371 -0.6812029 -0.01519799 -0.7380341 -0.6746233 0.01375001 -0.7343485 -0.6786332 -0.01375412 -0.694272 -0.7120137 0.1049903 -0.7147416 -0.6991318 0.01895123 -0.6712252 -0.7349675 0.09633088 -0.6724398 -0.7389568 0.0420435 -0.6591653 -0.7513345 0.03158736 -0.6478753 -0.7617465 1.06032e-4 -0.6614853 -0.7497828 -0.01622134 -0.7381178 -0.6712583 -0.06778377 -0.698078 -0.7159548 -0.009789705 -0.7119924 -0.6966127 -0.08830493 -0.7359583 -0.6770211 -0.002810239 -0.7299303 -0.6779792 -0.08686745 -0.7378225 -0.6744116 0.02805548 -0.7332941 -0.6799104 0.001300215 -0.7074619 -0.702917 0.07352149 -0.7191832 -0.6939831 0.03410249 -0.68297 -0.7277542 0.06265699 -0.684706 -0.7281494 0.03124272 -0.4139594 -0.7153953 -0.562892 -0.3427065 0.4578353 -0.8203287 -0.3165002 0.5166266 -0.7955656 0.5175497 -0.2596573 0.8153039 0.5186682 -0.3627622 0.7742007 0.5319813 -0.2556764 0.8072332 -0.4480912 0.664671 0.5978518 -0.5631917 0.5938613 0.5745815 0.7148876 0.6991224 -0.01279687 0.7060579 0.7079944 0.0150367 0.5680065 -0.2929415 0.7691255 0.4955698 -0.3346919 0.8014937 -0.4485343 0.6611738 0.601387 -0.5724669 0.6161314 0.5409842 0.7143804 0.6994178 -0.02180719 0.7084506 0.7052596 -0.02658444 0.6414889 0.7669684 0.01585936 -0.5892908 0.5138676 0.6234393 -0.6701753 0.4678853 0.5761498 0.3411253 -0.4789499 0.8088514 0.2228075 -0.5200104 0.8245884 -0.6884022 -0.725278 0.008614659 -0.7264249 -0.6869584 -0.01987284 0.3803882 -0.4945915 0.7814629 0.3210982 -0.4977458 0.8056954 0.3257608 -0.4804496 0.8142778 -0.4598975 0.3339834 -0.8227694 -0.562329 0.2778816 -0.7788247 -0.6475075 0.4972383 0.5774844 -0.7038046 0.449242 0.5503098 -0.6985917 -0.7155184 0.00175476 -0.7219951 -0.6918946 -0.002221584 -0.5189151 -0.04822003 0.8534647 -0.07388693 -0.9588521 0.2741234 0.1865927 -0.6814877 0.7076424 -0.9489871 -0.1390444 0.2830023 -0.01074284 0.3911064 0.9202828 0.5586447 -0.3790422 0.7377284 0.7095376 0.08520919 0.6994968 0.2178182 0.7992159 0.5601867 0.9704758 0.0519129 0.2355461 0.06784456 0.9846166 0.1610203 0.4429541 0.8463554 0.2957605 0.9699859 0.05230957 0.2374684 0.9183525 0.2985691 0.2597792 0.09872794 -0.9702809 0.2209248 -0.8459281 -0.5308796 0.05072271 -0.8723814 -0.4153615 0.2577317 -0.8126031 -0.5105245 0.2811425 -0.1998394 -0.9790239 0.03970539 -0.4760456 0.814173 0.3324201 -0.3962902 0.8397933 0.3710814 -0.1249447 0.9850612 0.1185052 -0.6145389 0.7377151 0.2794967 -0.8382758 0.5307015 0.1250989 -0.7650919 0.5902765 0.2573094 -0.9066034 -0.345813 0.2418341 -0.231027 0.9379637 0.2585549 0.3788409 0.9018569 0.2076865 0.4497257 -0.6212112 -0.6417503 -0.1905951 -0.7791357 -0.5971777 -0.4422275 -0.2786124 -0.8525316 0.5136712 -0.6792082 -0.5242309 0.1514649 -0.9801126 0.1282096 -0.8485568 -0.492611 0.1930952 -0.7441155 -0.6680315 0.005096673 -0.2174527 -0.785668 0.579172 0.1886401 -0.8814598 0.4329475 0.008484303 -0.9864121 -0.1640713 0.1531159 -0.9829999 0.1013244 0.4831175 -0.7170464 -0.5024361 -0.715699 -0.1191458 -0.688171 -0.7392675 -0.6731629 0.0183115 -0.7867565 -0.6061128 0.1167972 0.1120676 -0.9065512 0.406947 0.05346971 -0.9840937 -0.1694124 0.983498 -0.1485043 0.1033365 0.6605032 0.2066781 -0.721817 0.6828346 -0.5300254 -0.5028023 0.7469885 0.6647087 -0.01306217 0.778021 0.6275928 -0.02847421 0.9336798 -0.2656713 -0.2401266 0.9397194 0.02749782 0.3408394 0.9910107 -0.09558528 0.09360152 0.9843412 -0.08991003 0.1516202 0.6725818 -0.5083581 -0.5377786 0.6293078 -0.388358 -0.673164 -0.1475594 0.860575 0.4874801 0.7063646 0.7074632 0.02334707 0.2718392 0.5594571 -0.7830142 0.7248046 0.1874195 -0.6629724 0.4709137 0.7281004 0.4981065 0.7455586 0.4150029 0.5214546 0.3615599 0.5494966 0.7532117 -0.2626442 0.951574 0.1597656 0.07849603 0.9267231 -0.3674542 -0.7557194 -0.243422 0.6079753 -0.2115923 -0.467377 0.8583633 -0.7922139 -0.3232885 0.5175728 -0.4479255 -0.721283 0.5283122 -0.4270583 0.1482328 -0.8919912 -0.9939219 -0.09518969 -0.05530095 -0.950187 0.233625 0.2063103 -0.8737686 -0.07556587 -0.4804354 -0.3904645 -0.7415285 0.5455943 -0.759966 -0.3951054 0.5160847 -0.5639293 -0.3460544 0.7498202 -0.9798822 -0.1234199 0.1568385 -0.989301 0.08194327 -0.1207023 -0.03216654 0.9666756 -0.2539755 0.7771756 0.5572226 -0.292406 -0.1786283 0.3491692 -0.9198766 0.05307239 0.8512953 -0.5219959 -0.09027618 0.97961 0.1794843 0.4911666 0.8708487 0.01944035 0.07574898 0.9085915 -0.4107599 0.3123612 0.9258834 0.2125338 0.8784576 -0.2238565 0.4221382 0.2094227 0.9141717 0.3470336 0.3835949 0.8874962 0.2553535 -0.3953428 0.9122731 0.1070605 -0.4876635 0.7143282 0.5019159 -0.7584323 0.5144619 0.4001371 -0.9161483 0.381029 0.1244562 -0.9534052 0.06134259 0.2953908 -0.9918666 -0.08380508 0.09579902 -0.8473392 0.4506792 0.2809001 -0.8908922 0.120338 -0.4379841 -0.8712855 0.2726563 -0.4080689 0.8572605 -0.3430384 -0.383965 0.9123692 0.3896682 -0.1254641 0.8771558 -0.4756131 0.06625741 0.09317475 -0.9189295 -0.3832586 0.6667741 0.1997758 -0.7179846 0.969738 -0.05490344 -0.2378948 -0.302812 -0.6355328 -0.7102134 0.8083305 -0.01638877 -0.588501 0.07013273 -0.9759382 -0.2064613 -0.1406936 -0.7753713 -0.6156337 0.5064947 0.4056901 -0.7608408 -0.4275798 -0.4829118 -0.7641806 0.9868525 -0.02191239 -0.1601316 -0.08565443 -0.9056349 -0.4153179 0.07530558 -0.8768141 -0.474896 -0.3276224 -0.905471 -0.2697888 -0.8491193 -0.405723 -0.3382091 0.2842545 -0.2605124 -0.9226769 0.24145 0.839083 -0.4874851 0.4043611 0.8487808 -0.3406807 0.5979856 0.7070571 -0.37747 0.9898425 0.06714558 0.1253135 0.6997492 0.6958428 -0.1617224 0.6954387 -0.7185417 0.007934927 0.6895906 -0.7214226 0.06335872 0.7098497 -0.698405 -0.09134441 0.1184131 -0.9926255 0.02594101 0.7876667 0.1370001 0.6006764 0.02271908 0.5794389 -0.814699 -0.2810597 -0.1844209 -0.9418039 0.2958432 -0.9210327 -0.2533293 -0.2016518 -0.958905 -0.1995944 0.6871436 0.1638646 0.7078009 0.876042 0.02563399 0.4815531 -0.2428985 0.5301658 -0.8123575 -0.2961199 0.6476151 -0.7020739 0.8761163 0.1526937 -0.45728 -0.03112143 -0.5627151 -0.826065 0.7219995 -0.4533303 0.5226933 0.2528129 -0.8207837 -0.5122499 0.1649724 -0.8171695 -0.5522845 0.5775951 -0.5776514 -0.576804 0.1535111 -0.1259219 -0.9800908 -0.3087002 -0.1496349 -0.9393155 0.2860869 -0.703437 -0.6506388 0.6696787 -0.6973594 -0.2553831 0.3455646 -0.7656868 -0.5425026 0.6562248 -0.6348624 0.4078219 0.5603355 -0.3377578 -0.7562698 0.8727877 -0.380086 0.3062295 0.6628773 -0.6721246 -0.3299127 0.6386054 -0.7203957 -0.2705795 0.7412369 -0.6118935 0.275961 0.5228879 -0.7760458 0.3526205 0.5879803 -0.7144514 -0.3792604 0.5192207 -0.7572082 0.3962899 0.6767956 -0.5785235 -0.4552562 0.6169173 0.4149711 -0.6687391 0.506554 -0.2866953 -0.8131476 0.3014055 -0.2305098 -0.9252135 0.5888728 -0.5639077 -0.5789965 0.5730912 -0.5823832 -0.5765383 0.5731531 -0.5761807 -0.5826761 0.5817719 -0.5732977 -0.57695 0.5817967 -0.5743959 -0.5758317 0.5803149 -0.5830582 -0.5685753 -0.4203765 -0.314266 -0.8511878 -0.4673842 -0.8685721 -0.1647253 0.5678129 -0.7791901 -0.265427 0.4135343 -0.8484014 0.3304612 0.5839568 -0.6502143 -0.4860203 0.7400079 -0.5781626 0.3436808 0.6076685 -0.6055016 -0.5139134 0.6254324 -0.313525 -0.7145184 0.1277523 0.2057588 -0.9702282 0.5660099 -0.6253393 -0.5371997 0.8197734 0.1954227 -0.5383139 0.5920492 -0.5594879 -0.580044 0.6518156 -0.6596167 -0.3742223 0.5209823 -0.6051402 -0.6019825 0.467303 -0.7662126 -0.4410739 -0.5429298 0.2553854 -0.8000036 0.2808095 -0.9140983 -0.2925242 -0.1046701 -0.9609907 -0.2560101 0.7817219 0.1034286 0.6149907 0.8759321 0.02560645 0.4817545 -0.2308655 0.5618514 -0.7943703 -0.280472 0.656663 -0.7000924 0.8760429 0.1528242 -0.4573771 -0.03140354 -0.562617 -0.826121 0.7216864 -0.4531692 0.5232651 0.1656597 -0.8188775 -0.5495423 0.2542583 -0.8203171 -0.5122818 0.5775225 -0.5776126 -0.5769155 0.6666719 -0.04953342 -0.7437036 0.5377803 0.3617146 -0.7615477 0.07620567 -0.7662075 -0.6380587 0.1231439 -0.9788954 0.1630933 0.3809983 -0.8960052 -0.2280679 0.8454173 -0.4451252 -0.2951834 0.9636641 -0.2422893 0.1124621 -0.1552519 -0.9650825 -0.2109802 0.5552336 0.08008205 -0.8278301 0.5102423 -0.1754215 -0.8419502 0.4863584 -0.6401156 -0.5947331 0.5766664 -0.5769294 -0.5784534 0.5775395 -0.5785306 -0.5759778 0.578084 -0.578131 -0.5758329 0.57718 -0.5786792 -0.576189 0.5725448 -0.5819702 -0.5774975 -0.2034576 -0.9387041 -0.2782797 -0.947129 -0.2985013 0.1176599 0.8225947 -0.01899403 0.568311 0.9175289 0.3962547 -0.0335136 0.6891139 -0.7223492 -0.05773818 -0.5047585 -0.8251602 0.2536329 0.7139437 0.3315948 -0.6167084 0.7620735 -0.2557845 -0.5948264 0.7196967 -0.6408664 -0.2670709 0.6092522 -0.7309622 0.3074186 0.2530044 -0.2936486 -0.9218239 -0.2709456 0.685137 -0.6761478 0.6716604 0.631802 -0.386909 0.5771405 -0.5782565 -0.5766527 0.4179888 -0.6396114 -0.6451222 0.6878182 -0.6637437 -0.2938547 -0.1430111 0.9535602 -0.2650864 -0.1194828 0.9703593 0.2100639 -0.9669923 0.1698378 -0.1899498 -0.192878 0.9700968 0.1473441 0.9724767 -0.1734985 -0.155523 0.9312483 -0.1888865 0.3116064 -0.2732074 0.8058277 0.5253567 0.7158986 -0.3879348 0.5805135 -0.5582529 0.5463811 0.624357 0.3947961 -0.7043522 0.5899357 -0.8369333 0.2424155 0.4906908 0.1176806 -0.9750766 0.1880875 -0.9898703 0.1090734 0.09088432 -0.08560693 0.9590114 -0.2701273 0.9625388 -0.1281797 -0.2389332 0.5961971 -0.7099124 -0.3749312 0.8049196 -0.3300371 0.493133 -0.4675874 0.6845802 0.5592066 0.4441443 -0.6678187 0.5972891 -0.8360171 0.2618257 0.4822061 0.1970032 -0.8896122 0.4120435 -0.6738309 0.687595 -0.2704907 0.2284682 -0.9734776 0.01199412 -0.708334 0.7039254 0.05245894 -0.7014265 0.7121552 -0.02891278 -0.7140054 0.6980783 0.05369442 -0.6930531 0.7202924 0.0292623 -0.7335423 0.6796357 -0.003333628 -0.728989 0.6840497 0.02551925 -0.7024046 0.7116409 -0.01396846 -0.7187176 0.6948572 0.02487021 -0.6976578 0.7162597 -0.0156759 -0.7140291 0.6999031 0.01726734 -0.7024922 0.7116914 2.12125e-4 -0.7156244 0.6983534 0.01357805 -0.6889099 0.7226492 0.05640381 -0.7098283 0.7043522 -0.005657672 -0.6838615 0.7288934 0.03237211 0.7115427 -0.702624 -0.005163788 0.7021619 -0.7120145 -0.002010405 0.7060646 -0.708145 -0.001866936 0.6955844 -0.7184373 -0.003202855 0.733324 -0.6798794 -3.4047e-4 0.710434 -0.7037639 -2.63921e-4 0.7211173 -0.6928111 -0.001653552 0.7151426 -0.698704 -0.01959156 0.7085539 -0.7056487 -0.003383696 0.7772344 -0.6247839 0.07450979 0.7156381 -0.6981742 -0.02036869 0.6965926 -0.7169846 0.02630662 0.7055512 -0.7084869 0.01562076 0.7057286 -0.7083053 0.01583993 0.7192192 -0.6907922 0.07436382 0.6444367 0.7645929 -0.009962797 0.684221 0.7292744 -7.72054e-4 -0.004473447 -0.005296409 -0.999976 0.03883463 -0.01069545 -0.9991884 -0.7089514 -0.7052472 -0.003798544 -0.6909867 -0.7228236 -0.007969558 -0.5849137 -0.5937663 -0.5525555 -0.5986318 -0.5858654 -0.5462615 -0.6922144 -0.7213891 -0.02090603 0.008064448 -0.02923816 0.99954 -0.05068659 0.01375627 0.9986199 0.7085264 0.7018244 0.07370781 0.6892219 0.7245374 -0.004345118 0.7085235 0.7055712 -0.01279979 0.584721 0.5965971 -0.549703 0.5969126 0.5895848 -0.544137 -0.928534 0.1685247 -0.3307932 0.2793713 -0.8266387 -0.4884877 -0.6895197 0.4429858 -0.5729975 0.6068107 -0.5180002 -0.6028738 -0.3722103 0.734746 -0.5671049 0.0122382 0.7791282 -0.6267452 0.2253836 -0.9214026 -0.3165748 -0.9469189 0.1499713 -0.2843473 -0.727281 0.3771912 -0.5734015 0.5314595 -0.5752239 -0.6218265 -0.4462525 0.6683717 -0.595095 0.81572 -0.2809913 -0.5056133 -0.7043346 0.7098681 1.60478e-4 -0.7176742 0.696377 -0.001698374 -0.6323754 0.7746618 -6.85912e-4 -0.7107501 0.7034447 -9.3482e-6 -0.7028424 0.7113422 0.0022493 -0.6980202 0.7160759 0.001800775 -0.7548861 0.6558537 -0.001775801 0.6926425 -0.7211314 0.01469987 0.6933149 -0.7206338 -0.001255273 0.7071793 -0.7070263 0.003373622 0.7070832 -0.7046126 0.05961877 0.7202953 -0.6933825 -0.01988881 0.6919242 -0.7217439 0.01807552 0.9741231 -0.03750848 0.2228842 0.9608221 0.03228878 -0.2752792 0.06231945 0.9717205 -0.2277622 -0.03857588 -0.9799013 -0.1957178 -0.8397122 -0.02697914 0.5423612 -0.9712107 -0.011231 -0.2379577 0.6606416 0.1820144 0.7283019 -0.0240187 -0.8030242 0.5954623 0.2441512 0.6423619 0.726472 -0.05893301 0.9543736 0.2927425 0.2501642 -0.6504209 -0.7171964 -0.9386076 -0.06619536 -0.3385763 -0.6501013 0.2848714 -0.7044265 -0.06741732 -0.9520224 -0.2985103 0.9724549 0.05188214 -0.2272439 0.6952248 -0.2089641 -0.6877475 0.03555488 0.9471333 -0.3188647 -0.2698808 0.638064 -0.7211371 0.9830694 -0.05423176 -0.1750249</float_array>
          <technique_common>
            <accessor source="#pinzaDx_003-mesh-normals-array" count="851" stride="3">
              <param name="X" type="float"/>
              <param name="Y" type="float"/>
              <param name="Z" type="float"/>
            </accessor>
          </technique_common>
        </source>
        <vertices id="pinzaDx_003-mesh-vertices">
          <input semantic="POSITION" source="#pinzaDx_003-mesh-positions"/>
        </vertices>
        <triangles material="Material_1_002-material" count="857">
          <input semantic="VERTEX" source="#pinzaDx_003-mesh-vertices" offset="0"/>
          <input semantic="NORMAL" source="#pinzaDx_003-mesh-normals" offset="1"/>
          <p>7 0 5 1 6 2 31 3 30 4 144 5 31 3 32 6 30 4 150 7 34 8 43 9 150 7 53 10 34 8 155 11 5 1 9 12 153 13 6 2 5 1 60 14 7 0 6 2 155 11 9 12 325 15 153 13 5 1 155 11 11 16 8 17 7 0 60 14 6 2 153 13 11 16 7 0 60 14 165 18 0 19 4 20 164 21 4 20 3 22 61 23 1 24 0 19 165 18 4 20 164 21 10 25 2 26 1 24 61 23 0 19 165 18 10 25 259 27 2 26 10 25 1 24 61 23 22 28 206 29 62 30 63 31 23 32 22 28 64 33 25 34 23 32 65 35 24 36 25 34 64 33 65 35 25 34 63 31 64 33 23 32 62 30 63 31 22 28 66 37 26 38 255 39 66 37 28 40 26 38 67 41 29 42 28 40 68 43 200 44 29 42 67 41 68 43 29 42 66 37 67 41 28 40 18 45 252 46 69 47 71 48 19 49 18 45 71 48 20 50 19 49 21 51 20 50 72 52 70 53 72 52 20 50 71 48 70 53 20 50 69 47 71 48 18 45 16 54 249 55 12 56 73 57 15 58 16 54 17 59 15 58 75 60 74 61 75 60 15 58 73 57 74 61 15 58 12 56 73 57 16 54 78 62 79 63 76 64 80 65 81 66 79 63 78 62 80 65 79 63 77 67 78 62 76 64 84 68 85 69 82 70 86 71 87 72 85 69 84 68 86 71 85 69 83 73 84 68 82 70 91 74 102 74 139 74 125 75 139 75 92 75 139 76 93 76 92 76 93 77 94 77 92 77 92 78 94 78 95 78 96 79 97 79 95 79 102 80 98 80 99 80 99 81 100 81 101 81 106 82 102 82 91 82 103 83 91 83 104 83 105 84 106 84 107 84 103 85 107 85 106 85 108 86 37 86 109 86 30 87 111 87 112 87 116 88 117 88 118 88 281 89 119 89 91 89 139 90 281 90 91 90 33 91 109 91 37 91 33 92 272 92 109 92 108 93 286 93 37 93 117 94 121 94 118 94 96 95 122 95 97 95 39 96 96 96 121 96 30 97 113 97 111 97 285 98 39 98 121 98 117 99 285 99 121 99 117 100 115 100 113 100 117 101 113 101 30 101 112 102 111 102 104 102 112 103 104 103 91 103 123 104 89 104 109 104 125 105 126 105 120 105 120 106 109 106 139 106 120 107 123 107 109 107 120 108 139 108 125 108 124 109 90 109 120 109 126 110 127 110 124 110 124 111 120 111 126 111 122 112 96 112 108 112 89 113 122 113 108 113 89 114 108 114 109 114 107 115 118 115 105 115 103 116 106 116 91 116 114 117 104 117 110 117 114 118 103 118 104 118 128 119 114 119 115 119 128 120 115 120 117 120 116 121 128 121 117 121 107 122 116 122 118 122 93 123 139 123 102 123 101 124 93 124 102 124 99 125 101 125 102 125 94 126 96 126 95 126 121 127 96 127 94 127 133 128 132 129 129 130 135 131 134 132 55 133 134 132 140 134 138 135 143 136 141 136 142 136 130 137 49 137 129 137 49 138 44 138 50 138 44 139 88 139 47 139 130 140 88 140 44 140 44 141 49 141 130 141 177 142 145 142 144 142 145 143 177 143 313 143 31 144 144 144 145 144 146 145 147 145 324 145 146 146 324 146 179 146 149 147 147 147 148 147 136 148 147 148 149 148 57 149 149 149 56 149 136 150 149 150 57 150 136 151 57 151 58 151 135 152 147 152 136 152 52 153 147 153 135 153 52 154 135 154 55 154 52 155 324 155 147 155 150 156 324 156 52 156 150 157 52 157 53 157 319 158 324 158 150 158 151 159 326 159 11 159 60 160 152 160 10 160 327 161 154 161 155 161 153 162 154 162 152 162 328 163 327 163 325 163 155 164 325 164 327 164 153 165 155 165 154 165 60 166 153 166 152 166 138 167 140 167 265 167 157 168 112 168 156 168 51 169 158 169 267 169 48 170 131 170 268 170 159 171 132 171 133 171 266 172 160 172 54 172 161 173 282 173 14 173 13 174 50 174 14 174 161 175 14 175 50 175 264 176 137 176 59 176 162 177 163 177 302 177 162 178 312 178 163 178 164 179 328 179 162 179 165 180 162 180 302 180 165 181 164 181 162 181 61 182 165 182 302 182 307 183 234 183 233 183 307 184 161 184 234 184 237 185 234 185 166 185 234 186 161 186 166 186 237 187 166 188 46 189 320 190 167 191 306 192 167 191 320 190 237 187 46 189 167 191 237 187 169 193 168 194 167 191 167 191 46 189 169 193 170 195 87 72 86 71 82 70 170 195 83 73 171 196 83 73 170 195 86 71 171 196 170 195 172 197 81 66 80 65 76 64 172 197 173 198 173 198 77 67 76 64 80 65 173 198 172 197 322 199 174 199 323 199 162 200 174 200 322 200 321 201 162 202 322 203 175 204 321 201 176 205 162 202 321 201 175 204 174 206 220 207 323 208 220 207 174 206 313 209 313 209 177 210 220 207 304 211 169 211 141 211 32 212 141 212 30 212 304 213 141 213 32 213 168 214 169 214 304 214 179 215 307 216 207 217 179 215 207 217 180 218 181 219 179 215 178 220 307 216 179 215 181 219 307 216 181 219 161 221 309 222 182 222 276 222 295 223 182 223 309 223 299 224 213 224 280 224 183 225 213 225 299 225 186 226 187 226 299 226 188 227 297 227 189 227 190 228 296 228 210 228 186 229 299 229 188 229 212 230 192 230 191 230 188 231 299 231 297 231 194 232 210 232 192 232 195 233 187 233 186 233 194 234 192 234 195 234 190 235 297 235 296 235 190 236 210 236 194 236 189 237 297 237 190 237 187 238 195 238 184 238 185 239 299 239 187 239 183 240 212 240 213 240 183 241 299 241 185 241 196 242 192 242 212 242 196 243 212 243 183 243 193 244 192 244 196 244 184 245 195 245 192 245 184 246 192 246 193 246 198 247 76 247 79 247 199 248 170 248 79 248 170 249 199 249 87 249 198 250 79 250 170 250 198 251 82 251 85 251 180 252 85 252 199 252 85 253 87 253 199 253 180 254 308 254 85 254 308 255 180 255 207 255 198 256 85 256 308 256 198 257 170 257 82 257 198 258 197 258 76 258 197 259 172 259 76 259 309 260 172 260 197 260 310 261 81 261 172 261 276 262 172 262 309 262 310 263 79 263 81 263 310 264 172 264 276 264 199 265 79 265 310 265 199 266 176 266 180 266 168 267 26 267 28 267 200 268 306 268 29 268 22 269 200 269 201 269 23 270 200 270 22 270 25 271 200 271 23 271 306 272 200 272 25 272 202 273 24 273 203 273 202 274 203 274 204 274 203 275 205 275 204 275 206 276 304 276 204 276 206 277 201 277 304 277 22 278 201 278 206 278 204 279 205 279 206 279 202 280 294 280 207 280 204 281 294 281 202 281 202 282 25 282 24 282 202 283 306 283 25 283 168 284 28 284 29 284 168 285 29 285 306 285 304 286 27 286 26 286 304 287 26 287 168 287 304 288 201 288 27 288 208 289 294 289 209 289 208 290 209 290 210 290 197 291 208 291 210 291 310 292 298 292 300 292 311 293 310 293 300 293 199 294 300 294 163 294 176 295 199 295 163 295 303 296 211 296 204 296 305 297 213 297 212 297 305 298 212 298 279 298 302 299 213 299 305 299 302 300 305 300 151 300 284 301 214 301 37 301 181 302 178 302 214 302 33 303 37 303 214 303 215 304 214 304 178 304 33 305 214 305 215 305 33 306 215 306 288 306 220 307 149 307 219 307 177 308 149 308 220 308 217 309 316 309 146 309 147 310 146 310 316 310 216 311 217 311 146 311 216 312 146 312 180 312 217 313 322 313 316 313 217 314 321 314 322 314 219 315 218 315 316 315 220 316 219 316 316 316 220 317 316 317 322 317 77 318 221 318 222 318 173 319 221 319 77 319 173 320 223 320 221 320 80 321 223 321 173 321 80 322 224 322 223 322 78 323 225 323 224 323 78 324 224 324 80 324 78 325 226 325 225 325 77 326 222 326 226 326 77 327 226 327 78 327 224 328 225 328 186 328 188 329 224 329 186 329 225 330 226 330 195 330 186 330 225 330 195 330 226 331 222 331 194 331 195 332 226 332 194 332 222 333 221 333 190 333 194 334 222 334 190 334 221 335 223 335 189 335 190 336 221 336 189 336 223 337 224 337 188 337 189 338 223 338 188 338 83 339 227 339 228 339 171 340 229 340 227 340 171 341 227 341 83 341 86 342 230 342 229 342 86 343 229 343 171 343 86 344 231 344 230 344 84 345 232 345 231 345 84 346 231 346 86 346 83 347 228 347 232 347 83 348 232 348 84 348 229 349 230 349 185 349 187 350 229 350 185 350 230 351 231 351 183 351 185 352 230 352 183 352 231 330 232 330 196 330 183 330 231 330 196 330 232 353 228 353 193 353 196 354 232 354 193 354 228 355 227 355 184 355 193 356 228 356 184 356 227 357 229 357 187 357 184 358 227 358 187 358 314 359 237 359 320 359 236 360 237 360 314 360 233 361 235 361 315 361 234 362 235 362 233 362 237 363 236 363 235 363 237 364 235 364 234 364 315 365 314 365 320 365 315 366 320 366 233 366 238 367 239 367 72 367 238 368 5 368 239 368 240 369 72 369 70 369 240 370 238 370 72 370 241 371 70 371 71 371 241 372 240 372 70 372 71 373 69 373 8 373 241 374 71 374 8 374 260 375 69 375 242 375 260 376 8 376 69 376 5 377 242 377 239 377 5 378 260 378 242 378 4 379 243 379 244 379 4 380 257 380 243 380 244 381 75 381 3 381 4 382 244 382 3 382 75 383 74 383 245 383 3 384 75 384 245 384 74 385 73 385 246 385 245 386 74 386 246 386 73 387 12 387 2 387 246 388 73 388 2 388 257 389 12 389 243 389 257 390 2 390 12 390 244 391 247 392 17 59 243 393 248 394 247 392 249 55 248 394 243 393 243 393 12 56 249 55 244 391 243 393 247 392 75 60 244 391 17 59 239 395 250 396 21 51 242 397 251 398 250 396 252 46 251 398 242 397 242 397 69 47 252 46 239 395 242 397 250 396 72 52 239 395 21 51 254 399 200 44 253 400 27 401 254 399 255 39 26 38 27 401 255 39 253 400 255 39 254 399 68 43 253 400 200 44 203 402 24 36 256 403 205 404 203 402 256 403 206 29 205 404 62 30 256 403 62 30 205 404 65 35 256 403 24 36 257 405 0 405 1 405 4 406 0 406 257 406 245 407 258 407 3 407 246 408 2 408 259 408 257 409 1 409 2 409 328 410 164 21 3 22 327 411 258 412 245 413 154 414 246 415 259 27 327 411 245 413 246 415 152 416 259 27 10 25 154 414 259 27 152 416 327 411 246 415 154 414 328 410 258 412 327 411 328 410 3 22 258 412 241 417 8 417 263 417 260 418 7 418 8 418 260 419 5 419 7 419 238 420 9 420 5 420 241 421 263 421 240 421 261 422 238 423 240 424 326 425 263 426 8 17 262 427 240 424 263 426 326 425 8 17 11 16 262 427 263 426 326 425 261 422 240 424 262 427 325 15 238 423 261 422 325 15 9 12 238 423 177 428 18 428 19 428 58 429 21 429 250 429 56 430 19 430 20 430 177 431 19 431 56 431 157 432 18 432 177 432 157 433 252 433 18 433 156 434 252 434 157 434 264 435 251 435 252 435 264 436 252 436 156 436 59 437 250 437 251 437 59 438 251 438 264 438 58 439 250 439 59 439 57 440 20 440 21 440 57 441 21 441 58 441 56 442 20 442 57 442 134 443 16 443 15 443 134 444 15 444 55 444 138 445 16 445 134 445 138 446 249 446 16 446 265 447 248 447 249 447 265 448 249 448 138 448 266 449 247 449 248 449 266 450 248 450 265 450 53 451 17 451 247 451 54 452 247 452 266 452 53 453 247 453 54 453 52 454 17 454 53 454 52 455 15 455 17 455 55 456 15 456 52 456 64 457 49 457 50 457 64 458 50 458 65 458 64 459 129 459 49 459 63 460 133 460 129 460 63 461 129 461 64 461 62 462 159 462 133 462 62 463 267 463 159 463 62 464 133 464 63 464 256 465 51 465 267 465 256 466 267 466 62 466 256 467 13 467 51 467 65 468 13 468 256 468 65 469 50 469 13 469 47 470 68 470 44 470 68 471 45 471 44 471 67 472 169 472 45 472 67 473 45 473 68 473 66 474 142 474 169 474 66 475 143 475 142 475 66 476 169 476 67 476 255 477 268 477 143 477 255 478 143 478 66 478 253 479 48 479 268 479 253 480 268 480 255 480 253 481 47 481 48 481 68 482 47 482 253 482 169 193 46 189 45 483 134 484 35 484 140 484 134 485 270 485 35 485 59 486 269 486 36 486 59 487 137 487 269 487 58 488 59 488 36 488 136 489 36 489 287 489 135 490 136 490 287 490 270 491 269 491 281 491 36 492 269 492 270 492 160 493 272 493 34 493 53 494 160 494 34 494 150 495 43 495 271 495 319 496 150 496 271 496 43 497 272 497 33 497 43 498 33 498 288 498 43 499 288 499 271 499 282 500 283 500 38 500 14 501 282 501 38 501 13 502 273 502 51 502 13 503 38 503 273 503 38 504 284 504 37 504 38 505 37 505 286 505 48 506 274 506 131 506 48 507 42 507 274 507 48 508 47 508 42 508 132 509 40 509 129 509 129 510 40 510 275 510 130 511 41 511 88 511 130 512 275 512 41 512 41 513 39 513 285 513 275 514 39 514 41 514 182 515 310 516 276 517 298 518 310 516 182 515 295 519 309 520 277 521 278 522 277 521 197 523 278 522 197 523 210 524 295 519 277 521 278 522 294 525 308 526 207 217 294 525 208 527 308 526 199 528 311 529 300 530 163 531 312 532 176 205 279 533 211 534 303 535 279 533 212 536 211 534 280 537 213 538 302 539 212 536 191 540 211 534 211 534 191 540 204 541 96 542 39 543 40 544 40 544 132 129 96 542 132 129 108 545 96 542 158 546 108 545 132 129 132 129 267 547 158 546 132 129 159 548 267 547 158 546 51 549 273 550 108 545 158 546 273 550 273 550 286 551 108 545 131 552 117 553 30 4 131 552 30 4 141 554 141 554 143 555 268 556 141 554 268 556 131 552 274 557 285 558 131 552 117 553 131 552 285 558 137 559 112 560 91 561 264 562 156 563 112 560 137 559 264 562 112 560 119 564 137 559 91 561 137 559 119 564 269 565 272 566 160 567 109 568 139 569 109 568 160 567 140 134 139 569 160 567 160 567 265 570 140 134 160 567 266 571 265 570 35 572 281 573 140 134 139 569 140 134 281 573 136 574 58 575 36 576 287 577 270 578 135 131 134 132 135 131 270 578 41 579 42 580 88 581 47 582 88 581 42 580 214 583 161 221 181 219 214 583 282 584 161 221 283 585 282 584 214 583 214 583 284 586 283 585 13 587 14 588 38 589 130 590 129 130 275 591 319 592 178 220 324 593 178 220 319 592 215 594 215 594 319 592 288 595 271 596 288 595 319 592 41 579 285 558 274 557 42 580 41 579 274 557 275 591 40 544 39 543 283 585 284 586 38 589 38 589 286 551 273 550 270 578 287 577 36 576 270 578 281 573 35 572 281 573 269 565 119 564 43 9 34 8 272 566 289 597 204 541 304 598 290 599 204 541 289 597 290 599 292 600 293 601 293 601 204 541 290 599 204 541 293 601 303 535 204 541 191 540 294 525 191 540 209 602 294 525 209 602 191 540 192 603 192 603 210 524 209 602 278 522 296 604 295 519 210 524 296 604 278 522 296 604 182 515 295 519 182 515 296 604 297 605 297 605 298 518 182 515 297 605 299 606 298 518 300 530 298 518 299 606 299 606 301 607 300 530 301 607 299 606 280 537 163 531 300 530 301 607 163 531 301 607 302 539 280 537 302 539 301 607 10 25 61 23 302 539 11 16 60 14 10 25 11 16 302 539 151 608 11 16 10 25 302 539 303 535 304 598 32 6 279 533 303 535 32 6 305 609 32 6 31 3 32 6 305 609 279 533 145 610 305 609 31 3 305 609 145 610 151 608 303 535 289 597 304 598 289 597 290 599 291 611 289 597 303 535 290 599 290 599 303 535 293 601 168 194 306 192 167 191 306 192 233 612 320 190 307 216 306 192 202 613 306 192 307 216 233 612 202 613 207 217 307 216 198 614 308 526 208 527 197 523 198 614 208 527 277 521 309 520 197 523 199 528 310 516 311 529 312 532 175 204 176 205 175 204 312 532 162 202 261 422 328 410 325 15 261 422 162 202 328 410 261 422 174 206 162 202 313 209 261 422 262 427 313 209 262 427 326 425 174 206 261 422 313 209 145 610 313 209 326 425 145 610 326 425 151 608 235 615 314 616 315 617 236 618 314 616 235 615 148 619 316 620 218 621 149 622 218 621 219 623 148 619 218 621 149 622 147 624 316 620 148 619 161 625 50 625 166 625 44 626 166 626 50 626 45 483 166 188 44 627 166 188 45 483 46 189 142 628 141 628 169 628 144 629 30 629 112 629 157 630 144 630 112 630 157 631 177 631 144 631 56 632 149 632 177 632 146 633 179 633 180 633 254 399 201 634 200 44 254 399 27 401 201 634 317 635 216 636 318 637 321 201 216 636 317 635 321 201 217 638 216 636 54 639 160 567 53 10 180 218 176 205 216 636 317 635 216 636 176 205 321 201 317 635 176 205 322 203 323 208 220 207 179 215 324 593 178 220 329 640 114 640 110 640 329 641 115 641 114 641 330 642 111 642 113 642 331 643 111 643 330 643 111 644 331 644 104 644 332 645 104 645 331 645 332 646 329 646 110 646 332 647 110 647 104 647 330 648 333 648 331 648 332 649 331 649 333 649 332 650 333 650 330 650 113 651 115 651 329 651 330 652 113 652 329 652 329 653 332 653 330 653 89 654 334 655 122 656 335 657 122 656 334 655 335 657 97 658 122 656 335 659 126 659 97 659 126 660 335 657 127 661 336 662 127 661 335 657 336 662 124 663 127 661 337 664 124 663 336 662 124 663 337 664 90 665 338 666 90 665 337 664 339 667 90 665 338 666 339 667 120 668 90 665 340 669 120 668 339 667 120 668 340 669 123 670 123 670 341 671 89 654 341 671 123 670 340 669 334 655 89 654 341 671 336 672 335 672 334 672 341 673 337 673 336 673 340 674 339 674 338 674 341 675 338 675 337 675 341 676 340 676 338 676 334 677 341 677 336 677 342 678 121 678 99 678 342 679 118 679 121 679 343 680 105 681 118 682 344 683 106 684 105 681 344 683 105 681 343 680 344 683 102 685 106 684 345 686 102 685 344 683 345 686 98 687 102 685 342 688 99 688 98 688 345 689 344 689 343 689 98 690 343 690 118 690 98 691 345 691 343 691 98 692 118 692 342 692 346 693 116 693 107 693 347 694 114 694 128 694 348 695 114 695 347 695 114 696 348 696 103 696 349 697 103 697 348 697 349 698 346 698 107 698 349 699 107 699 103 699 347 700 350 700 348 700 349 701 348 701 350 701 349 702 350 702 347 702 347 703 128 703 346 703 128 704 116 704 346 704 346 705 349 705 347 705 125 706 351 707 126 660 352 708 126 660 351 707 126 660 352 708 97 658 353 709 97 658 352 708 97 658 353 709 95 710 95 710 353 709 92 711 354 712 92 711 353 709 351 707 92 711 354 712 92 711 351 707 125 706 352 708 358 713 355 714 352 708 355 714 356 715 357 716 358 713 352 708 358 713 357 716 355 714 356 715 355 714 357 716 354 717 356 717 357 717 353 718 352 718 356 718 351 719 357 719 352 719 354 720 353 720 356 720 351 721 354 721 357 721 359 722 360 722 121 722 359 723 121 723 94 723 360 724 99 724 121 724 361 725 99 725 360 725 361 726 100 726 99 726 362 727 101 727 100 727 363 728 93 729 101 730 363 728 101 730 362 731 363 732 361 732 94 732 363 733 94 733 93 733 359 734 94 734 361 734 361 735 360 735 359 735 363 736 362 736 100 736 363 737 100 737 361 737 378 738 373 739 379 740 385 741 392 742 416 743 386 744 416 743 415 745 389 746 415 745 364 747 387 748 364 747 365 749 387 748 365 749 382 750 389 746 364 747 387 748 386 744 415 745 389 746 385 741 416 743 386 744 380 751 392 742 385 741 373 739 395 752 413 753 373 739 413 753 393 754 401 755 393 754 369 756 388 757 369 756 370 758 375 759 370 758 368 760 388 757 370 758 375 759 401 755 369 756 388 757 373 739 393 754 401 755 386 761 397 761 404 761 386 762 404 762 385 762 389 763 397 763 386 763 407 764 389 764 387 764 382 765 408 765 387 765 407 766 387 766 408 766 407 767 397 767 389 767 374 768 400 768 375 768 376 769 390 769 400 769 376 770 409 770 390 770 376 771 400 771 374 771 377 772 409 772 376 772 391 773 409 773 377 773 391 774 377 774 378 774 391 775 378 775 379 775 366 776 369 776 393 776 367 777 370 777 369 777 368 778 370 778 367 778 366 779 367 779 369 779 394 780 366 780 393 780 392 781 394 781 393 781 392 782 393 782 413 782 372 783 402 783 398 783 372 784 412 784 402 784 372 785 368 785 412 785 371 786 372 786 398 786 403 787 371 787 398 787 395 788 371 788 411 788 413 789 395 789 411 789 403 790 411 790 371 790 375 791 412 791 406 791 408 792 375 792 406 792 407 793 396 793 397 793 407 794 417 794 396 794 413 795 404 795 405 795 413 796 379 796 404 796 411 797 391 797 379 797 413 798 411 798 379 798 411 799 403 799 409 799 403 800 399 800 410 800 409 801 403 801 410 801 410 802 399 802 398 802 400 803 410 803 398 803 400 804 390 804 410 804 400 805 402 805 412 805 375 806 400 806 412 806 374 807 375 759 368 760 374 807 368 760 372 808 376 809 372 808 371 810 377 811 371 810 414 812 378 738 414 812 395 752 378 738 395 752 373 739 377 811 414 812 378 738 376 809 371 810 377 811 374 807 372 808 376 809 367 813 382 750 365 749 381 814 382 750 367 813 383 815 367 813 366 816 384 817 366 816 394 818 380 751 394 818 392 742 384 817 394 818 380 751 383 815 366 816 384 817 381 814 367 813 383 815 401 819 383 819 384 819 380 820 373 820 384 820 373 821 380 821 379 821 401 822 384 822 373 822 388 823 381 823 383 823 388 824 383 824 401 824 388 825 375 825 381 825 364 826 417 826 406 826 416 827 405 827 396 827 415 828 416 828 396 828 364 829 396 829 417 829 364 830 415 830 396 830 365 831 364 831 406 831 398 832 402 833 400 834 411 835 409 836 391 837 398 832 399 838 403 839 409 836 410 840 390 841 396 842 404 843 397 844 396 842 405 845 404 843 406 846 417 847 408 848 407 849 408 848 417 847 382 750 381 814 375 759 408 848 382 750 375 759 379 740 380 751 385 741 379 740 385 741 404 843 367 813 365 749 406 846 368 760 367 813 406 846 368 760 406 846 412 850 414 812 371 810 395 752 405 845 416 743 392 742 405 845 392 742 413 753</p>
        </triangles>
      </mesh>
    </geometry>
    <geometry id="outDx_003-mesh" name="outDx.003">
      <mesh>
        <source id="outDx_003-mesh-positions">
          <float_array id="outDx_003-mesh-positions-array" count="489">0.00646311 -0.01058626 0.002788007 -0.005711317 -0.03661298 7.46385e-4 -0.009503185 -0.03675693 7.48159e-4 -0.01069951 -0.03940051 6.99648e-4 -0.00436151 -0.04018312 6.26433e-4 -0.005284011 -0.03669351 -0.00986427 -0.004291415 -0.03983217 -0.01013481 -0.008357942 -0.03605246 -0.009899377 -0.01041644 -0.03766423 -0.009835898 0.002354562 0.002507925 -0.001931786 -0.001126587 0.002848029 -0.001989483 -0.003005921 3.09753e-4 -0.001992702 0.003363668 -0.001050651 -0.00202322 7.67464e-4 0.003331899 -0.008942365 0.003008723 0.001758754 -0.008956372 0.003276646 -0.001074373 -0.009024262 -0.002118349 0.002398192 -0.008925259 -0.008532285 -0.04215258 -0.00997287 -0.01046705 -0.0403558 -0.009971678 -0.009838044 -0.04156994 5.94636e-4 -0.001311361 -0.005415737 0.004193246 -0.002381026 -0.004792869 -0.00193715 -0.004908502 -0.001489222 -0.001852631 -0.004574894 -0.002502977 0.00427246 -0.004302084 0.002938628 -0.00174421 -0.004826068 0.001642167 0.004375576 0.001024901 0.005468904 -0.001694738 -0.001444041 0.004921913 0.00445652 -0.00141853 -0.002887129 -0.002071619 -0.001717388 -0.002388417 -0.009010612 -0.002891957 -3.39835e-4 -0.008948802 5.65344e-4 0.007629692 0.004296422 0.004885077 0.006139993 0.004310727 0.007466793 0.003300964 0.003780186 0.008289158 3.82305e-4 -0.008430421 0.008157849 -5.11455e-4 0.003974676 -0.00246936 -0.03939485 -9.32913e-4 -0.007400393 -0.01640141 -0.003700375 -0.007411718 -0.01512998 -0.002009689 -0.006787598 -0.01276642 -0.003119349 -0.00749588 -0.01700007 -0.002753019 -0.007490575 -0.01652455 -0.001770317 -0.008476078 -0.0226562 -0.00632435 -0.009237527 -0.02494579 -0.005860269 -0.0104255 -0.03030914 -0.002955019 -0.01037424 -0.03217905 -0.002576172 -0.01008236 -0.03216487 -0.005534231 -0.008456766 -0.01868718 -0.002673089 -0.008166551 -0.02083367 -0.005269229 -0.009062111 -0.02217513 -0.005036115 -0.008245587 -0.02143037 -0.002705991 -0.008147954 -0.02088445 -0.00187236 -0.01026529 -0.03452056 -0.007704496 -0.009887516 -0.03098553 -0.005387842 -0.00956732 -0.02914458 -0.005762279 -0.01032388 -0.0309022 -0.00677812 -0.006618618 -0.01170319 -0.006295323 -0.007276177 -0.01557713 -0.006389319 -0.005675673 -0.007650017 -0.007021784 -0.008295178 -0.01954907 -0.006426215 -0.009803593 -0.02888846 -0.002287745 -0.008987545 -0.02587532 -0.001788198 -0.00924921 -0.02729314 -0.006753146 -0.008671045 -0.02395397 -0.002544999 -0.009403467 -0.02827823 -0.002941906 -0.007915854 -0.0193637 -0.005072951 -0.007597148 -0.01751905 -0.005482733 -0.00617516 -0.00920695 -0.002790212 -0.006837785 -0.01235449 -0.001671552 -0.006840586 -0.01124936 -0.001646697 -0.007228195 -0.01115161 -0.002931237 -0.003443598 -0.02562785 9.49768e-4 -0.003283679 -0.03092527 0.001173019 -0.001599609 -0.008670449 0.002498269 -0.003275871 -0.04187667 5.40696e-4 -0.001192986 -0.03019779 8.62795e-4 -0.01122623 -0.04229569 -0.009956181 -0.008315145 -0.04410231 -0.009744763 -0.006671249 -0.04427587 4.63389e-4 0.007115542 -0.005052924 0.002677857 -0.01428145 -0.03545796 -0.00980091 -0.01398706 -0.0366981 7.18711e-4 -0.01084554 -0.04302173 5.17387e-4 0.007708311 -0.002203762 -0.00911653 -0.005951404 -0.04194653 -0.01006078 0.005116224 -0.006126642 -0.009042143 -0.003777682 -0.02442729 -0.009535253 -0.001218676 -0.03004503 -0.009737551 -0.004031836 -0.01953572 -0.00934261 0.004348456 0.006897807 -0.008803844 0.003794789 0.003999054 0.004420101 0.005635559 -0.001174867 0.004286229 0.003084301 -0.004751563 0.004203259 0.001462757 -0.002966642 -0.002053201 9.58701e-4 -0.003035008 -0.009089589 0.005823791 6.33281e-4 -0.001821696 0.002788484 -0.004913866 -0.001952648 -0.006947338 -0.04255431 5.22892e-4 -0.001101195 -0.02998566 -0.008016943 -0.006369173 -0.034119 -0.001135528 -0.004037141 -0.02329486 -6.13139e-4 -0.007400155 -0.0339787 -0.0078938 -0.00441581 -0.03500014 -0.007907986 -0.00479418 -0.007360219 -5.25737e-4 -0.003904104 -0.00705868 -0.006970226 -0.001680552 -0.008116245 -0.007279992 -0.005935072 -0.008215844 -9.79068e-4 -0.001857697 -0.008145213 -0.009120285 0.001782178 -0.007584154 -0.009103238 0.007196187 0.003811419 -0.008706152 -9.4847e-4 0.007994174 -0.008697032 -0.006471276 0.005049824 -0.008899331 -0.008158624 0.002483606 -0.008484959 -0.002759993 -0.04072552 -0.009476959 -0.004605412 -0.04300713 -0.01006615 -0.01404273 -0.03360092 0.001079499 0.003059983 -0.007854461 0.002482652 -0.003728628 -0.01980608 0.00224334 0.007437229 -0.01253139 0.002656817 0.01023006 -0.01369243 0.002692401 0.006421267 -0.01194947 0.003842234 0.01074105 -0.0144298 0.003744423 0.00895524 -0.02711331 0.002442061 -0.005151271 0.006215155 0.00393033 0.00829339 -0.02695453 0.003591775 -0.01372271 -0.0334689 0.003295302 -0.007601499 0.003188371 0.004266738 -0.002903997 -0.03070372 0.002122879 0.01135838 -0.01550984 0.002682328 -0.001681447 -0.008238017 -4.83273e-4 -0.001060664 -0.03027737 -8.0204e-4 -0.004065096 -0.02281451 -0.007875442 -0.00302422 -0.036767 -0.001277446 -0.0102424 -0.03465867 -0.001319825 -0.002658903 -0.0375576 -0.007971167 -0.01066404 -0.03079396 -0.005258619 -0.01036697 -0.02908754 -0.005960643 -0.01084697 -0.03199982 -0.005014419 -0.01016461 -0.02778315 -0.006333649 -0.01013338 -0.02780199 -0.002310633 -0.009744822 -0.02555739 -0.002215623 -0.00990951 -0.0263586 -0.005780875 -0.009733676 -0.02690076 -0.002846598 -0.009119391 -0.02648794 -0.005818486 -0.009520471 -0.02418768 -0.002215802 -0.009026765 -0.02126151 -0.002411186 -0.009248912 -0.02256572 -0.002708494 -0.009029388 -0.0211606 -0.005497992 -0.009290039 -0.02270609 -0.006448924 -0.00889337 -0.020482 -0.002145707 -0.008332073 -0.01717728 -0.00210011 -0.008680343 -0.01912349 -0.00537455 -0.008384406 -0.01738381 -0.005689918 -0.008853912 -0.02024114 -0.004415571 -0.008205711 -0.0163812 -0.003271341 -0.007972359 -0.01500868 -0.003095626 -0.007584333 -0.0131877 -0.003327608 -0.008090198 -0.01558709 -0.006286978 -0.007156729 -0.01495409 -0.003864169 -0.007545411 -0.0124309 -0.003375828 -0.006927847 -0.009313344 -0.003233671 -0.007434189 -0.01171278 -0.006193161 -0.006500184 -0.01108044 -0.003770411</float_array>
          <technique_common>
            <accessor source="#outDx_003-mesh-positions-array" count="163" stride="3">
              <param name="X" type="float"/>
              <param name="Y" type="float"/>
              <param name="Z" type="float"/>
            </accessor>
          </technique_common>
        </source>
        <source id="outDx_003-mesh-normals">
          <float_array id="outDx_003-mesh-normals-array" count="1008">0.1866262 0.5997065 -0.7781535 0.5323995 0.2410981 -0.8114324 0.4139273 0.3881084 0.8234295 0.5320983 -0.2498893 -0.8089665 0.58599 -0.04419106 0.8091124 0.1223834 -0.5500233 -0.8261336 0.3031814 -0.5025353 0.8096538 -0.4045022 -0.3693746 -0.8366245 -0.2665871 -0.4734172 0.8395282 -0.1076426 0.5197183 0.8475293 0.6526916 -0.4757696 0.5896076 0.1629132 -0.5216092 0.8374863 0.5347574 -0.2227901 0.8151068 -0.1279357 -0.8079303 0.5752227 -0.3332107 -0.4229987 0.8426403 0.761607 0.1901652 0.6195095 0.5313061 0.2490965 0.8097314 0.3686132 0.6879681 0.6251593 0.1672469 0.5383642 0.8259495 0.6017197 0.1006223 -0.7923437 0.5988802 -0.06531125 0.7981712 0.3178232 0.4848223 0.8148226 0.408956 -0.3769415 -0.8310658 0.2638998 -0.6006795 0.7546795 -0.09018242 -0.5445129 -0.8338903 -0.3911376 -0.4566324 0.799061 0.3497231 0.4916084 -0.7975055 -0.1343758 0.5675954 -0.8122676 -0.1027591 0.779224 -0.6182642 -0.4461637 0.6983153 0.5597265 0.03204458 0.7603125 0.6487666 0.378806 0.6780176 -0.6299191 0.4375831 0.6145024 0.6564357 0.7723848 0.3641269 0.5204167 0.908814 0.06894385 -0.4114658 0.7807416 -0.01651084 0.624636 0.6861624 0.4023036 -0.6060801 0.9904583 -0.1227467 0.06265515 0.9614673 0.05890142 0.2685357 0.695562 0.2943572 -0.6553988 0.8198148 -0.2888365 -0.4944464 0.1694124 0.6026335 -0.7798284 0.5633835 0.6052253 0.5624069 0.5586923 0.6265069 -0.543463 0.0699808 0.6204577 0.7811114 0.3942101 0.4964781 0.7733743 0.9940365 0.04717886 0.0983138 0.995923 0.07610535 0.04842996 0.8183605 -0.5647976 -0.1062533 0.9973392 -0.07271933 -0.005150496 0.9898909 0.1023653 0.09816974 0.9888691 0.05172109 -0.1395096 0.985047 -0.1722327 -0.004302799 0.9419904 -0.1669652 0.2911646 0.9859048 -0.1672704 -0.003529191 0.6105477 -0.1871339 0.7695534 0.7541772 -0.06532073 -0.6534141 0.9265077 -0.1297101 -0.3532122 0.8910211 -0.1252598 -0.4363388 0.9491813 -0.151427 -0.2759072 0.9077783 -0.1460769 0.3931924 0.9358864 -0.2771764 -0.2174625 0.8335551 -0.2090988 -0.5113351 0.8563997 -0.1872738 0.481153 0.9430716 -0.3264802 -0.06345671 0.9736278 -0.2020778 -0.1058945 0.9860775 -0.1660329 -0.009180366 0.9462862 -0.1504555 -0.2861919 0.8539491 -0.1485944 -0.498689 0.9126586 -0.2942065 0.2837194 0.9069358 -0.3599267 0.2189071 0.9851463 -0.1716587 -0.004484534 0.9857137 -0.1682845 -0.006995379 0.9817951 -0.06303161 -0.1791802 0.9753901 -0.1121431 -0.1898372 0.8268476 -0.1549675 0.5406553 0.9862148 -0.1653906 -0.005150198 0.9527414 -0.2427289 -0.1826649 0.9853308 -0.170646 -0.001757562 0.9643478 -0.2641131 0.01666575 0.9747533 -0.2207016 0.0338667 0.972589 -0.2125954 0.09420204 0.9556461 -0.2926158 0.03341674 0.9563974 -0.1687285 -0.2384003 0.8502201 -0.4393437 -0.2900052 0.5486872 0.02016508 -0.8357845 0.9698817 0.0971201 -0.223377 0.9969421 0.03307819 0.07079863 0.9844913 -0.1547433 0.08265262 0.9810072 -0.1863219 -0.05393707 0.951861 -0.1508946 0.2668174 0.9803705 -0.1772239 0.08640295 0.919075 0.3903087 0.05440789 0.8589187 0.417346 0.2967844 -0.1199705 -0.8128143 -0.5700351 -0.5049415 -0.6057467 0.6149025 -0.5707463 -0.494661 -0.6554076 0.6267496 -0.4500414 0.6361191 0.1312644 -0.7814826 0.6099629 0.4290346 -0.6107746 -0.665495 0.9908887 0.04650729 0.1263989 0.8879862 -0.3366266 -0.3133099 0.2527335 -0.890076 -0.3793291 0.2428133 -0.6242768 -0.7425094 0.5605827 -0.5240508 -0.6411848 -0.03543299 -0.8419686 0.5383619 0.2056362 -0.7232974 -0.6592078 0.265975 -0.9133793 0.3082137 0.1939175 -0.6915295 -0.6958326 0.3531133 -0.3168864 -0.8802807 0.6762109 -0.2392389 -0.6967808 0.4739087 -0.5690079 -0.6720422 -0.9871823 0.1594998 -0.005567848 -0.9849495 0.1695333 0.03365933 -0.9783018 0.1598681 0.1317867 -0.8955487 -0.4449603 0.001706898 -0.9129644 -0.4074195 -0.02248317 0.9192611 -0.168518 -0.3557539 0.9834742 -0.1558153 -0.09219634 -0.006767094 -0.01528531 0.9998603 0.003359794 -0.07623422 0.9970843 0.01278066 -0.08621668 0.9961945 0.1982808 -0.1572081 0.9674557 0.01426929 -0.02818703 0.9995009 0.1310719 0.04570204 0.990319 0.02809834 -0.03256517 0.9990746 -0.008042752 -0.115858 0.9932333 -0.004396021 -0.05009084 0.998735 -0.03437185 -0.04885584 0.9982143 0.01379394 -0.03232991 0.9993821 -0.002520918 -0.05138921 0.9986755 0.004013776 -0.04799318 0.9988396 0.001484751 -0.03430467 0.9994103 -0.01506853 0.02254116 -0.9996324 -0.02047032 0.04501169 -0.9987768 -0.005905389 -0.005702376 -0.9999663 0.01950126 0.05000728 -0.9985585 0.01365864 0.010697 -0.9998496 -0.07204777 0.06301856 -0.9954084 -0.01823133 -0.01607477 -0.9997047 -0.00552082 0.03347772 -0.9994242 -0.01295739 0.03640258 -0.9992532 0.02405035 0.02514678 -0.9993944 -0.01522004 0.03855472 -0.9991407 -0.01859074 0.01950156 -0.9996371 0.005129098 0.01853781 -0.9998151 -0.02475899 0.01964926 -0.9995003 0.01925301 0.01054561 -0.9997591 0.004117786 0.003737688 -0.9999846 0.01575791 0.005844593 -0.9998589 -0.0219503 -0.004456937 -0.9997492 0.01232284 0.02645617 -0.9995741 -0.007423102 0.03160113 -0.999473 -0.01001608 0.04885846 -0.9987555 -6.2731e-4 0.008763015 -0.9999614 0.0167306 0.0372501 -0.9991659 0.01446425 0.0194621 -0.999706 -0.036623 0.006324589 -0.9993091 -0.03126025 -0.03465545 -0.9989103 -0.00962907 0.0646336 -0.9978626 -0.01947647 -0.01969516 -0.9996163 -0.8732401 -0.2242841 0.4326068 -0.7550059 -0.0810275 -0.6506924 -0.7324674 -0.2278279 0.6415498 -0.5132372 0.5494632 -0.659301 -0.6848219 0.3140432 0.6575682 -0.8166574 0.2913342 -0.4981918 0.2410846 -0.970232 0.02297902 0.2580584 -0.9585956 0.1204181 -0.008220911 -0.01771515 0.9998093 0.01406234 -0.01493459 0.9997896 0.01334244 -0.03788477 0.9991931 0.01215845 0.0448383 0.9989203 0.0153324 0.0476557 0.9987462 0.1202438 0.009009718 0.9927036 0.08861827 0.005753815 0.9960491 0.1306299 -0.0313065 0.9909369 0.02289098 -0.03949344 0.9989577 0.004940986 -0.04780924 0.9988443 -0.03932482 -0.01990789 0.9990282 -0.00307244 -0.03063297 0.999526 -0.05480533 -0.02814114 0.9981004 -0.05956441 0.1028906 0.9929077 -0.03361093 0.009993195 0.9993851 0.02303284 0.01279681 -0.9996529 0.02464139 0.01559102 -0.9995748 0.02292251 0.02162003 -0.9995035 0.0252459 0.0180546 -0.9995182 0.02026695 0.01812261 -0.9996304 0.05861061 0.09638977 -0.9936165 0.01325374 -0.09476858 -0.9954111 0.06720012 -0.02778184 -0.9973527 -0.5712011 0.1341633 0.8097713 -0.5229826 0.2048776 -0.8273538 -0.2356072 0.5638704 0.7915426 -0.5091225 -0.2442762 -0.8253021 -0.5000205 0.09558492 0.8607225 -0.7963919 -0.1176505 0.5932272 -0.3132504 0.4747892 0.8224655 -0.3913508 0.6815296 0.6183543 -0.1045024 0.03371459 0.9939531 0.004580914 0.06805574 0.9976711 -0.00504148 0.04814958 0.9988275 -0.05374789 -0.04088389 0.9977173 0.06583386 0.008070826 0.997798 0.07542586 0.03220111 0.9966314 0.07528114 -0.05699849 0.995532 0.1104179 -0.03944486 0.9931023 -0.02541214 -0.09109687 0.9955178 0.07112425 -0.1689462 0.9830557 -0.09777665 -0.1229575 0.9875835 -0.04018288 0.02422821 0.9988986 -0.5030086 0.08697813 0.8598937 -0.3162404 0.5009733 -0.8056164 -0.3860028 0.07312321 -0.919595 0.9875993 -0.1440435 -0.06244385 0.9063467 0.4156078 -0.07619744 0.9020799 0.3769767 -0.2100964 0.03300589 0.04108548 -0.9986104 0.01539283 0.006215512 -0.9998623 0.09509509 0.009977579 -0.9954183 0.0420528 0.03912371 -0.9983491 0.01252347 0.06929385 -0.9975177 0.05861163 -0.04990333 0.9970328 0.02538448 -0.009227573 0.9996353 0.03442668 -0.001039922 0.9994067 0.00992608 0.01516485 0.9998358 0.07018184 -0.02260607 0.9972781 0.1107097 -0.04413604 0.9928724 0.5931425 -0.5513921 0.5866419 0.7680152 -0.4163122 -0.4866589 0.7278548 0.1156376 -0.6759109 0.7442787 -0.06729543 -0.6644702 0.5803536 -0.7910889 -0.1933088 0.4658747 -0.4157317 0.781107 0.4033708 0.1721581 0.8986956 0.627537 0.3727317 0.6835704 0.4278534 0.547612 -0.7190708 0.6694583 0.01879948 -0.7426117 0.4743877 0.7175326 -0.5100033 0.9114583 0.01483231 -0.4111252 0.7177889 -0.5595147 -0.4143942 0.4207662 -0.483788 0.7674016 -0.5163857 -0.6102018 0.6008325 0.7906144 0.1038892 -0.6034367 0.7845944 0.1077642 0.6105724 0.8595163 -0.5111075 0.001037657 0.3907117 -0.8661459 -0.311666 0.9434887 -0.2821158 -0.1738961 0.4613317 -0.8855519 0.05450767 0.9270113 -0.3422998 -0.1532353 0.8621814 -0.1066663 0.4952431 0.6865322 0.7016087 -0.1908373 0.9413727 0.3323264 0.05810904 0.9548216 -0.1568378 -0.2524237 0.9717246 -0.07740235 0.2230696 0.9692268 -0.1015868 0.2242311 0.9180034 -0.3964015 -0.01164996 0.818812 -0.09232932 -0.5665883 0.9843093 -0.1629739 -0.06763643 0.9705907 -0.06457781 0.2319126 0.6083449 0.574926 0.5471533 0.9767714 0.2126892 0.02609401 0.641216 0.4270907 -0.6375231 0.8421236 -0.2775135 -0.4624004 0.5928334 -0.6796907 -0.4319367 0.9111526 -0.3285093 0.2487625 0.985968 -0.1433343 -0.08557134 0.7814025 -0.3423633 0.5217254 0.9028995 -0.4264325 0.05411028 0.9066045 -0.1732362 0.3847828 0.9121068 -0.409854 -0.009004235 0.6060222 -0.1190864 -0.786483 0.9495283 -0.2591342 0.1767643 0.9403625 -0.3151124 0.1281508 -0.4104712 0.2613959 -0.873605 0.5626316 -0.1492213 -0.8131291 0.02481395 -0.8376446 0.5456517 0.2913626 -0.2594971 0.9207438 0.7484034 -0.6612879 -0.05090045 0.3722156 -0.3944951 -0.8401364 0.996114 -0.08505678 0.02285879 0.6296174 -0.7720519 0.08670592 0.999207 -0.004303097 0.03958249 0.5655822 0.2728723 0.7782401 0.9239614 0.3817017 -0.02447813 -0.1064293 0.9420939 0.3180128 0.2953076 0.232045 0.9267948 0.9859882 -0.1667283 -0.005394816 0.9880287 -0.08918064 -0.1258822 0.9138092 -0.4061105 0.005196213 0.5461201 0.6700686 -0.5027534 0.3308898 -0.02782177 -0.9432592 0.4013522 -0.0555517 -0.9142377 0.4677939 -0.7965627 0.3829581 0.8055835 -0.5212672 -0.2816307 0.3978197 -0.9037085 -0.1582733 0.9539728 -0.1032163 0.2815712 0.9462752 -0.3218545 0.03119051 0.9364483 -0.3252117 -0.1315373 0.4361149 -0.8971636 0.0700103 0.9165908 -0.08130383 0.3914731 0.7352448 0.5897585 -0.3340662 0.9940469 -0.05795627 0.09226006 0.6899544 0.0444613 0.722486 0.9230601 -0.0891996 0.3741706 0.9468732 0.1117404 0.3015714 0.9958056 -0.05430054 -0.07363891 0.9591854 -0.1660757 0.228872 0.9796088 -0.1946896 -0.04962509 0.3026536 0.7916317 0.5307731 0.7412647 0.6026106 -0.2956133 0.7863143 -0.4202574 -0.4528727 0.3410751 -0.1899592 -0.9206429 0.08728331 -0.7810566 0.6183303 0.238543 -0.7537967 0.6122809 0.1609009 0.9528993 0.2570876 0.02523505 0.9554504 0.2940711 0.8909654 -0.1252756 -0.4364482 0.8808077 -0.09024608 -0.464794 0.9859628 -0.1668518 -0.006173372 0.6866939 -0.05396658 0.7249408 0.8483399 0.3309099 -0.4133016 0.2207753 -0.9610892 0.1660295 0.4577772 0.8591773 -0.2285926 0.5181139 -0.220613 -0.8263703 0.08663731 -0.781051 0.6184281 -0.2338507 -0.7777391 0.5834689 0.3216896 0.9143933 0.245766 0.02876484 0.9474185 0.3187016 0.9461742 -0.1318995 -0.2955622 0.9233304 0.01093137 -0.3838508 0.9720838 -0.2336757 -0.02118295 0.7559335 -0.01581448 0.6544575 0.8483229 0.3308578 -0.413378 0.2631236 -0.9534333 0.147414</float_array>
          <technique_common>
            <accessor source="#outDx_003-mesh-normals-array" count="336" stride="3">
              <param name="X" type="float"/>
              <param name="Y" type="float"/>
              <param name="Z" type="float"/>
            </accessor>
          </technique_common>
        </source>
        <vertices id="outDx_003-mesh-vertices">
          <input semantic="POSITION" source="#outDx_003-mesh-positions"/>
        </vertices>
        <triangles material="Material_1_002-material" count="330">
          <input semantic="VERTEX" source="#outDx_003-mesh-vertices" offset="0"/>
          <input semantic="NORMAL" source="#outDx_003-mesh-normals" offset="1"/>
          <p>17 0 18 1 19 2 18 1 8 3 3 4 8 3 7 5 2 6 7 5 5 7 1 8 8 3 2 6 3 4 7 5 1 8 2 6 18 1 3 4 19 2 17 0 19 2 97 9 24 10 27 11 25 12 26 13 90 14 27 11 24 10 26 13 27 11 22 15 25 12 23 16 22 15 24 10 25 12 21 17 23 16 20 18 21 17 22 15 23 16 30 19 11 20 28 21 16 22 10 23 11 20 13 24 9 25 10 23 16 22 13 24 10 23 30 19 16 22 11 20 29 26 30 19 28 21 29 26 28 21 94 27 110 28 123 29 31 30 89 31 31 30 32 32 89 31 32 32 33 33 34 34 33 33 35 35 109 36 33 33 34 34 89 31 33 33 109 36 110 28 31 30 89 31 36 37 134 38 132 39 134 38 36 37 113 40 99 41 52 42 133 43 99 41 101 44 52 42 102 45 132 39 134 38 102 45 99 41 132 39 102 45 101 44 99 41 44 46 45 46 46 46 48 47 47 47 50 47 49 48 48 48 50 48 46 49 133 49 52 49 133 50 46 50 45 50 52 51 55 51 46 51 53 52 54 52 64 52 56 53 57 53 58 53 56 54 39 54 57 54 62 55 55 55 52 55 59 56 42 56 62 56 133 57 45 57 60 57 41 58 38 58 106 58 41 59 106 59 61 59 51 60 41 60 61 60 62 61 54 61 55 61 59 62 58 62 57 62 43 63 62 63 42 63 43 64 42 64 63 64 61 65 43 65 63 65 61 66 63 66 51 66 61 67 106 67 133 67 61 68 133 68 60 68 64 69 61 69 60 69 64 70 60 70 53 70 62 71 64 71 54 71 40 72 65 72 37 72 59 73 48 73 42 73 59 74 62 74 52 74 59 75 52 75 58 75 66 76 57 76 37 76 66 77 59 77 57 77 65 78 66 78 37 78 67 79 58 79 106 79 67 80 56 80 58 80 68 81 38 81 39 81 69 82 67 82 106 82 68 83 106 83 38 83 69 84 70 84 67 84 68 85 69 85 106 85 71 86 100 86 117 86 72 87 71 87 117 87 129 88 117 88 100 88 129 89 73 89 117 89 130 90 74 90 36 90 130 91 75 91 74 91 100 92 75 92 130 92 100 93 71 93 75 93 77 94 82 95 76 96 74 97 113 40 36 37 82 95 77 94 78 98 78 98 77 94 114 99 78 98 114 99 74 97 113 40 74 97 114 99 131 100 86 100 88 100 79 101 34 34 35 35 129 102 116 103 73 104 104 105 129 102 103 106 105 107 129 102 104 105 108 108 105 107 107 109 83 110 34 34 79 101 85 111 83 110 79 101 116 103 85 111 79 101 108 108 85 111 116 103 108 108 129 102 105 107 108 108 116 103 129 102 112 112 80 112 115 112 126 113 112 113 115 113 125 114 126 114 115 114 82 115 81 115 76 115 80 116 76 116 81 116 131 117 88 117 107 117 105 118 131 118 107 118 81 119 3 119 2 119 72 120 2 120 1 120 72 121 115 121 2 121 72 122 1 122 75 122 1 123 4 123 75 123 75 124 71 124 72 124 75 125 4 125 74 125 81 126 2 126 115 126 82 127 19 127 3 127 81 128 82 128 3 128 78 129 97 129 19 129 78 130 19 130 82 130 74 131 4 131 97 131 74 132 97 132 78 132 83 133 15 133 14 133 110 134 13 134 16 134 76 135 18 135 17 135 80 136 8 136 18 136 87 137 5 137 7 137 87 138 6 138 5 138 80 139 7 139 8 139 86 140 87 140 7 140 80 141 86 141 7 141 107 142 111 142 30 142 80 143 88 143 86 143 107 144 30 144 29 144 107 145 88 145 111 145 107 146 29 146 94 146 85 147 94 147 15 147 108 148 107 148 94 148 85 149 108 149 94 149 83 150 85 150 15 150 89 151 14 151 13 151 89 152 83 152 14 152 110 153 89 153 13 153 111 154 16 154 30 154 111 155 110 155 16 155 80 156 111 156 88 156 76 157 80 157 18 157 114 158 17 158 84 158 114 159 76 159 17 159 6 160 114 160 84 160 115 161 80 162 81 163 111 164 126 165 123 29 111 164 123 29 110 28 112 166 126 165 111 164 72 167 125 167 115 167 72 168 127 168 125 168 120 169 125 169 124 169 120 170 124 170 121 170 20 171 125 171 120 171 90 172 32 172 31 172 90 173 31 173 27 173 91 174 35 174 32 174 91 175 32 175 90 175 91 176 120 176 35 176 92 177 120 177 91 177 20 178 120 178 92 178 23 179 126 179 125 179 23 180 125 180 20 180 25 181 126 181 23 181 27 182 31 182 126 182 27 183 126 183 25 183 122 184 127 184 117 184 128 185 122 185 117 185 118 186 128 186 117 186 118 187 117 187 73 187 118 188 119 188 128 188 0 189 118 189 73 189 116 190 0 190 73 190 116 191 79 191 0 191 12 192 9 25 15 193 93 194 12 192 15 193 28 21 93 194 94 27 15 193 94 27 93 194 14 195 15 193 9 25 13 24 14 195 9 25 91 196 90 14 95 197 92 198 91 196 96 199 20 18 92 198 96 199 96 199 21 17 20 18 95 197 96 199 91 196 26 13 95 197 90 14 96 200 95 200 12 200 96 201 28 201 21 201 96 202 93 202 28 202 95 203 9 203 12 203 22 204 28 204 11 204 22 205 21 205 28 205 24 206 11 206 10 206 24 207 22 207 11 207 26 208 10 208 9 208 26 209 24 209 10 209 95 210 26 210 9 210 96 211 12 211 93 211 4 212 1 8 5 7 97 9 4 212 84 213 84 213 17 0 97 9 6 214 84 213 4 212 5 7 6 214 4 212 98 215 113 215 87 215 98 216 87 216 86 216 131 217 98 217 86 217 99 218 100 218 130 218 103 219 129 219 100 219 103 220 100 220 133 220 99 221 133 221 100 221 132 222 99 222 130 222 131 223 105 223 58 223 101 224 98 224 131 224 102 225 134 225 98 225 101 226 102 226 98 226 52 227 101 227 131 227 52 228 131 228 58 228 58 229 103 106 106 230 58 229 104 105 103 106 105 107 104 105 58 229 133 43 106 230 103 106 83 110 89 31 109 36 83 110 109 36 34 34 80 162 112 166 111 164 6 214 87 231 113 40 114 99 6 214 113 40 77 94 76 96 114 99 117 232 127 233 72 234 120 235 121 236 118 237 120 235 118 237 0 238 119 239 118 237 121 236 128 240 119 239 121 236 35 35 0 238 79 101 0 238 35 35 120 235 122 241 128 240 121 236 122 241 121 236 124 242 32 32 35 35 33 33 122 241 125 243 127 233 124 242 125 243 122 241 126 165 31 30 123 29 130 244 36 37 132 39 113 40 98 245 134 38 135 246 53 247 60 248 136 249 53 247 135 246 53 247 136 249 54 250 54 250 136 249 55 251 137 252 46 253 55 251 137 252 44 254 46 253 55 255 136 255 135 255 137 256 55 256 135 256 44 257 135 257 60 257 44 258 60 258 45 258 44 259 137 259 135 259 62 260 138 261 64 262 139 263 64 262 138 261 64 262 139 263 61 264 140 265 61 264 139 263 61 264 140 265 43 266 138 261 62 260 43 266 138 267 141 267 142 267 43 268 141 268 138 268 43 269 140 269 141 269 139 270 142 270 140 270 138 271 142 271 139 271 143 272 140 265 142 273 140 265 143 272 141 274 141 274 143 272 142 273 144 275 51 275 63 275 145 276 51 276 144 276 145 277 50 277 51 277 145 278 146 278 50 278 146 279 49 279 50 279 147 280 48 280 49 280 48 281 147 282 42 283 148 284 42 283 147 282 148 285 146 285 63 285 148 286 63 286 42 286 146 287 144 287 63 287 146 288 145 288 144 288 148 289 147 289 49 289 148 290 49 290 146 290 149 291 51 291 50 291 149 292 41 292 51 292 150 293 41 293 149 293 150 294 40 294 41 294 150 295 65 296 40 297 151 298 65 296 150 295 65 296 151 298 66 299 152 300 66 299 151 298 66 299 152 300 59 301 153 302 48 281 59 301 153 302 47 303 48 281 47 304 149 304 50 304 59 305 152 305 151 305 153 306 59 306 151 306 47 307 151 307 150 307 47 308 150 308 149 308 47 309 153 309 151 309 154 310 40 310 37 310 154 311 41 311 40 311 155 312 39 312 38 312 156 313 39 313 155 313 156 314 157 314 57 314 156 315 57 315 39 315 157 316 154 316 37 316 157 317 37 317 57 317 38 318 41 318 154 318 155 319 38 319 154 319 154 320 157 320 155 320 156 321 155 321 158 321 157 322 156 322 158 322 157 323 158 323 155 323 159 324 68 324 39 324 160 325 67 325 70 325 160 326 161 326 56 326 160 327 56 327 67 327 161 328 159 328 39 328 161 329 39 329 56 329 70 330 69 330 159 330 69 331 68 331 159 331 159 332 161 332 70 332 160 333 70 333 162 333 161 334 160 334 162 334 161 335 162 335 70 335</p>
        </triangles>
      </mesh>
    </geometry>
    <geometry id="fix-1_002-mesh" name="fix-1.002">
      <mesh>
        <source id="fix-1_002-mesh-positions">
          <float_array id="fix-1_002-mesh-positions-array" count="861">0.02078771 -0.0187996 0.01977026 0.01991659 -0.01880931 0.02186286 0.02064484 -0.01646405 0.01977241 0.02213639 -0.0164408 0.02251535 0.02003395 -0.01645928 0.02207481 0.02301919 -0.01193541 0.02096211 0.02010971 -0.01195746 0.02006417 0.02163934 -0.01882719 0.02269238 0.0227946 -0.0187242 0.02083724 0.01868891 -0.011967 0.01943969 0.02326261 -0.01192873 0.01849275 0.02354687 -0.0119329 0.02355861 0.02053862 -0.01195174 0.02265739 0.0188862 -0.01196831 0.02343249 0.01958924 -0.01596087 0.02409809 0.02489614 -0.01626843 0.0212664 0.01996225 -0.01664274 0.01637333 0.01813983 -0.01602435 0.02008491 0.02199715 -0.01614332 0.017892 0.02023029 -0.01653367 0.02488315 0.02298736 -0.01603126 0.02404576 0.01679998 -0.01609599 0.02881062 0.02425402 -0.01634818 0.02423971 0.03152084 -0.03802961 0.01150047 0.01642817 -0.030173 0.02709305 0.01599156 -0.05211699 0.01446264 0.01681143 -0.04746961 0.0188331 0.01952296 -0.007862627 0.02771222 0.002189397 -0.01285976 0.03353744 -0.007938563 -0.04313194 0.02429813 5.7462e-4 -0.01335382 0.03338164 -0.015208 -0.05237644 0.01438409 -0.01001054 -0.052706 0.01463347 -0.00521326 -0.01304978 0.03311353 -0.002379 -0.02398872 0.03239119 -0.002568244 -0.01238542 0.03285515 8.44942e-4 -0.009600579 0.03352582 -0.007782101 -0.008070647 0.03258657 0.007057607 -0.007953882 0.03314095 0.01076585 -0.05257737 0.01456737 0.002988696 -0.05224293 0.01701766 -0.002047896 -0.05225211 0.01706826 -0.001980483 -0.02578067 0.0316894 -0.002603352 -0.01993095 0.03249245 0.002134084 -0.02836787 0.03139555 0.001779675 -0.02576571 0.03155022 -0.002562522 -0.01635962 0.0332573 5.99242e-4 -0.01709187 0.03333121 0.001945436 -0.01778501 0.03286379 0.002113044 -0.01615303 0.03307408 8.19322e-4 -0.01560038 0.03275829 0.001238822 -0.01939386 0.03242707 0.001333296 -0.02223628 0.03267329 0.002141237 -0.0215466 0.03274911 0.001476049 -0.02452015 0.03165447 -0.001243233 -0.01993006 0.03261536 -0.001704692 -0.01812982 0.03281897 0.002184689 -0.02481979 0.03232824 -0.001203298 -0.0224204 0.03204536 -0.00162208 -0.0222429 0.03268378 -0.00116074 -0.02118796 0.03264641 0.003089547 -0.03829061 0.02764779 0.01310896 -0.03455543 0.02735531 0.01544821 -0.04937624 0.01875543 0.00109595 -0.049102 0.02098113 0.0113964 -0.02116703 0.03127485 0.001580834 -0.01171207 0.03353512 -4.45009e-4 -0.04881685 0.02119362 -0.0149331 -0.04918575 0.01907533 -0.002061307 -0.02881222 0.03116327 0.01637393 -0.05253082 0.01117682 0.02959877 -0.0343815 0.01641422 0.03151595 -0.00780332 0.01132118 0.02976298 -0.007666826 0.016393 0.023198 -0.007812559 0.02492791 -0.03111225 -0.03847044 0.0116809 -0.0157423 -0.05269318 0.01117318 -0.02043247 -0.04635125 0.01583272 -0.01157033 -0.03349268 0.02827435 -0.01611417 -0.03089439 0.026533 -0.01119506 -0.02171713 0.03118705 -0.01666277 -0.01626586 0.02884447 -0.01934587 -0.008137583 0.0277394 -0.02914017 -0.03366845 0.01649791 -0.03113484 -0.008274078 0.01108682 -0.03135991 -0.008229494 0.01165992 -0.02280926 -0.008138597 0.02519297 -0.02997952 -0.008152902 0.01558917 -0.03135281 -0.01002442 0.01165854 -0.03135561 -0.009127497 0.01165926 -0.03208357 -0.00811237 0.01003426 0.01013767 -0.05243283 -0.004277586 0.01022827 -0.05424708 -0.004222452 -0.03034693 -0.03824186 0.01067417 -0.01534146 -0.05151045 0.01049464 -0.01078712 -0.05205887 0.009380936 0.03068262 -0.008261561 0.01001113 0.03080517 -0.03802973 0.01073527 0.01609462 -0.05126672 0.01050603 -0.009577095 -0.05257129 -0.004181146 3.38753e-4 -0.04845869 -0.00499773 -0.001675188 -0.05216759 -0.005001783 -0.009197175 -0.05445665 -0.004412472 0.002400517 -0.05212837 -0.005002975 -0.00995022 -0.05253392 0.01099693 0.01071178 -0.05237632 0.01098853 -0.01618868 -0.04762554 0.01886302 -0.01922285 -0.01681828 0.01649945 -0.02875852 -0.01644766 0.01677864 0.01144289 -0.05197054 0.009318649 -0.01022398 -0.05446153 0.008390784 0.033809 -0.008090913 0.007185995 0.01160913 -0.007945299 0.03161585 -1.20742e-4 -0.007836103 0.03411066 -0.01178741 -0.008070766 0.03148198 -0.03275847 -0.004737138 0.007009208 -0.03373605 -0.008552134 0.007167994 -0.03318101 -0.009399414 0.009587109 0.03413921 -0.003258764 0.007123947 -0.03349089 -0.003734707 0.006905257 -0.03285068 -0.003737032 0.01224386 -0.02952539 -0.003709554 0.01487553 -0.00303024 -0.003521203 0.03497415 -0.005853295 -0.003545165 0.03204238 -0.004241943 -0.004028618 0.02922815 0.004278242 -0.003970265 0.02923101 0.00627774 -0.003457307 0.03222411 0.009572386 -0.003432512 0.0339446 0.03267407 -0.003269433 0.0128858 0.03271687 -0.003858864 0.007025539 0.0291261 -0.003294169 0.01573115 0.02848631 -0.00331068 0.02062571 0.02296692 -0.003339588 0.02384841 0.01465779 -0.003893077 0.02967518 -0.01470571 -0.003600835 0.02968657 -0.01590013 -0.003620803 0.03137356 -0.0235942 -0.00366646 0.02317833 -0.02843046 -0.003704726 0.0206874 -0.02257215 -0.003671884 0.02701842 -0.0335375 -0.008976936 0.009796738 -0.0334804 -0.009164512 0.009988367 -0.03340435 -0.01023876 0.01027458 -0.0334804 -0.009164512 0.009988367 -0.03343683 -0.009341239 0.01013267 -0.0334804 -0.009164512 0.009988367 -0.0334804 -0.009164512 0.009988367 -0.03003001 -0.01932114 0.01833671 -0.02573806 -0.01908779 0.02472424 -0.03128159 -0.04048126 0.0117619 -0.03188532 -0.04051703 0.01068699 -0.03156346 -0.03791719 0.01432406 -0.03127789 -0.04047966 0.01176762 -0.03127789 -0.04047966 0.01176762 -0.03127789 -0.04047966 0.01176762 -0.03127789 -0.04047966 0.01176762 -0.03127712 -0.04047966 0.0117684 -0.02978014 -0.03400647 0.01809686 -0.01504826 -0.04852551 0.0212813 -0.01369416 -0.03617322 0.02812045 -0.01756519 -0.03283381 0.02715051 -0.01176166 -0.0220673 0.03257799 -0.01810604 -0.01927703 0.02957963 -0.02417308 -0.04660266 0.01327562 -0.01546651 -0.05366337 0.01552408 -0.01405572 -0.0495392 0.02075886 -0.01407426 -0.05029338 0.02019029 -0.01407551 -0.04982942 0.02054601 -0.01466685 -0.05171829 0.01889491 -0.01631873 -0.05428481 0.01020222 -0.002601921 -0.03187114 0.03194308 -0.006069242 -0.01884913 0.03419327 0.002579927 -0.01890337 0.03476721 0.01509433 -0.05419659 0.01221507 0.01150941 -0.054277 0.009392321 0.001310825 -0.05403161 0.01669359 -0.003170311 -0.05080896 0.02136313 0.01501345 -0.05414909 0.01275604 0.01639473 -0.05290228 0.01660794 0.01517617 -0.05032253 0.02028244 -9.77124e-5 -0.04167932 0.02776128 0.006839513 -0.03252428 0.03113746 0.01169413 -0.02143061 0.03278285 0.01506012 -0.05417186 0.0124908 0.01502531 -0.05415403 0.01269805 0.0176692 -0.05341047 0.01210635 0.01425153 -0.03601777 0.02810841 0.01829725 -0.05280399 0.01263934 0.01829683 -0.05280399 0.01264119 0.01829683 -0.05280399 0.01264119 0.01829683 -0.05280399 0.01264119 0.01829683 -0.05280399 0.01264119 0.02537697 -0.04674685 0.01063537 0.02025657 -0.003366053 0.02897763 0.0264005 -0.01869857 0.02439248 0.01801884 -0.04730522 0.02021902 0.03217893 -0.03763914 0.01404929 0.03019696 -0.03269863 0.01820921 0.03347069 -0.01029497 0.01066994 0.03359961 -0.008690834 0.01001155 0.03359961 -0.008690834 0.01001155 0.03359961 -0.008690834 0.01001155 0.03359961 -0.008690834 0.01001155 0.0335583 -0.008867144 0.01015567 -0.03032332 -0.004749655 0.01434576 -0.02382475 -0.004715561 0.02368575 -0.01343995 -0.00463283 0.03078901 -0.006244778 -0.004540443 0.03222042 -0.002893209 -0.004593312 0.03390443 0.00589019 -0.004447996 0.03204846 0.01142519 -0.004491984 0.03224813 0.02350944 -0.0043751 0.0240575 0.01807588 -0.03096944 0.02744108 0.01821041 -0.01944065 0.02934771 0.01840728 -0.01945424 0.02879905 0.01832854 -0.01944679 0.02908122 0.01973575 -0.0190941 0.0179845 0.02017235 -0.04802757 0.01768493 0.03327113 -0.008965492 0.009659051 0.03360831 -0.008728802 0.009971916 0.03353673 -0.009110331 0.01019889 0.03333497 -0.03899943 0.01023536 0.01728582 -0.05399811 0.01020663 -0.01206779 -0.05446809 0.009975612 -0.03259229 -0.03987151 0.01020097 -0.03348863 -0.009202599 0.00994879 0.02041697 -0.04645031 0.01612484 0.0278685 -0.0340839 0.01676613 0.02800136 -0.03377389 0.01677674 0.02794176 -0.03393137 0.01677244 0.0287978 -0.01606076 0.01686519 0.0167011 -0.01665204 0.01904571 -0.01975816 -0.01646465 0.02443754 -0.01956832 -0.01638805 0.01825553 -0.02272593 -0.01641678 0.01832896 -0.02436542 -0.01663535 0.02013641 -0.01765769 -0.01642876 0.0216313 -0.02367752 -0.01226401 0.01935118 -0.01934003 -0.0122323 0.01843941 -0.0182628 -0.01222908 0.02234357 -0.02098739 -0.01224702 0.02444463 -0.0240249 -0.01226979 0.02227348 -0.0223155 -0.01225703 0.02004957 -0.01940602 -0.01223504 0.02094745 -0.02188652 -0.01225131 0.02264285 -0.02059423 -0.01902902 0.01981496 -0.02178037 -0.01676362 0.0197578 -0.02028888 -0.01674038 0.02250075 -0.0223912 -0.01675879 0.02206027 -0.02266323 -0.01902824 0.02122515 -0.02091127 -0.019131 0.02272933 -0.01957702 -0.01909375 0.02129113 -0.02387559 -0.01644259 0.0231719 -0.0218144 -0.01669049 0.02516859 -0.02421224 -0.01658236 0.02409183 -0.01741623 -0.04736137 0.02010202 -0.01784902 -0.01932275 0.0198307 -0.01939362 -0.04829484 0.0177266 -0.0200591 -0.01936978 0.01786935 0.0301184 -0.01896506 0.01833194 0.0182349 -0.01903414 0.02048927 0.01836645 -0.01903313 0.02954405 -0.01632124 -0.01689934 0.01961225 -0.001909673 -0.0281257 0.03050827 0.002236843 -0.02841311 0.03042852 -9.67985e-4 -0.02666783 0.03130751 0.001364588 -0.02731454 0.03102499 -0.001467645 -0.0277152 0.03147107 -0.001566886 -0.0271874 0.03160154 -0.001532316 -0.02708315 0.03162992 -0.001553118 -0.02713429 0.03161573 6.56208e-4 -0.01291078 0.03269076 4.58493e-4 -0.009779393 0.03269749 7.04105e-4 -0.01170301 0.03269577 0.002075314 -0.01223433 0.03263819 -1.45561e-4 -0.01134955 0.03349411 5.9907e-4 -0.01698464 0.03252875 -0.002421557 -0.01614743 0.03250604 5.92576e-4 -0.01366937 0.03268814 -1.17696e-4 -0.01527947 0.03342884 0.001711547 -0.02115434 0.03202015 -0.002343475 -0.0233938 0.03157168 0.001666665 -0.02219164 0.03185784 0.03018152 -0.004324078 0.01471114 -0.006602287 -0.008058488 0.03296732 -9.43852e-4 -0.008088052 0.03365409 0.009575963 -0.008279085 0.03235191 0.03244996 -0.007546305 0.009987175</float_array>
          <technique_common>
            <accessor source="#fix-1_002-mesh-positions-array" count="287" stride="3">
              <param name="X" type="float"/>
              <param name="Y" type="float"/>
              <param name="Z" type="float"/>
            </accessor>
          </technique_common>
        </source>
        <source id="fix-1_002-mesh-normals">
          <float_array id="fix-1_002-mesh-normals-array" count="1299">0.3904269 0.01095622 0.9205688 0.137032 -0.8590593 0.493193 -0.4127399 -0.8910042 0.1890961 0.4908167 -0.8576321 -0.1535137 0.8543226 0.008087575 -0.5196802 -0.3004294 0.9523162 0.05325567 0.2172933 0.9416248 0.2571508 -0.02257001 -0.9992923 0.03009408 -0.07125866 -0.9765764 0.2030291 0.1020055 -0.9940637 0.0378471 0.03827983 -0.9987665 -0.0316264 0.003312289 -0.9995894 -0.02846193 0.03223139 -0.9993733 -0.0146417 0.1340062 -0.9909789 -0.001837491 0.1173074 -0.9886425 0.0939421 0.008328735 -0.9927638 0.1197946 -0.09064257 -0.8735565 -0.4782083 -0.4862672 0.01086491 -0.8737427 -0.007007062 0.9999752 6.77363e-4 -0.007832884 0.9999662 0.002557635 -0.008155465 0.999965 0.00190854 -0.01219785 0.9999246 0.001510143 -0.007724344 0.9999583 0.004893898 -0.006355047 0.9999797 3.22982e-4 -0.01025563 0.9999473 -5.01843e-4 -0.211498 0.7919732 0.5727539 0.5195014 0.6421589 0.5636935 -0.5674657 0.6074758 0.5558381 -0.6950474 0.6981603 -0.1717017 0.2890745 0.5668267 0.7714555 0.465746 0.88489 0.007110834 -0.6228711 0.6204906 -0.4764694 0.4557427 0.626406 -0.6323877 0.02856558 0.800906 -0.5981083 -0.2698821 0.5471804 -0.7923114 -0.7706645 0.5224538 -0.364854 -0.005786299 0.9991004 0.04201215 -0.04968285 0.9666259 -0.2513283 0.428003 0.8599623 0.2779898 -0.1405879 0.9885469 -0.05486589 0.1426167 0.9334024 -0.3292728 -0.4783688 0.7235962 -0.4975658 0.1068177 0.9704545 0.2163517 -0.6335389 0.2135702 -0.7436507 -0.3866132 0.8579162 -0.3383933 -0.9215179 0.3809978 0.07513749 -0.3567667 0.8408585 0.4070314 -0.8105862 0.152229 -0.5654877 -0.3612605 0.6345636 -0.6832423 -0.3398042 0.3530191 -0.8717287 -0.3262221 0.1248854 -0.9370073 -0.6132561 0.3134034 -0.7250486 -0.6147177 0.4139013 -0.6714224 -0.6309024 0.1562301 -0.75997 -0.6813668 -0.05829125 -0.7296174 -0.2275825 -0.004364252 -0.973749 -0.5404638 -0.05383574 -0.8396432 0.3072062 0.3326286 -0.891618 0.1362979 0.4887621 -0.8617045 0.3734645 0.6217694 -0.6884236 0.1253712 0.003021359 -0.9921053 0.2564561 -0.03073322 -0.9660671 0.1029422 0.9673461 0.2316125 -0.02609413 0.9844983 -0.1734424 0.2158622 0.167764 -0.9619038 -5.18822e-4 -0.3854235 -0.9227396 0.653846 0.01767069 -0.7564213 -0.03515851 0.9652729 -0.258867 0.05053991 0.2024345 -0.9779908 -0.06558603 0.0774275 -0.9948384 -0.04226863 0.05591058 -0.9975407 -0.02389603 0.04910439 -0.9985078 -0.3008909 0.3204233 -0.8982169 -0.08105915 0.1873883 -0.9789357 -0.2487945 0.6414272 -0.725722 -0.1899186 0.04727363 -0.9806611 0.3234454 -0.2771474 -0.90475 -0.3822526 0.2660356 -0.8849339 0.1760051 0.1338579 -0.9752458 -0.1800943 0.5122053 -0.839769 -0.06552577 0.7423004 -0.6668556 -0.05783396 0.4373103 -0.8974491 -0.1012924 0.09595167 -0.9902188 0.3436833 0.8830595 -0.3195117 -0.1346182 0.9549928 0.2643229 0.341359 0.853901 0.3928451 0.03051948 0.9843764 -0.1734119 0.3781932 0.8834681 -0.2765034 0.3332724 0.006683707 -0.9428069 0.05908435 0.2127465 -0.9753195 0.1967553 -0.05526971 -0.9788936 0.06369316 -0.1981295 -0.9781043 0.3973634 0.3703231 -0.8396208 -0.4330382 0.8561882 -0.2818151 0.1419125 0.02203458 -0.989634 -0.09860616 0.01913523 -0.9949426 0.3372694 0.1323319 -0.932061 0.12928 0.8003096 -0.5854837 0.3846684 0.4078022 -0.8280869 -0.1866832 0.01849436 -0.9822461 -0.7774635 0.6211163 -0.09881949 -0.7165929 0.2079279 -0.6657783 -0.8756605 -0.03329658 -0.4817781 0.9129546 0.407738 0.01623624 0.6026645 0.4240961 -0.6759719 0.5495207 0.1037638 -0.8290115 0.8375012 0.1616894 -0.5219657 0.6215469 0.2238863 -0.7507027 0.6352576 0.2802885 -0.7196432 0.5321883 -0.06427276 -0.8441829 0.6725526 -0.05954301 -0.7376502 0.5194358 0.688939 -0.505519 0.8558753 0.4851303 -0.1792382 0.884988 -0.01138353 -0.4654747 0.7548521 -0.655666 0.01733464 0.7248927 0.2118034 -0.6554921 0.03531265 -6.29007e-4 0.9993761 0.9992355 0.006714224 -0.03851544 0.2684024 0.9586435 -0.09467321 0.06020987 0.9966653 0.05507451 -0.02681607 0.9996229 0.00591737 0.2819483 0.8966599 0.3413303 0.04285991 0.9983559 -0.03805971 0.9952781 0.02571618 -0.09359663 0.9941858 0.04669886 -0.09702563 -0.9414029 -0.02496343 -0.3363593 0.3884299 -0.01105773 -0.9214119 0.212143 -0.008526861 -0.9772015 0.1141422 0.1287869 -0.9850815 -0.2136868 0.1765276 -0.9608204 0.06159979 0.08312427 -0.9946336 -0.06102848 -0.2084848 -0.9761198 0.7665485 -0.3544795 -0.5354884 -0.8316276 0.3840886 -0.4010881 0.4624528 -0.132513 -0.8766857 0.1408465 -0.02752965 -0.9896486 0.2141497 0.1982417 -0.9564728 -0.07111042 0.07799404 -0.9944146 -0.1309702 0.1624825 -0.9779808 -0.08509737 0.1774408 -0.9804455 -0.2028818 -0.02464783 -0.978893 -0.3597063 0.8282089 0.4297457 0.01846224 0.999821 0.004140734 -0.07086592 0.9964253 0.04598456 -0.05539542 0.997554 -0.04263412 -0.9790852 -0.1876581 -0.07859206 -0.9773175 -0.196177 -0.07978183 -3.12324e-4 0.001260459 -0.9999992 0.0923177 -0.02563011 -0.9953998 0.01259857 -0.3043425 -0.9524794 0.0021739 -0.2560143 -0.9666706 -0.1078202 0.09963661 -0.989165 -0.8786182 0.4771156 -0.01976722 0.1844698 0.9826554 0.0189588 0.8717337 0.4898002 -0.01327818 0.1648992 0.9661101 0.1985941 0.7446699 0.02875936 -0.6668131 0.0128563 0.4943164 0.8691871 0.3436563 0.3770019 0.8600988 -0.8452262 0.0095191 0.534324 -0.1861943 0.9703258 0.154271 -0.01671189 0.465774 0.8847458 -0.352347 0.3767349 0.8566929 0.9997845 0.004806816 -0.02019721 0.9988842 0.03197103 0.03476095 0.3253661 0.5630809 -0.7596557 0.7684213 0.5683046 -0.2942085 -0.04101067 0.02423095 -0.9988648 -0.02860301 0.01692837 -0.9994476 -0.3144118 0.3235372 -0.8924511 0.3220065 0.3025965 -0.8970771 -0.5276727 -0.8250493 -0.202127 -0.1845188 -0.8430919 -0.5051227 -0.3588508 0.885316 -0.2957056 -0.8061692 0.05856662 -0.5887796 -0.5816655 0.3788349 -0.719826 0.2794695 -0.7082113 -0.6483315 -0.8614717 -0.3028442 -0.4076174 -0.6767723 -0.2912486 -0.6761314 -0.2440351 -0.5332087 -0.8100219 -0.05578923 0.480587 -0.8751707 0.09506905 -0.6245566 -0.7751716 0.2555688 -3.66232e-4 -0.9667908 0.3398917 -0.3109901 -0.8875578 0.6947803 -0.2671387 -0.6677704 0.8753021 -0.2656426 -0.4040795 0.8438549 -0.07938033 -0.5306673 0.6476308 0.09598481 -0.7558845 -0.3301573 -0.6322066 -0.7009359 -0.3298861 -0.2638418 -0.906401 0.3353793 -0.0285663 -0.9416501 -0.32524 0.1045883 -0.93983 0.07659381 -0.01802927 -0.9968994 0.06266015 -0.05753499 -0.9963752 -0.009503901 0.9999537 0.001573383 0.1053222 0.9883918 -0.1094936 -0.006799399 0.9962251 -0.08654046 -0.04751014 0.9893189 -0.1378077 -0.08737474 0.9911102 -0.1003304 -0.3813665 0.9195011 -0.09527599 -0.003534317 0.9999895 0.002916634 -0.004765033 0.9999849 0.002755701 -0.09946763 0.9939095 -0.04743522 -0.003220617 0.9999889 0.003453791 0.02999895 0.9969665 -0.07182002 -0.1213997 0.9610505 -0.2482823 -0.007107079 0.9999745 -8.06594e-4 -0.007943034 0.999949 0.006237208 -0.007462501 0.9999717 -9.83752e-4 -0.01058167 0.9999345 0.004368722 -0.008290529 0.9999654 7.26829e-4 -0.01038259 0.9999374 0.004182159 -0.01002013 0.9999415 0.00408554 -0.008929312 0.9999598 8.47249e-4 -0.7060006 0.6716665 0.2245602 -0.8158552 0.1059302 -0.5684709 -0.3976646 -0.00238049 0.9175279 -0.3511531 0.6821941 -0.6413289 -0.278548 -0.0121771 0.9603452 -0.963553 0.002990841 0.267501 0 0 1 -0.3402889 -0.05856627 0.9384953 -0.9670782 0.005296111 0.2544242 -0.9990148 -0.04095673 0.01709073 -0.816361 -0.2951523 0.4964271 -0.5254485 -0.1020866 0.8446789 -0.755935 -0.3498133 -0.5533472 -0.5990592 0.6866795 0.4118246 -0.5281429 -0.6597132 0.5346436 -0.4635823 0.6819146 0.5657597 -0.734414 -0.1969099 0.6495096 0.1829607 -0.8015785 -0.5692077 -0.8424199 -0.2577036 0.4731993 -0.2940487 -0.2286163 0.9280463 -0.06991845 0.5692967 0.8191537 -0.6692505 -0.5205315 0.5302366 -0.3234725 -0.1415173 0.9355953 -0.6555903 -0.2462927 0.7138215 -0.8310633 -0.1742025 0.5281926 -0.3323218 -0.3603993 0.8715932 -0.3675104 -0.5041747 0.7815012 -0.6860091 -0.2946622 0.6652562 -0.6228764 -0.4545297 0.6367323 -0.3090094 -0.7218156 0.6192702 -0.3649196 -0.7297477 -0.5781887 -0.3459913 -0.8740577 0.3410472 -0.6548898 -0.7019815 0.2798953 -0.3143525 0.6673124 0.6751865 -0.1542143 -0.576114 0.8026897 -0.2021273 -0.6007359 0.7734734 -0.3470959 0.5700393 -0.7447012 -0.0707125 -0.3068076 0.9491412 -0.1623315 -0.08929914 0.9826873 -5.7986e-4 -0.4825044 0.8758934 0.3519139 -0.8801359 -0.3186178 0.371631 -0.7082567 -0.600219 0.0929318 -0.9942027 0.05408048 0.01699918 -0.9384975 0.3448675 -0.03280842 -0.7051832 0.7082657 0.1857698 -0.9675781 0.1711207 0.3737705 -0.8137987 0.4450027 0.3068693 -0.6264347 0.716527 0.364432 -0.3567411 0.860189 0.1492379 -0.3190151 0.9359261 0.3196282 -0.1310497 0.9384369 0.06164807 -0.1091964 0.9921067 -0.06906419 0.6946404 0.7160342 0.1621182 -0.9772872 0.1364821 0.2083565 0.6903813 0.6927924 -0.0932359 0.990559 -0.1004995 0.5171541 -0.8375485 0.1762505 0.4263548 -0.5053998 0.7501952 0.3613526 -0.4258101 0.829524 0.6357753 -0.7599577 0.1351083 0.6906825 -0.7176311 -0.08923846 0.6518976 -0.2717766 0.7079315 0.5589251 -0.6420894 0.5247133 0.3690435 0.7079945 0.6021219 0.8386098 -0.1489037 0.5239862 0.6529268 -0.3248764 0.684209 0.6324381 -0.4360505 0.6402204 0.8077558 -0.3079098 0.5027148 0.5250859 -0.08380621 0.8469128 0.6593059 0.7209852 0.2132986 0.7277949 -0.1763713 0.6627276 0.5920727 0.6880251 0.4196087 0.9945748 -0.0159918 0.102787 0.04077357 -0.001983702 0.9991665 0.2355121 -0.008453607 0.9718347 0.5116561 0.2984787 0.805679 0.9720081 -0.009521961 0.2347542 0.5811995 0.6573439 -0.479694 0.03143739 -0.9950932 -0.09381532 -0.004347026 -0.9951291 -0.09848487 0.05195695 -0.9895535 -0.1344782 0.006843805 -0.9925279 -0.1218256 -0.0169903 -0.9873396 -0.1577079 -0.4865834 -0.4876841 -0.7248454 4.28232e-4 -0.9740832 -0.2261899 0.3810343 0.6505509 -0.65696 -0.1871111 0.877173 -0.4422183 -0.04968482 -0.8540117 -0.517876 0.6839594 0.6015583 -0.4127073 0.5933578 0.5768468 -0.5614039 -0.4758895 0.3819201 -0.7922539 0.2062176 -0.8507508 -0.4834227 0.06827068 0.8800111 -0.4700208 -0.6607665 0.6176432 -0.4265028 -0.5558779 0.5703746 -0.6047088 0.01082009 -0.9999364 -0.003215968 0.00847584 -0.9999641 3.0094e-4 0.008239269 -0.9999514 0.005433797 0.966138 -0.150733 -0.2094209 0.7584516 -0.617394 0.2087481 0.9934834 -0.02838259 0.110387 0.02047806 -0.9992766 0.0320447 0.9999241 -0.00773406 0.00959742 0.3886932 -0.5701607 0.7237641 -0.03333044 -0.009119749 0.9994028 -0.03562331 -0.01088434 0.9993061 0.2004159 0.01107823 -0.9796483 -0.1964223 0.0104376 -0.9804639 0.8297831 0.2736645 -0.4863825 0.93234 -0.2056403 -0.2974125 -0.8656861 0.3005867 -0.400294 -0.05072283 0.07156741 -0.9961453 0.0549764 0.009161829 -0.9984457 0.08383673 0.001155078 -0.9964789 0.144949 -0.02840745 -0.9890312 0.07596707 0.001563131 -0.9971092 -0.9992166 -0.003305256 -0.03943932 -0.9996411 0.02534532 0.008683979 -0.07651156 0.0332964 -0.9965126 0.07953339 0.9873007 -0.1375201 0.03170973 0.997232 -0.06725251 -0.02921837 0.9951573 0.09385401 -0.01441812 0.9705199 -0.2405897 0.03394484 0.9878308 -0.1517832 0.9325246 0.1054755 0.3453592 0.7720846 -0.2718772 0.5744285 -0.1001654 0.9946442 0.02549064 0.3647696 0.7266095 -0.5822215 -0.571418 0.6498838 -0.5011314 -0.5247145 0.8415635 -0.1282411 -0.6977205 0.6509352 0.2991146 -0.2198596 0.7850735 -0.5790695 0.4104509 0.6234436 -0.6654683 0.7177203 0.6273224 0.3022318 0.03869807 0.6167588 0.7862004 -0.5729998 0.734752 0.3630576 0.167308 0.8810986 0.4423499 -0.005785107 0.9999825 0.001275658 -0.006685435 0.9999731 0.003030478 -0.007846117 0.9999688 8.86172e-4 -0.006334602 0.9999796 9.26845e-4 -0.006060183 0.9999814 7.01097e-4 -0.006115674 0.9999811 6.76752e-4 -0.00898832 0.9999574 0.002109825 -0.008485674 0.9999638 -8.00921e-4 -0.3007985 0.9522336 0.0526458 -0.1554965 -0.7913081 0.5913142 -0.5713083 -0.8207064 -0.006927669 0.4615114 -0.01483231 0.8870103 0.2181819 0.9414265 0.2571244 0.8447785 -0.004455804 -0.5350976 0.4461949 -0.8934885 0.05087596 -0.2201535 -0.9693325 0.1092116 0.0345118 -0.9993157 0.01331496 -0.02507996 -0.9989228 -0.03904473 -0.01518869 -0.9997708 -0.0150938 0.1417096 -0.9677088 0.2084659 -1.13119e-4 -0.9948692 0.1011699 -0.05719089 -0.9944527 0.088279 0.003425061 -0.9997362 -0.02271533 -0.1303781 -0.9914637 0.001214504 -0.0429399 -0.8717383 -0.4880868 -0.4439993 -0.01663315 -0.8958727 0.1430119 0.9329655 -0.3303375 -0.9990387 -0.03516489 -0.02617454 -0.9998278 -0.01532965 0.01046824 -0.7268199 -0.6033688 0.3281447 -0.2620722 -0.5964149 0.7586879 0.02978962 -0.004249095 0.9995473 0.04673612 -0.01551598 0.9987868 -0.8066638 0.4082303 -0.4273661 0.8196613 0.3551245 -0.4494907 -0.4961213 0.02340823 -0.8679376 0.6441445 -0.3911989 -0.6572985 0.01565647 0.182598 -0.983063 -0.08356142 0.4015101 -0.9120346 0.2088423 0.5746141 -0.7913303 0.5047175 -0.0193488 -0.8630677 0.2957323 -0.5046675 -0.8110815 -0.07416099 -0.2383834 0.9683355 -0.1617686 -0.8219183 -0.5461514 -0.6422394 0.7541969 0.136806 0.673929 0.2318058 -0.7014883 0.8906445 0.1141114 -0.4401488 0.3284183 0.8837 -0.3334905 0.8637494 0.4584257 0.2092441 0.2979259 -0.8191701 -0.4901025 0.3375837 -0.7521523 -0.5659542 0.04651117 -0.535611 -0.843183 0.07281804 0.3082103 -0.9485273 0.7300473 0.13993 -0.6689175 -0.1949164 0.8031185 -0.563035 0.421598 -0.534002 -0.732869 -0.7014207 -0.08893001 -0.7071778 -0.2520907 -0.9178687 -0.3065408 -0.220874 -0.9667107 -0.1291713 -0.6462664 0.6881495 -0.3298333 -0.6355469 0.7659283 0.09712857 0.99293 0.1156145 -0.02689534 0.5095329 -0.8528507 -0.1141136 0.1754227 -0.6479778 -0.7411826 -0.7387419 -0.003234982 -0.6739807 -0.09922266 0.8364312 -0.5390155 0.4798725 -0.5324655 -0.6972826 -0.6013482 -0.09942746 -0.7927765 -0.8011953 -0.07802343 -0.5932947 0.8737388 0.06020468 -0.4826552 0.540865 -0.5651517 -0.6229515 0.09320634 -0.1652321 -0.9818406 -0.2189502 -0.7850907 -0.5793906 -0.9079616 0.3568764 0.2196472 -0.713312 0.03305166 -0.7000669 -0.07797706 0.996697 0.02269184 -0.6226326 0.7528694 -0.2133454 0.6905173 0.006643593 -0.7232854 0.8557978 0.07711881 -0.5115301 0.2810485 0.5821784 -0.7629418 0.04339832 0.8313133 -0.5541071 -0.08927005 -0.7909784 -0.6052967</float_array>
          <technique_common>
            <accessor source="#fix-1_002-mesh-normals-array" count="433" stride="3">
              <param name="X" type="float"/>
              <param name="Y" type="float"/>
              <param name="Z" type="float"/>
            </accessor>
          </technique_common>
        </source>
        <vertices id="fix-1_002-mesh-vertices">
          <input semantic="POSITION" source="#fix-1_002-mesh-positions"/>
        </vertices>
        <triangles material="Material_1_002-material" count="565">
          <input semantic="VERTEX" source="#fix-1_002-mesh-vertices" offset="0"/>
          <input semantic="NORMAL" source="#fix-1_002-mesh-normals" offset="1"/>
          <p>2 0 0 1 8 2 1 3 0 1 2 0 2 0 4 4 1 3 5 5 2 0 8 2 6 6 4 4 2 0 5 5 6 6 2 0 193 7 8 7 258 7 215 8 8 8 0 8 259 9 0 9 1 9 193 10 7 10 8 10 260 11 1 11 7 11 260 12 7 12 193 12 259 13 1 13 260 13 215 14 0 14 259 14 258 15 8 15 215 15 7 16 1 3 4 4 8 2 7 16 3 17 4 4 3 17 7 16 6 18 9 18 13 18 6 19 10 19 9 19 5 20 10 20 6 20 5 21 11 21 10 21 12 22 13 22 11 22 12 23 11 23 5 23 6 24 13 24 12 24 14 25 11 26 13 27 14 25 13 27 17 28 20 29 11 26 14 25 15 30 11 26 20 29 9 31 17 28 13 27 11 26 15 30 10 32 18 33 10 32 15 30 18 33 9 31 10 32 17 28 9 31 18 33 17 28 18 33 16 34 230 35 17 28 16 34 18 36 15 36 229 36 18 37 229 37 16 37 21 38 19 38 14 38 230 39 21 39 14 39 3 17 4 4 12 40 8 2 3 17 5 5 12 40 5 5 3 17 6 6 12 40 4 4 14 25 17 28 230 35 20 29 22 41 15 30 22 41 20 29 19 42 20 29 14 25 19 42 21 43 22 41 19 42 25 44 23 45 70 46 24 47 63 48 62 49 24 47 62 49 65 50 26 51 63 48 24 47 225 52 63 48 26 51 24 47 65 50 21 43 23 45 225 52 71 53 21 43 74 54 22 41 21 43 38 55 27 56 74 54 21 43 27 56 25 44 63 48 225 52 23 45 25 44 225 52 21 43 65 50 38 55 78 57 29 58 68 59 38 55 36 60 37 61 105 62 39 63 70 46 48 64 47 65 49 66 48 64 55 67 47 65 55 67 56 68 47 65 56 68 46 69 47 65 56 68 43 70 46 69 60 71 59 72 43 70 60 71 51 73 52 74 34 75 54 76 42 77 57 78 42 77 54 76 52 74 58 79 60 71 59 72 60 71 58 79 59 72 34 75 43 70 29 58 67 80 68 59 61 81 78 57 69 82 39 63 25 44 70 46 31 83 104 84 76 85 31 83 32 86 104 84 25 44 40 87 63 48 39 63 40 87 25 44 44 88 65 50 62 49 50 89 28 90 49 66 28 90 50 89 30 91 28 90 38 55 65 50 66 92 38 55 28 90 66 92 36 60 38 55 31 83 41 93 32 86 41 93 68 59 67 80 41 93 31 83 68 59 34 75 42 77 69 82 33 94 46 69 43 70 30 91 33 94 35 95 33 94 30 91 46 69 33 94 36 60 35 95 37 61 33 94 80 96 33 94 37 61 36 60 40 87 64 97 63 48 61 81 62 49 63 48 64 97 61 81 63 48 61 81 44 88 62 49 44 88 61 81 69 82 44 88 57 78 65 50 57 78 45 98 42 77 57 78 44 88 45 98 57 78 28 90 65 50 49 66 53 99 48 64 28 90 53 99 49 66 28 90 57 78 53 99 29 58 64 97 67 80 64 97 29 58 61 81 78 57 34 75 69 82 34 75 78 57 80 96 34 75 33 94 43 70 33 94 34 75 80 96 78 57 61 81 29 58 71 53 72 100 23 45 229 101 72 100 71 53 74 54 73 102 22 41 229 101 73 102 72 100 73 102 229 101 22 41 75 103 31 83 76 85 77 104 75 103 83 105 80 96 79 106 81 107 78 57 68 59 79 106 78 57 79 106 80 96 68 59 77 104 106 108 31 83 77 104 68 59 31 83 75 103 77 104 81 107 82 109 37 61 80 96 81 107 37 61 86 110 81 107 253 111 81 107 86 110 82 109 84 112 87 113 85 114 253 111 87 113 86 110 83 105 75 103 108 115 108 115 85 114 87 113 85 116 88 116 89 116 108 115 88 117 85 114 108 115 75 103 88 117 108 115 87 113 253 111 84 118 90 118 87 118 105 119 40 119 39 119 109 120 103 120 40 120 109 121 40 121 105 121 103 122 109 122 91 122 92 123 109 123 173 123 91 124 109 124 92 124 223 125 141 125 117 125 223 126 117 126 90 126 223 127 90 127 93 127 168 128 223 128 93 128 168 129 94 129 95 129 168 130 93 130 94 130 168 131 95 131 222 131 220 132 96 133 217 134 109 135 221 135 173 135 98 136 221 136 109 136 98 137 220 137 221 137 98 138 97 138 220 138 96 139 286 139 217 139 97 140 96 140 220 140 104 141 41 141 95 141 41 142 101 142 95 142 41 143 104 143 32 143 99 144 95 144 101 144 110 145 99 145 102 145 95 146 99 146 110 146 101 147 100 147 103 147 92 148 103 148 91 148 92 149 102 149 103 149 101 150 103 150 102 150 101 151 102 151 99 151 101 152 67 152 100 152 64 153 100 153 67 153 64 154 103 154 100 154 104 155 95 155 94 155 90 156 84 156 93 156 76 157 104 157 94 157 93 158 76 158 94 158 72 159 96 159 97 159 109 160 105 160 98 160 98 161 105 161 70 161 98 162 70 162 97 162 79 106 68 59 106 108 79 163 106 163 261 163 81 164 79 164 261 164 107 165 261 166 106 108 106 108 77 104 107 165 77 167 83 167 107 167 108 168 107 168 83 168 101 169 41 93 67 80 64 97 40 87 103 170 110 171 222 172 95 173 286 174 129 175 111 176 286 174 282 177 129 175 73 102 210 178 282 177 27 56 209 179 210 178 113 180 207 181 209 179 283 182 205 183 207 181 82 109 204 184 205 183 87 113 203 185 204 184 90 186 115 187 203 185 90 186 116 188 115 187 90 186 117 189 116 188 87 113 90 186 203 185 86 110 87 113 204 184 114 190 82 109 205 183 283 182 114 190 205 183 113 180 283 182 207 181 112 191 113 180 209 179 27 56 112 191 209 179 73 102 74 54 210 178 286 174 73 102 282 177 217 134 286 174 111 176 204 184 82 109 86 110 74 54 27 56 210 178 111 192 129 192 118 192 119 193 115 193 116 193 120 194 121 194 119 194 122 195 124 195 123 195 122 196 125 196 124 196 122 197 126 197 125 197 128 198 129 198 130 198 128 199 118 199 129 199 131 200 130 200 132 200 131 201 128 201 130 201 192 202 132 202 133 202 192 203 131 203 132 203 127 204 133 204 126 204 127 205 192 205 133 205 122 206 127 206 126 206 135 207 123 207 134 207 135 208 122 208 123 208 135 209 134 209 136 209 137 210 136 210 121 210 138 211 135 211 136 211 137 212 138 212 136 212 120 213 137 213 121 213 120 214 116 188 117 189 120 214 117 189 139 215 120 214 139 215 140 216 120 214 119 217 116 188 140 216 142 218 143 219 144 220 142 218 140 216 145 221 144 220 140 216 120 222 143 222 141 222 120 214 140 216 143 219 141 223 150 224 156 225 141 223 223 226 150 224 137 227 147 228 138 229 141 223 156 225 146 230 146 230 147 228 137 227 137 227 120 214 146 230 141 223 146 230 120 214 149 231 150 224 223 226 148 232 149 231 223 226 151 233 149 231 148 232 152 220 149 231 151 233 153 220 149 231 152 220 154 234 149 231 153 220 155 235 149 231 154 234 150 224 149 231 155 235 160 236 161 237 159 238 158 239 160 236 159 238 157 240 159 238 254 241 157 240 158 239 159 238 157 240 254 241 256 242 167 243 157 240 256 242 223 226 168 244 163 245 223 226 163 245 162 246 162 246 148 232 223 226 256 242 162 246 163 245 256 242 163 245 167 243 135 247 147 228 161 237 135 247 161 237 160 236 135 247 138 229 147 228 151 233 148 232 162 246 152 220 151 233 162 246 153 220 152 220 162 246 154 234 153 220 162 246 155 235 154 234 162 246 150 224 155 235 162 246 150 224 162 246 256 242 256 242 156 225 150 224 164 248 165 249 166 250 167 243 164 248 157 240 167 243 165 249 164 248 169 251 160 236 158 239 170 252 160 236 169 251 169 251 158 239 179 253 173 254 221 255 172 256 173 254 174 257 222 172 168 244 222 172 163 245 179 253 158 239 157 240 179 253 157 240 175 258 175 258 157 240 164 248 165 249 167 243 175 258 175 258 164 248 165 249 175 258 167 243 163 245 175 258 163 245 174 257 174 257 176 259 177 260 174 257 177 260 178 261 179 253 178 261 185 262 179 253 185 262 180 263 180 263 185 262 181 264 180 263 181 264 171 265 170 252 122 266 160 236 170 252 171 265 122 266 172 256 183 267 176 259 172 256 176 259 174 257 173 254 172 256 174 257 127 268 122 266 171 265 171 265 181 264 127 268 174 257 163 245 222 172 175 258 174 257 178 261 178 261 179 253 175 258 169 251 179 253 180 263 180 263 171 265 169 251 170 252 169 251 171 265 177 260 183 267 221 255 177 260 176 259 183 267 172 256 183 267 182 269 172 256 221 255 183 267 184 270 187 271 177 260 184 270 188 220 187 271 184 270 190 220 188 220 189 272 221 255 186 273 184 270 189 272 190 220 184 270 221 255 189 272 184 270 177 260 221 255 191 274 177 260 187 271 260 275 193 276 192 277 211 278 181 264 185 262 260 275 181 264 211 278 194 279 185 262 178 261 194 279 211 278 185 262 194 279 178 261 177 260 216 280 194 279 177 260 195 281 196 282 216 280 191 274 220 132 177 260 186 273 221 255 191 274 189 272 186 273 191 274 190 220 189 272 191 274 188 220 190 220 191 274 188 220 191 274 187 271 216 280 177 260 195 281 177 260 220 132 195 281 260 275 192 277 181 264 192 277 127 268 181 264 128 283 193 276 258 284 131 285 192 277 193 276 197 286 258 284 196 282 199 287 200 288 198 289 199 287 198 289 201 220 202 290 198 289 128 283 201 220 198 289 202 290 197 286 202 290 128 283 195 281 220 132 197 286 197 286 196 282 195 281 128 283 258 284 197 286 193 276 128 283 131 285 217 134 128 283 198 289 111 176 128 283 217 134 111 176 118 291 128 283 122 266 135 247 160 236 206 292 207 292 205 292 208 293 209 293 207 293 124 294 207 294 206 294 125 295 207 295 124 295 208 296 207 296 125 296 133 297 210 297 209 297 208 298 133 298 209 298 134 299 123 300 206 301 203 185 115 187 121 302 203 185 121 302 136 303 119 217 121 302 115 187 204 184 203 185 136 303 204 184 136 303 134 299 205 183 204 184 134 299 205 183 134 299 206 301 133 304 208 305 126 306 130 307 129 175 282 177 130 307 282 177 210 178 132 308 130 307 210 178 132 308 210 178 133 304 102 309 92 309 173 309 110 310 102 310 173 310 222 311 110 311 173 311 211 278 212 312 260 275 211 278 259 313 213 314 212 312 213 314 214 315 211 278 213 314 212 312 211 316 194 316 259 316 215 317 194 279 216 280 259 313 194 279 215 317 215 318 196 318 258 318 196 319 215 319 216 319 126 306 208 305 125 320 123 300 124 321 206 301 218 322 198 289 200 288 217 134 198 289 218 322 219 323 217 134 218 322 202 290 199 287 201 220 219 323 199 287 202 290 219 323 200 288 199 287 219 323 218 322 200 288 197 286 219 323 202 290 219 323 197 286 217 134 220 132 217 134 197 286 221 255 220 132 191 274 143 219 142 218 224 324 224 324 141 223 143 219 144 220 224 324 142 218 145 221 224 324 144 220 141 223 224 324 117 189 140 216 139 215 145 221 117 189 224 324 145 221 117 189 145 221 139 215 225 52 226 325 71 53 229 326 225 326 16 326 229 327 226 327 225 327 227 328 228 328 226 328 229 329 227 329 226 329 230 35 16 34 26 51 225 52 26 51 16 34 24 330 230 330 26 330 24 331 21 331 230 331 71 53 226 325 227 332 71 53 227 332 229 101 229 101 15 30 22 41 81 107 252 333 253 111 261 334 231 334 81 334 234 335 233 335 108 335 107 336 233 336 232 336 107 337 108 337 233 337 261 166 107 165 235 338 261 339 235 339 231 339 81 340 231 340 252 340 232 341 235 338 107 165 236 342 234 343 240 344 233 345 236 342 237 346 238 347 235 338 237 346 232 341 237 346 235 338 233 345 237 346 232 341 234 343 236 342 233 345 235 338 238 347 239 348 251 349 239 348 240 344 251 349 240 344 234 343 231 350 239 348 251 349 235 338 239 348 231 350 241 351 236 351 240 351 241 352 237 352 236 352 242 353 237 353 241 353 242 354 238 354 237 354 242 355 239 355 238 355 243 356 239 356 242 356 243 357 240 357 239 357 241 358 240 358 243 358 242 359 244 360 250 361 242 359 245 362 244 360 241 363 247 364 245 362 242 359 241 363 245 362 245 362 248 365 244 360 245 362 247 364 248 365 257 366 250 366 244 366 147 367 146 367 248 367 249 368 147 368 248 368 161 369 147 369 249 369 257 370 244 370 248 370 257 371 248 371 146 371 255 372 250 372 257 372 161 373 249 373 250 373 161 374 250 374 255 374 249 375 248 365 247 364 250 361 249 375 246 376 247 364 246 376 249 375 246 376 247 364 243 377 250 361 246 376 242 359 243 377 242 359 246 376 241 363 243 377 247 364 251 349 234 343 253 111 251 349 253 111 252 333 252 333 231 350 251 349 108 115 253 111 234 343 161 378 255 378 159 378 255 379 254 379 159 379 255 380 256 242 254 241 257 381 256 242 255 380 156 382 256 382 257 382 156 383 257 383 146 383 97 384 70 46 23 45 72 100 97 384 23 45 75 103 93 385 84 112 84 112 85 114 88 117 84 112 88 117 75 103 75 103 76 85 93 385 213 314 259 313 260 275 212 312 213 314 260 275 72 100 286 174 96 133 42 77 262 386 69 82 263 387 45 98 44 88 263 387 69 82 262 386 263 387 44 88 69 82 262 386 42 77 264 388 263 387 262 386 265 389 45 98 264 388 42 77 45 98 265 389 264 388 45 98 263 387 265 389 262 386 266 390 265 389 267 391 266 390 262 386 268 392 269 393 267 391 268 392 267 391 262 386 264 388 268 392 262 386 267 391 264 388 266 390 264 388 267 391 268 392 264 388 265 389 266 390 270 394 30 394 35 394 35 395 36 395 271 395 66 396 272 396 36 396 271 397 36 397 272 397 272 398 66 398 273 398 273 399 66 399 28 399 28 400 30 400 270 400 273 401 28 401 270 401 270 402 35 95 272 403 273 404 270 402 272 403 35 405 274 405 272 405 271 406 274 406 35 406 272 407 274 407 271 407 275 408 46 408 276 408 275 409 47 409 46 409 46 410 30 410 277 410 276 411 46 411 277 411 277 412 30 412 50 412 49 413 47 413 275 413 275 414 276 415 50 89 49 66 275 414 50 89 276 416 278 416 50 416 277 417 278 417 276 417 50 418 278 418 277 418 279 419 52 419 51 419 48 420 53 420 279 420 53 421 52 421 279 421 43 70 51 73 60 71 56 68 55 67 43 70 55 67 51 73 43 70 48 64 51 73 55 67 48 64 279 422 51 73 54 423 34 423 280 423 34 424 59 424 280 424 280 425 59 72 58 79 58 426 52 426 281 426 281 427 52 427 53 427 281 428 57 428 54 428 281 429 53 429 57 429 58 79 54 76 280 425 281 430 54 76 58 79 284 431 112 191 285 432 283 182 113 180 284 431 284 431 113 180 112 191 73 102 286 174 72 100</p>
        </triangles>
      </mesh>
    </geometry>
    <geometry id="pinzaSx-7_002-mesh" name="pinzaSx-7.002">
      <mesh>
        <source id="pinzaSx-7_002-mesh-positions">
          <float_array id="pinzaSx-7_002-mesh-positions-array" count="39">0.002876996 0.002876996 0.09506601 0.003736793 0.003736853 0.09612518 0.004422724 0.001594603 0.09509533 0.005171835 0.002343654 0.0963121 0.004973948 0.002146422 0.1304465 0.003456115 0.003456115 0.1305894 -0.002184152 -0.005012869 0.1305888 -0.003285825 -0.003286182 0.1307767 -0.003927946 -0.003927946 0.1295109 -0.002510428 -0.005338907 0.09642499 -0.00381571 -0.003815889 0.09593069 -0.001825153 -0.004653573 0.09516251 -0.002910435 -0.002910375 0.09502243</float_array>
          <technique_common>
            <accessor source="#pinzaSx-7_002-mesh-positions-array" count="13" stride="3">
              <param name="X" type="float"/>
              <param name="Y" type="float"/>
              <param name="Z" type="float"/>
            </accessor>
          </technique_common>
        </source>
        <source id="pinzaSx-7_002-mesh-normals">
          <float_array id="pinzaSx-7_002-mesh-normals-array" count="84">0.06039792 0.9472014 -0.3148996 0.6692507 -0.2188211 -0.7100851 -0.2737289 0.6354454 -0.7219985 0.9662379 0.05899357 -0.2508068 0.6959905 0.7180044 0.008184731 0.6538629 0.7565259 0.01148825 0.05960214 -0.03977763 0.9974294 0.08297491 -0.0553326 0.9950144 -0.9769952 -0.1243942 0.1732241 0.05499553 -0.8074462 0.5873724 -0.6489924 0.2201355 0.7282509 -0.5340892 -0.8453257 0.01316815 -0.7585408 -0.6516087 -0.004709422 -0.5969251 0.3123641 -0.738992 0.2065837 -0.6907389 -0.6929668 -0.9318712 -0.04156702 -0.3604004 -0.07083445 -0.9749276 -0.2109469 0.04279029 -0.05351465 -0.9976499 0.01376479 -0.006252169 -0.9998857 0.707121 -0.7070926 -5.67585e-5 0.7071653 -0.7070483 1.39405e-5 0.7071198 -0.7070938 -5.64955e-6 0.7071197 -0.7070939 -2.57508e-5 -0.7071034 0.7071101 2.03566e-6 -0.7071194 0.7070941 2.01852e-4 -0.7071164 0.7070972 -3.85839e-6 -0.707115 0.7070987 1.15026e-4 -0.7071033 0.7071104 -6.20155e-5</float_array>
          <technique_common>
            <accessor source="#pinzaSx-7_002-mesh-normals-array" count="28" stride="3">
              <param name="X" type="float"/>
              <param name="Y" type="float"/>
              <param name="Z" type="float"/>
            </accessor>
          </technique_common>
        </source>
        <vertices id="pinzaSx-7_002-mesh-vertices">
          <input semantic="POSITION" source="#pinzaSx-7_002-mesh-positions"/>
        </vertices>
        <triangles material="Material_5_002-material" count="22">
          <input semantic="VERTEX" source="#pinzaSx-7_002-mesh-vertices" offset="0"/>
          <input semantic="NORMAL" source="#pinzaSx-7_002-mesh-normals" offset="1"/>
          <p>1 0 2 1 0 2 2 1 1 0 3 3 4 4 3 4 1 4 5 5 4 5 1 5 4 6 5 6 6 6 7 7 6 7 5 7 8 8 6 9 7 10 6 11 8 11 9 11 10 12 9 12 8 12 12 13 11 14 10 15 9 16 10 15 11 14 2 17 11 17 12 17 0 18 2 18 12 18 9 19 2 19 3 19 6 20 3 20 4 20 9 21 3 21 6 21 11 22 2 22 9 22 8 23 5 23 1 23 8 24 7 24 5 24 10 25 8 25 1 25 12 26 10 26 1 26 12 27 1 27 0 27</p>
        </triangles>
      </mesh>
    </geometry>
    <geometry id="fix_002-mesh" name="fix.002">
      <mesh>
        <source id="fix_002-mesh-positions">
          <float_array id="fix_002-mesh-positions-array" count="2142">0.001369416 0.02925616 0.005330562 -8.24627e-5 0.0284875 0.005277931 -0.001476347 0.02783662 0.005566418 -0.001377582 0.02993351 0.004983484 -0.00112164 0.031174 0.005369901 0.03140532 -0.002132534 0.005592405 0.03025144 -0.001403391 0.00496912 0.02844929 -0.001898109 0.005581855 0.02869218 -3.56715e-4 0.004965543 0.0294137 0.00151664 0.005286395 -7.30366e-4 -0.03134584 0.005437493 -0.001546025 -0.02965366 0.005537092 -0.0299319 -0.001510083 0.005529224 -0.03143298 -8.05644e-4 0.005581915 -0.03126984 9.84759e-4 0.005534827 0.02725285 6.54436e-4 0.003665924 0.02893406 -0.002557694 0.003661155 0.02999794 0.002751886 0.003613293 -0.001064896 0.03250479 0.003632485 -0.002575218 0.03080326 0.003598272 -0.00212866 0.02827286 0.00363475 0.001173436 0.03236204 0.003679215 -0.03059995 0.01652997 0.01134926 0.01999986 -0.02835124 0.008531093 0.02747112 -0.0216754 0.008209645 0.01990038 -0.001780688 0.003408849 0.02007567 -3.25722e-4 0.002552449 0.004327893 -0.01860791 0.0484817 0.001310825 -0.0223115 0.0481314 0.006085038 -0.02036923 0.04814469 0.002967774 -0.02396941 0.04837507 0.006898701 -0.02118301 0.05005306 0.003497004 -0.02449834 0.05049312 -4.36861e-4 -0.0243119 0.04898762 0.001172065 -0.02592545 0.05001896 0.00199908 -0.02300047 0.04863959 0.002839207 -0.02383857 0.05085134 0.004611313 -0.02561825 0.04418861 0.005455195 -0.02645653 0.04237657 0.008167982 -0.0224452 0.04275745 0.007225275 -0.02822786 0.04395306 0.01030886 -0.02459377 0.04319232 0.002959191 -0.02771043 0.04468166 0.004127919 -0.02887594 0.04316252 0.006390213 -0.02738672 0.04347652 0.004501819 -0.029253 0.0455563 0.007908701 -0.02219229 0.02977442 0.0046193 -0.02562332 0.02803057 0.005455315 -0.02645659 0.02637648 0.007861554 -0.02214264 0.02747124 0.007225334 -0.0282278 0.02795314 0.009894907 -0.02420037 0.02636837 0.003529489 -0.0282799 0.02732229 0.0063169 -0.02731764 0.02746021 0.004876434 -0.02963286 0.02867245 0.006538927 -0.02754783 0.02980828 -0.007377803 -0.006913661 0.02312564 -0.01063185 -0.01036971 0.02382975 -0.007969379 -0.01303368 0.02282983 -0.00471574 -0.009573817 0.02176284 -0.004600882 -0.009680628 0.02396762 -0.008963942 -0.01203995 0.02122992 -0.006149172 -0.007583022 0.02102601 -0.01022732 -0.01077568 0.02198195 -0.01149612 -0.01325368 0.02182227 -0.01015031 -0.01460784 0.02317297 -0.01347768 -0.007526695 0.0237677 -0.010432 -0.003792405 0.02155119 -0.01421195 -0.006791234 0.02159959 -0.01147621 -0.001981794 0.02103519 -0.01624429 -0.004757225 0.02178615 -0.01309067 -0.001251459 0.02250528 -0.01594305 -0.005068063 0.02312469 -0.01616382 -0.008586943 0.02206999 -0.01533716 -0.008077383 0.02360326 -0.01607531 -0.00492376 0.05002301 -0.01523596 -0.005765378 0.04787451 -0.01231813 -0.001965165 0.04812425 -0.01370233 -0.007306218 0.0496512 -0.01037746 -0.003905534 0.04869019 -0.01501852 -0.005981147 0.04861569 -0.01535683 -0.007719635 0.04915183 -0.0169835 -0.00654757 0.04943108 -0.01587712 -0.008883237 0.0500949 -3.53367e-4 0.028602 5.01176e-6 -0.001080513 0.0310595 -6.89405e-7 0.02862995 -3.97644e-4 -3.31514e-7 0.03008693 0.001485049 -3.35859e-6 6.68966e-4 -0.03127682 0 -0.001230061 -0.03064167 -4.64309e-7 -6.36664e-4 -0.02871561 -1.69107e-7 -0.02898406 -0.001185834 -9.07042e-7 -0.03142619 2.90655e-4 -4.5082e-7 -0.001650035 -0.01194256 0.03417468 -0.002357244 -0.01166981 0.03580558 0.004092156 -0.01804763 0.03074669 0.006897866 -0.02114498 0.03560864 -2.5809e-4 -0.01363158 0.03132379 0.006308794 -0.01975387 0.03350436 0.001369535 -0.01528352 0.03030884 0.012407 -0.02592909 0.01373779 0.01415878 -0.02809005 0.01542174 0.01510661 -0.02922999 0.02121454 0.0152949 -0.02874672 0.01911282 0.01090013 -0.02485954 0.02576541 0.006322443 -0.02029699 0.02107638 0.01445931 -0.02795845 0.02309095 0.01311087 -0.02702265 0.02480989 0.007923662 -0.02203887 0.02459985 0.007329821 -0.02088981 0.02304446 -0.02267754 0.009288072 0.01389491 -0.02135992 0.007246434 0.01526921 -0.02012175 0.006234169 0.01973414 -0.02508556 0.01120954 0.02576494 -0.02892035 0.01516377 0.02005869 -0.02191287 0.008087456 0.02456665 -0.02705788 0.01313567 0.02471506 -0.02832186 0.01447737 0.02291601 -0.02216601 0.02267891 0.004888951 -0.009347379 0.005258858 0.004568815 0.002945721 -0.01028412 0.01884675 -0.01006567 0.002944946 0.01890248 -0.01213675 0.004377543 0.01865309 -0.004433274 -0.02547609 0.009584724 -0.006385922 -0.02355182 0.009494662 -0.02323418 -0.005996406 0.01226222 -0.006010115 -0.02324175 0.01224571 0.002484261 0.03065508 0.005501329 7.13059e-4 0.03251367 0.005499124 -0.002309322 0.03145575 0.005504131 0.001875698 0.02814042 0.005499303 0.00212711 0.02834767 0.003632366 0.03228461 0.0014382 0.005502223 0.03259301 0.00103724 0.00364679 0.0294553 0.002544045 0.005503594 0.02741497 4.85221e-4 0.005496561 0.03183835 -0.002031564 0.00363487 0.01166296 -0.02028954 0.01830393 0.01103889 -0.02199876 0.01749545 0.01418006 -0.02280431 0.01699477 0.01287156 -0.02383476 0.01706254 0.01408326 -0.02504366 0.01977759 0.01507717 -0.02369731 0.02063089 0.002959907 -0.01158434 0.03734236 0.001886665 -0.01284807 0.03656166 0.002824902 -0.01378345 0.0341556 0.004509329 -0.01313614 0.03388965 0.006514668 -0.01514035 0.03522658 0.005441904 -0.01641029 0.03516668 -0.02385735 0.01522749 0.01835662 -0.02443969 0.01346975 0.01828515 -0.02252978 0.01156949 0.01693242 -0.02092415 0.01229953 0.01726055 -0.02025622 0.01163148 0.02041465 -0.0115298 -0.00275278 0.02667051 -0.01380163 -0.004712939 0.02670592 -0.01025134 -0.007846713 0.032386 -0.007846474 -0.00643444 0.03488832 -0.01649546 -0.006483137 0.02633947 -0.02460718 0.01032465 0.03457289 -0.02922904 0.006078422 0.03770428 -0.02778524 0.004736065 0.03006684 -0.02221959 0.007946133 0.027897 -0.02481412 0.001766026 0.02618312 -0.01712763 0.002860069 0.02461862 -0.02021974 -0.002835154 0.0245893 -0.02604687 0.01742017 0.02144569 -0.02398049 0.01535576 0.0250563 -0.0202521 0.0116266 0.02510833 -0.01773524 0.009109556 0.02110856 0.009058594 -0.01768523 0.01990503 0.01100701 -0.01963257 0.0249049 0.01541072 -0.02403795 0.02495771 0.01735281 -0.02597922 0.02170014 0.01757228 -0.02619594 0.01786917 0.001439571 -0.01006621 0.04047495 -0.001630961 -0.0122348 0.03942739 8.78096e-5 -0.01400971 0.04208606 0.005047202 -0.01367336 0.04260689 0.003277003 -0.01681488 0.04254335 0.007808446 -0.01643645 0.04098856 0.005120575 -0.018718 0.04127848 0.006511032 -0.02035361 0.03849518 0.009244799 -0.01787483 0.03678327 -0.02627265 0.02338284 8.05988e-6 -0.02258378 0.0267468 0.007996678 -0.0218358 0.02719587 0.007819652 -0.02143537 0.02766352 0.006961643 -0.01760888 0.03035312 1.29106e-5 -0.0213924 0.02770578 0.006499886 0.02840477 -0.02025049 0.003650307 0.03036022 -0.01759666 -4.9112e-6 0.0345143 -0.006519258 0 0.03458577 -0.005325019 0.00342065 0.03466421 0.005639731 -1.31084e-7 0.03428858 0.006976664 0.00340873 0.03065443 0.01713669 2.7921e-7 0.03146642 0.01507371 0.003365457 0.02474898 0.02474898 0 0.02670788 0.02255517 0.003413379 0.01803737 0.03000104 0.003387808 0.01713949 0.03065145 2.81076e-7 0.006789207 0.03432893 0.003408491 0.005640804 0.0346657 0 -0.006518244 0.03451341 0 -0.002297163 0.03479105 0.003413379 0.02346956 -0.02617251 1.18506e-5 0.002995729 -0.01395457 0.03518229 0.001829743 -0.01561969 0.03497684 0.004604518 -0.01556336 0.03539443 0.003373861 -0.01716399 0.03580462 -0.02576661 0.0119754 0.02007836 -0.02441114 0.01061761 0.01779538 -0.02223801 0.01127821 0.01821762 -0.02349555 0.009705662 0.02048814 0.01115477 -0.02211469 0.01866424 0.009658157 -0.02345001 0.01976901 0.01029622 -0.02408802 0.01798015 0.01302105 -0.02398645 0.01822894 0.01203429 -0.0258153 0.01929193 -0.01505744 -0.008894443 2.49997e-4 -0.014292 -0.006921172 1.15103e-4 -0.01574176 -0.007606089 4e-4 -0.01717305 -0.005590438 1.84211e-4 -0.01445335 -0.00829035 3.18182e-4 -0.01250129 -0.01474553 2.51645e-4 -0.01035213 -0.01664984 2.5304e-4 -0.01193815 -0.01564317 1.66629e-4 -0.0126847 -0.009736239 4.16628e-4 -0.01107013 -0.01131159 9.08993e-5 -0.01048582 -0.01072669 1.66532e-4 -0.01329213 -0.00823009 1.81554e-4 -0.01269131 -0.01346087 1.33915e-4 -0.01173388 -0.01390892 4e-4 -0.009700477 -0.01264041 3.07697e-4 -0.004281878 -0.01693665 1.3617e-4 -0.008390665 -0.01338583 1.66354e-4 -0.01707154 -0.004141628 1.14829e-4 -0.01790696 -0.006044924 2.72727e-4 -0.01987093 -0.00770694 1.25e-4 -0.01764863 -0.00974667 3.18182e-4 -0.03226542 -0.01435101 1.45566e-6 -0.01985692 -0.003163635 2.08305e-4 -0.03302335 0.01198321 -4.86034e-6 0.0124225 -0.03284841 -1.14158e-5 -0.005480647 -0.02191841 1.66415e-4 5.36311e-5 -0.0350905 -2.16064e-6 0.00146228 0.03018343 0 0.01365613 0.004286408 1.18395e-4 0.03109019 -0.00109744 -9.09018e-7 -0.007988929 -0.01958888 1.66667e-4 -0.01162993 -0.03313386 -5.70846e-7 0.001223146 -0.02935403 3.73149e-7 -0.01709097 -0.01048594 1.42857e-4 -0.02042788 -0.006967365 2.69231e-4 -0.03509342 6.20839e-5 -3.13284e-6 -0.02946406 0.001285076 -1.10482e-6 -0.0225988 -0.026955 -1.5998e-6 -0.01460361 -0.01194018 2.42996e-4 -0.008975684 -0.01870548 2.61819e-4 -0.007398366 -0.01396656 2.21426e-4 -0.005696773 -0.01599758 2.19782e-4 -0.005868911 -0.0205 3.125e-4 -0.007564663 -0.01864683 7.64812e-5 -0.01369398 -0.01159101 3.4127e-4 -0.01274013 -0.01216226 2.05338e-4 -0.01420748 -0.01318824 2.75213e-4 -0.01534849 -0.01060295 8.37452e-5 -0.01612067 -0.01145201 1.2353e-4 -0.01852071 -0.004827201 4e-4 -0.01833933 0.004433274 0.02105343 0.00440222 -0.01835793 0.02110397 -0.01771819 -0.007075786 0.02265471 -0.03100556 -0.002803206 0.003651916 -0.02739685 -0.02184313 0.003387153 -0.006793439 -0.02276015 0.003920853 -0.02231061 -0.00739032 0.003671526 -0.01231145 -0.03272098 0.003359854 -0.001045525 -0.03286755 0.003642737 -0.001229524 -0.02457892 0.005828142 -0.002350807 -0.02814757 0.00358808 0.00871098 -0.03363496 0.007392883 0.009023368 -0.03378093 0.007531881 0.001664519 -0.03243625 0.00359559 0.007929503 -0.03380608 0.005766034 0.008294999 -0.03372699 0.006355941 0.008533954 -0.03367495 0.006858885 -0.02804803 -0.002270281 0.003644347 -0.02630883 -0.003344476 0.003745615 -0.03146219 0.00278598 0.004016101 -0.0338267 0.008837819 0.006739556 -0.01655459 -0.006522417 0.02380675 0.003276944 -0.014732 0.01899999 0.003150939 -0.01488691 0.01899999 0.003209888 -0.01480597 0.01899999 -0.01905536 -0.005534708 0.01883494 -0.007018387 0.0147683 0.0191192 -0.02136373 -0.004594743 0.008533537 -0.0261619 -0.005226373 0.01133167 -0.02543395 -0.004446625 0.009478449 -0.0283035 -0.01157456 0.004215061 -0.005057036 -0.02015292 0.006373405 0.01302677 -0.02398377 0.02062904 0.01066333 -0.02445322 0.02114814 0.01155191 -0.0225113 0.02087992 -0.0214973 0.01053279 0.01991212 -0.02380979 0.01284903 0.02087515 0.004646241 -0.01561397 0.03820097 0.002854466 -0.01664412 0.03796118 0.002844393 -0.01380318 0.03766882 0.001202225 -0.01499068 0.03722023 -0.00116378 -0.007111907 1.24552e-4 -0.004040002 -0.005982577 1.06811e-4 -0.006998598 -0.001947641 1.24802e-4 -7.53929e-4 -0.02404057 0.0160368 -0.004291713 0.009694278 0.005145907 0.006806194 -0.005353987 0.01053738 0.002923905 -0.01089257 0.01790475 0.007908284 -0.02219265 0.04577434 0.007277309 -0.02169471 0.05430972 0.005726873 -0.02000993 0.05210429 0.004099607 -0.01838409 0.05097466 -0.01041924 -0.00386399 0.05140334 0.003531277 -0.01781833 0.04337936 0.01008158 -0.02436065 0.0462265 0.01007872 -0.02436357 0.03022646 0.004426479 -0.01833689 0.01896005 -0.01567685 0.001501321 0.01223886 -0.01826882 0.004423975 0.01896268 0.009064435 -0.02310854 0.01261436 -0.006227135 -0.008057475 0.02511703 -0.01040095 -0.003882527 0.02441066 -0.0121569 -0.002125263 0.02489918 -0.03087419 0.01629191 0.04111003 -0.02846711 0.01463103 0.01630491 -0.02519369 0.01114863 0.01236444 -0.02404195 0.009752631 0.04135864 -0.0211308 0.006847739 0.04616165 -0.01275271 -0.001526653 0.05148464 -0.01713925 0.0028553 0.04838126 -0.01274251 -0.001538693 0.04713946 -0.009445726 -0.004841148 0.04333531 -0.01537501 0.002021431 0.0187143 -0.01341587 0.001609265 0.008901119 0.006520807 -0.007991075 0.0128597 0.001229763 -0.01403063 0.01233768 0.00188297 -0.01313096 0.01225799 0.009853363 -0.00422883 0.004853427 0.001937985 -0.01292896 0.01148688 0.002052903 -0.01268196 0.0107299 0.002953171 -0.01144087 0.006727278 0.007519245 -0.03197181 0.01786792 0.0074445 -0.03203523 0.02125847 0.005442976 -0.03000217 0.01610571 -0.03192853 0.007484853 0.01778399 -0.03205394 0.007496535 0.02114158 -4.304e-4 -0.02431803 0.05097764 -0.01324439 -0.0114932 0.04931962 -0.0129584 -0.0117883 0.02619451 -0.01196187 -0.0127846 0.0236752 0.001438438 -0.02618759 0.04631632 0.003274619 -0.02786356 0.02114379 0.005352735 -0.02991306 0.02289181 0.001399993 -0.02614772 0.02668523 0.003064393 -0.02781075 0.02917551 -0.01287758 -0.01186943 0.04672551 0.003421247 -0.02787047 0.0177831 -0.01327443 -0.01147168 0.02371501 -0.02733594 0.002714395 0.05420029 -0.01719915 -0.007550477 0.05118864 -0.02986079 0.005107402 0.04655784 -0.02983278 0.005093991 0.02624297 -0.03000217 0.005441844 0.02289175 -0.02752274 0.002776145 0.02362602 -0.027902 0.003342032 0.02124911 -0.02783566 0.003385305 0.01786792 -0.005513489 -0.01904726 0.01877933 -0.02991211 0.005354046 0.0161066 -0.02777236 0.003029465 0.04925906 -0.01323032 0.02078843 0.003613889 0.002687335 0.03064489 0.003605902 0.008840203 0.01812881 0.0033499 -0.00316435 0.01624917 0.003392159 -0.005105912 0.01137918 0.003506183 0.01758801 -0.01360797 0.003640353 -0.002775132 0.01876956 0.003428041 -0.01556736 0.01372313 0.003575086 -0.002347648 0.009116888 0.003636479 -0.009609997 9.86e-4 0.003499925 -0.009546995 0.001061916 0.003499925 -0.009579956 0.001024961 0.003499925 -0.009860455 5.61134e-4 0.003517508 -0.007112562 8.7437e-4 0.003381848 -0.005938231 0.003938913 0.003344237 0.01110273 6.12335e-4 0.003345251 0.00241971 -0.006934285 0.003334522 3.55e-4 -0.009546995 0.003499925 4.31e-4 -0.009609997 0.003499925 3.92e-4 -0.009579956 0.003499925 0.01110535 -0.004465341 0.003579258 0.006280541 -0.008987605 0.003890514 0.01913279 -0.01552444 0.008458077 -0.02336573 0.008884549 0.05393904 0.01614201 -0.03059518 0.04253286 -0.01942008 -0.02904033 0.003330349 -0.03269678 -0.01262354 0.003166079 -0.03453028 0.00581032 0.003734052 -0.004341065 -0.03461605 0.003393709 0.01861345 -0.02949225 0.008973777 0.01646292 -0.03065145 0.0118823 0.008369326 -0.03396433 0.005803525 -0.03354245 0.008856296 0.04489022 -0.02059817 0.02776807 0.006508111 -0.01483851 0.02177149 0.004627466 -0.0208407 0.02776557 0.005211472 0.007837533 -0.01646369 0.03197097 0.003906309 -0.01253026 0.03034013 7.90646e-4 -0.009417593 0.03436285 0.01259726 -0.02122354 0.01355493 0.0100305 -0.01865744 0.0155363 0.006637394 -0.02060985 0.01690721 0.01532298 -0.02394932 0.01398873 -0.01865291 0.01002609 0.0155425 -0.02192682 0.01329964 0.01333409 -0.02580595 0.01718032 0.01613152 -0.02548247 0.01210856 0.01352083 0.01246273 -0.02108436 0.02197259 0.006003558 -0.01462692 0.0387265 -0.0224018 0.0137726 0.02217304 0.01720529 -0.01501959 0.007258474 -0.0199536 0.01210343 0.007625341 -0.03063768 0.0060364 0.05175 0.009721994 -0.02413183 0.05318427 0.01465862 -0.02912646 0.04667878 0.009230911 -0.03387129 0.04266566 -0.02951234 0.01503968 0.04595685 -0.01053977 -0.00756216 0.04149144 -0.02666956 0.003612637 0.04486763 -0.02261626 -4.36198e-4 0.04808378 -0.01745289 -0.005633294 0.04728752 -0.01381963 -0.004692018 0.04630577 -0.006549477 -0.01802045 0.00908631 -0.001392006 -0.01261919 0.009002149 -0.006296098 -0.003513455 0.003464281 0.009097039 -0.002369821 0.003665506 -0.005634963 0.006741642 0.01095265 -0.007213294 0.01473432 0.02087438 -0.01222604 -0.01091003 0.04667133 0.002344489 -0.02021092 0.0348621 2.98066e-4 -0.01816695 0.03312623 1.91835e-4 -0.01810413 0.03989219 0.002323329 -0.02012419 0.03821599 -0.001820206 -0.01609295 0.03474873 -0.001864671 -0.01604855 0.03814214 -0.02716529 0.003956556 0.04910385 -0.02741336 0.004255235 0.02409321 -0.02905952 0.005847871 0.02681744 -0.02258181 0.01161819 0.02206099 -0.0247339 0.01377475 0.02089661 0.002881705 -0.01384133 0.03887331 0.01253962 -0.02350038 0.02208024 0.01039642 -0.02135807 0.02050316 -0.00905478 -0.03000444 0.009500563 -0.00550121 -0.0225017 0.006126701 -0.007094562 -0.02430546 0.01131838 -0.007836878 -0.02501112 0.00920248 -0.004623353 -0.02140957 0.008618533 0.03144311 7.44294e-4 0.005315661 2.24226e-4 0.02734106 0.003646433 0.001002907 0.03123652 0.005326211 -0.002741396 0.01799398 0.002547442 0.004392385 0.013601 0.002357363 0.01799505 0.00853604 0.002680599 0.01142179 9.89022e-4 0.00256747 0.01169282 0.0161879 0.002606749 0.01361489 0.00430876 0.002350628 3.54e-4 -0.01414191 0.03808796 3.54e-4 -0.01414191 0.03491199 0.002297997 -0.01608699 0.03967493 0.004242897 -0.018031 0.03808796 0.004242897 -0.018031 0.03491199 0.002297997 -0.01608699 0.03332489 -0.02651697 0.01272791 0.01791089 -0.02651697 0.01272791 0.02108591 -0.02457195 0.01078289 0.02267396 -0.02262699 0.008838951 0.02108591 -0.02262699 0.008838951 0.01791089 -0.02457195 0.01078289 0.01632297 0.008838951 -0.02262699 0.02108591 0.008838951 -0.02262699 0.01791089 0.01078289 -0.02457195 0.02267396 0.01272791 -0.02651697 0.02108591 0.01272791 -0.02651697 0.01791089 0.01078289 -0.02457195 0.01632297 0.01745373 -0.01727217 0.005566477 0.02254909 -0.02140039 0.005426824 0.008647143 -0.02597534 0.005460262 0.00854814 -0.02730441 0.004966497 0.007943511 -0.02653026 1.2877e-4 0.01120734 -0.02990472 1.85569e-4 0.01113742 -0.02971822 0.00473386 -0.02689784 0.0174629 1.70415e-4 -0.02670556 0.01763874 0.00446397 -0.02969932 0.01122492 0.004833817 -0.0298891 0.01111704 1.83201e-4 -0.02668023 0.009113132 0.0057801 -0.01721638 0.01828747 0.005565285 -0.02114468 0.02236902 0.005499124 -0.02502405 -0.007837593 0.00919044 -0.02499908 -0.007837653 0.006300628 -0.02486342 -0.003757238 0.005799353 -0.02368044 -0.002269983 0.008412659 -0.02402871 -0.001236975 0.006461203 -0.02359271 -0.001459658 0.01545661 -0.02408206 -0.002654373 0.006513416 -0.02107661 -0.004500389 0.0148577 -0.02012854 -0.004983603 0.006845176 -0.02206224 -0.005152463 0.006258606 -0.02222788 -0.006091415 0.004437506 -0.002664446 -0.02388203 0.0141496 -0.002650737 -0.02388638 0.009378015 -0.003715097 -0.02605485 0.003864824 -0.002636373 -0.02411043 0.006428956 -0.009237408 -0.03058898 0.004321515 -0.01159596 -0.0283237 0.004137277 -0.005138576 -0.01962178 0.01608335 -0.004870951 -0.02009093 0.01572597 -0.004917979 -0.01998692 0.015814 -0.004972994 -0.01988095 0.01589298 -0.004730105 -0.02027076 0.01570963 -0.004901587 -0.02154308 0.006753265 -0.007856428 -0.02501684 0.006297707 -0.02393299 -0.002697885 0.006856918 -0.02178895 -0.00484097 0.006856918 -0.02387696 -0.002668917 0.007050991 -0.02390396 -0.002676904 0.006951928 -0.02175992 -0.004783928 0.007051885 -0.02176892 -0.004811882 0.006953895 -0.003277599 -0.02445906 0.006173193 -0.002667963 -0.02387595 0.007051885 -0.004784882 -0.021761 0.007050991 -0.002696931 -0.02393299 0.006856918 -0.002676904 -0.02390295 0.006953895 -0.00484097 -0.02178895 0.006856918 -0.004811882 -0.02176892 0.006951928 -0.02350765 -0.006297528 0.009552896 -0.02430903 -0.007135927 0.01131671 -0.02815335 -0.01087468 0.009517431 -0.02507662 -0.004178702 0.01225721 -0.02693694 -0.005898833 0.006294786 -0.02693462 -0.005901515 0.009216904 -0.02996164 -0.008987307 0.009514749 -0.03059118 -0.009211659 0.004273831 -0.004949033 -0.02199459 0.01383477 -0.01087164 -0.02808082 0.009503781 -0.005255162 -0.02615869 0.01133722 -0.005899429 -0.02693718 0.00921595 -0.005900919 -0.02692222 0.006294429 -0.001376748 -0.02384537 0.007831394 -0.004162847 -0.0250858 0.01229816 0.02045148 -0.01419359 0.00424689 0.02105671 -0.01477992 0.007374346 0.02241826 -0.01490652 0.003914535 -0.02121621 0.01156377 0.008542478 0.01970696 -0.02829599 0.008595943 0.01890397 -0.028813 0.008877992 0.01930296 -0.02856099 0.00871396 0.002706885 -0.01462692 0.007964968 0.005736947 -0.01131296 0.00426799 0.01060205 -0.01913702 0.005348324 0.004538953 -0.01256299 0.005196928 0.0051229 -0.01194989 0.004687905 0.003515899 -0.01367592 0.006441891 0.004001975 -0.01313996 0.005783975 0.003081977 -0.01417398 0.007171988 -0.009963989 0.007060945 0.003691971 -0.011307 0.005742967 0.004263997 -0.01064199 0.006392896 0.003930926 -0.01255291 0.004548907 0.005187988 -0.01194489 0.005127966 0.004683971 -0.01461899 0.002712965 0.007949948 -0.01537299 0.002162933 0.009678959 -0.01502388 0.002402961 0.008795976 -0.02118951 0.008583366 0.008740544 -0.01590991 0.001896977 0.01155191 -0.01566892 0.001993954 0.010598 5.51876e-4 -0.01040214 0.006047427 2.62132e-4 -0.0100072 0.003646373 0.00101298 -0.01007449 0.003610014 -0.01803684 -0.006522178 0.009109556 -0.01267141 -0.001399338 0.009050071 -0.01039344 5.57835e-4 0.006092965 -0.01180893 0.003983378 0.01748681 -0.01421183 0.001228511 0.01311796 -0.009483516 0.00704497 0.003619015 -0.01245522 0.003214955 0.00600624 -0.005219936 0.011177 0.00354892 -0.004995942 0.01082789 0.003686904 -0.005099952 0.01100397 0.003606975 0.001488327 -0.01562827 0.01213759 0.001926183 -0.01418793 0.008445918 0.00450176 -0.01148974 0.00483036 0.002208232 -0.01485472 0.01869904 0.002415001 -0.01628804 0.01878446 -0.02069896 0.02768397 0.005105972 -0.020603 0.02775299 0.004726946 -0.02065891 0.027713 0.004913926 -0.0204479 0.02786195 0.004379928 -0.02053296 0.027803 0.004548907 -0.0202369 0.02800798 0.004076898 -0.02034896 0.02793097 0.004221916 -0.01439392 0.0176773 0.004403471 -0.01804214 0.01326322 0.004759311 -0.02210503 0.008582472 0.01094436 -0.01928842 0.01078414 0.005340397 0.02775299 -0.020603 0.004724979 0.02786391 -0.020446 0.004376888 0.027803 -0.02053195 0.00454694 0.02800893 -0.02023595 0.004075944 0.02818197 -0.01997792 0.003828883 0.02809298 -0.02011191 0.003944993 0.01721489 -0.01483404 0.004840612 0.0136258 -0.01582407 0.003591001 0.01265329 -0.01868551 0.005045592 0.01214605 -0.01994764 0.007643222 0.00910145 -0.02187091 0.00987184 0.01200288 -0.02105265 0.008536934 -0.02225822 0.02636539 0.008590221 -0.01504266 0.02156889 0.007301628 -0.01474922 0.01768511 0.007251024 -0.01538872 0.01896411 0.008388876 -0.01687109 0.01736605 0.004630029 -0.02868127 0.01200765 0.005934476 -0.02646631 0.008178889 0.004852473 0.01865518 -0.01701778 0.004884064 0.0225346 -0.02248984 0.004785358 0.01150381 -0.02871936 0.005908191 0.01739132 -0.02681356 0.004690408 -0.004423379 0.01086848 0.003670215 0.004395961 -0.01215189 0.01869332 0.003997802 -0.01189768 0.01745408 0.008186101 -0.02180194 0.01465374 0.01031917 -0.02388769 0.01337158 -0.01257902 -0.01065975 0.04921692 -0.01257151 -0.01069545 0.02377587 0.004463374 -0.0229026 0.04616689 0.004465639 -0.02292782 0.02687436 -0.0122314 -0.01094293 0.02633392 -0.02914214 0.005920171 0.04610085 -0.02933996 0.001415848 0.005432307 -0.02853876 -5.39926e-4 0.005481958 1.00803e-4 -0.02843737 0.005501866 0.001447796 -0.02957993 0.005478739 0.001195788 -0.03101354 0.005515813 -0.02880954 -0.002550899 0.005699992 -0.03277736 7.59221e-4 0.005696117 -0.02601534 -4.27354e-7 0.005587935 -0.03009104 0.004022061 0.005703628 -0.03171265 -0.002394556 0.00570333 -2.31346e-4 -0.0330705 0.005696177 -0.002947211 -0.02976202 0.00569725 0.004009485 -0.03001183 0.005585551 -3.78967e-5 -0.02605503 0.005546987 -0.01561611 -0.005387008 0.05155807 -0.0141384 -0.006861448 0.05182081 -0.0144971 -0.006502747 0.02412515 -0.01559472 -0.005405008 0.02496129 -0.00971347 -0.0112909 0.02419227 -0.008854448 -0.01214486 0.02512788 0.005139648 -0.02614921 0.03006482 0.00619781 -0.02720862 0.0460788 0.005000233 -0.02600276 0.04636806 8.40361e-4 -0.0218448 0.05036616 0.001975893 -0.022978 0.05213999 -0.002826154 -0.006571114 0.003416776 -4.53343e-4 0.01991987 0.002601146 0.01570266 0.01273763 0.003353118 0.01961898 0.005039513 0.003448128 -0.002503573 0.01555055 0.002591073 9.72171e-4 0.01139801 0.002550363 0.01739448 -0.003136873 0.002571046 4.21201e-4 0.02046477 0.00343728 0.01635354 -0.003238976 0.003332197 6.76897e-4 0.01116871 0.003358721 -0.01092576 0.002917051 0.01797211 -0.01020616 7.83903e-4 0.003669977 -0.00649631 0.003212749 1.30272e-4 0.003252506 -0.006463885 1.58048e-4 0.004354417 0.01369923 9.59315e-5 0.01477813 -0.007047593 0.0208711 0.01473033 -0.007246613 0.01912909 0.007934093 -0.03248572 0.04827451 0.005457878 -0.03005796 0.05236524 0.005720555 -0.03452384 0.003760159 0.002616763 -0.02723753 0.05425077 -0.03427863 -0.006277918 0.003482878 -0.01646143 0.01801139 1.28909e-4 -0.02179414 0.02312076 1.34117e-4 -0.02648228 0.007953643 1.20511e-4 0.01740849 -0.02692824 1.86316e-4 0.02312481 -0.02178359 1.66286e-4 0.01792824 -0.01653522 1.71083e-4 -0.03301692 -3.9782e-5 0.003641963 -0.00290656 -0.03056377 0.003629863 0.02788013 -0.02100527 0.005028009 0.03201448 -0.01388347 0.003356218 -0.01097941 0.03323566 0.003388643 -0.01996237 0.02862507 0.003508865 -0.02097672 0.02791184 0.004604756 -0.02907168 0.01930242 0.008615255 -0.00900644 -0.01754474 3.30936e-4 -0.007042407 -0.01519912 3.30421e-4 -0.01714771 -0.006388485 4.5e-4 -0.01963496 -0.004317998 4e-4</float_array>
          <technique_common>
            <accessor source="#fix_002-mesh-positions-array" count="714" stride="3">
              <param name="X" type="float"/>
              <param name="Y" type="float"/>
              <param name="Z" type="float"/>
            </accessor>
          </technique_common>
        </source>
        <source id="fix_002-mesh-normals">
          <float_array id="fix_002-mesh-normals-array" count="4029">0.993455 0.1121268 0.02179056 0.371908 -0.4212883 0.8271642 -0.4023282 -0.5623683 0.7224085 0.04190301 0.6799097 0.7320978 -0.1657169 0.7468553 0.644007 0.9973337 0.06891208 0.02401852 -0.4212903 -0.4987182 0.7574924 0.2437589 -0.5173354 0.8203327 0.37258 -0.5522779 0.7457704 0.6579135 -0.5007674 0.5624783 0.7793036 -0.06903403 0.6228325 -0.405907 0.6359922 0.6563181 -0.7941865 0.07315593 0.6032546 -0.1756368 0.8084179 0.5617939 -0.2946355 0.2065866 0.9330123 0.8766497 0.3422181 0.3381895 0.9342239 0.2893527 -0.2085683 0.8517283 -0.4691708 -0.2333189 0.7340782 0.1205508 0.6682789 0.4307417 0.76245 0.4828372 0.09106796 0.7807613 0.6181573 0.2398517 0.9704548 -0.0262466 -0.1066936 0.9691233 -0.2222986 -0.4886125 -0.7991455 0.3501774 0.6198498 0.6814991 0.3890313 0.5003958 0.8446544 -0.1901662 -0.8834312 -0.4683739 0.01324516 0.8336115 0.424283 0.3536608 0.8905816 0.3689469 -0.2659751 0.8835196 -0.4387079 0.1640996 0.5394929 0.3141065 0.7812072 -0.121589 0.9774125 0.1728615 0.3714823 0.8818278 0.2904837 0.4522291 0.8220572 -0.3459928 -0.7313296 -0.5960078 0.3315597 -0.8209015 -0.515711 -0.2452816 0.4914597 0.8306869 0.2615849 -0.385458 -0.9194532 -0.07764095 0.9229264 0.2585878 0.2852005 0.8851473 0.3570437 -0.2983859 0.8154956 -0.5140604 0.2659112 0.5563725 0.3121546 0.7700709 -0.1281791 0.9740398 0.1865922 0.4493012 0.8428747 -0.2961262 0.3890929 0.8186852 0.4223286 -0.542365 -0.7299999 0.415861 -0.8922837 -0.4476525 -0.05862694 0.4577944 0.8104792 0.365442 -0.2321928 0.6176548 -0.7513915 -0.4102986 -0.8722661 -0.2660959 0.7040128 -0.4305624 0.564785 0.9713441 0.2313073 0.05466037 0.9493708 -0.08679747 -0.3019296 0.252209 0.06836253 0.9652551 -0.5079298 0.8611275 0.02160751 0.2546181 0.9307006 -0.2626141 0.2458348 0.7951865 0.5542958 -0.04995983 0.2878261 0.9563788 -0.4985288 -0.7426204 0.4471958 -0.8893542 -0.4457605 -0.1017198 -0.4555624 -0.855244 -0.2470237 -0.09998106 0.9514375 -0.2911536 0.3601288 0.8809117 -0.3070861 0.2128422 0.6963914 0.6853739 -0.1374273 0.5570341 0.8190402 0.1715191 0.06366348 0.9831217 0.8909571 -0.03628772 0.4526354 0.9408276 0.2094559 0.2664055 -0.3938812 -0.7803462 0.4857136 0.938441 0.3438926 -0.03265571 -0.7599009 -0.4771393 0.4414622 -0.9838182 -0.176157 0.03271657 0.8140013 -0.5726879 0.09711128 0.8124474 0.4556187 0.3637869 0.8692005 0.4401699 -0.2252578 0.542478 0.3122415 0.7798866 -0.4782691 0.8572891 0.1905629 0.3435859 0.8931464 0.2902383 0.3954679 0.8682716 -0.2995156 0.6668775 0.5899994 0.455165 -0.1943145 -0.9807287 0.02032566 -0.8353691 -0.1818633 0.5187333 -0.8171359 -0.3073949 -0.4876446 0.1015686 0.3442287 -0.9333758 -0.536459 0.2556863 0.8042613 -0.3405597 -0.06466937 -0.9379963 0.2217543 -0.229079 -0.9478122 0.3438915 0.1150272 -0.9319374 -0.04272627 -0.3404065 -0.9393072 -0.223494 0.2141245 -0.9508949 -0.2002966 0.3984264 -0.8950631 0.5558203 0.5980897 0.577367 -0.3923548 0.4146949 0.8210274 0.4208581 0.2187607 -0.8803534 0.5487077 -0.1396566 0.824267 0.2098809 -0.3940036 -0.8948247 -0.1483514 0.2140582 -0.96549 -0.005829215 0.6005659 0.7995541 -0.4823254 0.1727997 0.8587797 0.4734219 0.2799269 0.8351723 0.3185261 -0.02932864 -0.9474604 0.4204026 -0.3566479 0.8343046 0.4707641 -0.7128452 -0.5198395 0.9826104 0.07251238 0.1709352 0.821758 0.5695174 -0.01907444 0.7550814 0.377678 -0.5359212 0.1641632 0.9855902 -0.04077374 -0.8161199 0.3098027 -0.4878225 0.2719873 0.8317405 -0.4839739 0.897601 0.2118644 -0.3865565 0.5168473 -0.849418 -0.1065739 0.8709732 0.4865901 0.06808722 0.3148946 0.7904107 0.525445 0.5167564 0.5698908 0.6388954 -0.6750661 0.5076958 0.5352857 0.1719467 0.9715266 0.1630045 0.5007014 -0.6441732 0.5782207 0.7955856 0.2839241 0.5351922 -0.2446725 -0.6775876 -0.6935492 0.3514314 -0.8345236 -0.4243423 0.0232864 -0.4290444 -0.9029832 -0.08325695 0.9964589 -0.01174992 0.008972465 0.2546784 -0.9669843 0.3799582 -0.004577755 -0.9249924 0.9944238 -0.1036112 0.01965409 -0.869624 -0.4239776 -0.2529765 0.9875442 -0.0817002 -0.1344681 0.05469071 0.9980452 0.0302447 0.0323503 0.4202182 -0.9068462 0.2066748 0.001037597 -0.9784092 0.2146714 0.7011155 0.6799657 0.5270027 0.1195735 0.8414098 0.2828857 0.5690065 0.7721446 -0.2220562 0.5518446 0.80384 0.5047323 -0.5216401 0.6878495 0.4819243 -0.3310083 0.8112846 -0.6580247 0.3736467 0.653752 0.6905867 0.1964821 0.6960496 0.6526783 0.3695845 0.6613762 0.5097604 0.1390144 0.8490107 -0.004089593 0.5276525 0.8494505 -0.2020377 0.7024626 0.682442 -0.4687116 0.1102348 0.8764461 -0.7410736 0.1340414 0.6579081 0.3720608 -0.3466687 0.861041 0.7418637 0.0734905 0.6665114 0.481381 0.7712839 0.4164054 0.9272935 0.3016512 0.2216605 0.3035748 0.9267165 -0.2214475 -0.1875121 0.9821499 -0.01486301 0.2395443 0.6539021 0.7176564 0.9369509 -0.184033 -0.2970775 0.6983115 0.09439611 0.7095425 0.6829254 0.566434 0.4612653 0.931102 0.3414152 -0.1283931 0.2807725 0.9315543 0.2310269 -0.1167366 0.9215022 0.3704137 0.988622 -0.1159709 0.09579813 0.7871267 -0.2080815 0.5806322 0.8933961 0.4182386 0.1640726 0.8880414 -0.1548228 -0.4329118 0.2524903 0.5346764 0.8064551 0.4448158 0.8164165 0.3682435 0.2786398 0.9471006 -0.1592489 -0.4003455 0.9108334 -0.1005289 -0.9435366 -0.201916 0.2626191 0.3047986 0.8114229 0.4986892 -0.4801238 0.2868169 0.8289857 0.1720957 0.9840803 0.0443744 -0.5854528 -0.3606167 0.726086 0.9862251 0.09662348 0.1342536 0.9798536 -0.1883958 -0.06628799 -0.1223498 -0.9358894 0.330366 0.8513653 0.2048147 0.4829368 -0.3134303 -0.749364 0.5832795 0.5870605 0.488271 0.6457177 -0.5634709 -0.5090557 0.6506634 -0.02005118 0.9747575 0.222364 -0.9133472 0.3886616 0.1214053 0.1380678 0.9305538 0.3391268 0.2304527 0.7029556 0.6728634 0.2785235 0.7865864 0.5510957 0.5303347 0.5711085 0.6265622 0.6790298 0.2550825 0.6883687 0.8408958 0.206676 0.5001793 0.9766401 -0.07016324 0.2031042 0.985183 0.1698381 0.02386581 -0.01083415 0.9048535 -0.4255855 -0.05117964 0.9967069 0.06289881 0.177655 0.7342728 0.6551963 0.7028881 0.2349064 0.6713922 0.9605359 -0.0285356 0.2766885 0.9772576 -0.04825097 -0.2064934 0.03665393 0.8835405 0.4669184 0.130012 0.9522927 0.2761078 0.383629 0.7441242 0.5469078 0.4770482 0.4526632 0.75334 0.4338691 0.2972626 0.850525 0.8253026 0.1083434 0.5541998 0.4868145 -0.500945 0.7155878 0.9962612 -0.08526998 0.01388609 -0.0229808 0.964859 -0.2617617 -0.2565144 0.9578472 0.1293407 -0.5531306 0.4763442 -0.6834783 -0.6547348 0.7135154 0.2494359 -0.5967412 0.8010364 0.0473352 -0.452786 0.8545437 0.2544404 -0.251758 0.7129734 0.6544364 -0.3745632 0.6555847 -0.6556763 -0.2978694 0.8050103 0.5130617 -0.5149279 0.8571755 -0.009979903 0.7368301 -0.1420373 -0.6609894 0.7055196 -0.2785516 0.6516527 0.6445292 -0.3764815 -0.6654652 0.749498 0.1045598 -0.6536973 0.7384399 -0.09405982 0.6677271 0.660591 0.3675138 -0.6546397 0.5156831 0.5437608 -0.6621143 0.5592097 0.4724121 0.6812573 0.379324 0.6208534 0.6860426 0.3482834 0.6657425 -0.6599134 0.1772567 0.7137573 0.6775918 0.1158196 0.7417646 -0.660584 -0.1348958 0.7454674 -0.6527493 -0.04074323 0.7520255 0.6578736 0.7170804 0.1709688 0.6756963 0.6674815 0.288069 0.6866474 0.8668446 -0.3117869 0.3890622 0.977222 -0.03598201 0.2091475 0.4804637 -0.5512987 -0.6820735 -0.3487717 -0.9205156 -0.1760949 0.8367375 0.4179873 0.3537755 0.8727265 0.3801774 -0.3062905 -0.496612 -0.7552642 0.4277297 0.3789858 0.8635677 0.3325968 -0.9271122 -0.3083354 0.2130545 -0.6822255 -0.5808714 0.4440234 0.4205509 0.8333805 0.3586279 -0.8594915 -0.4438458 -0.2535259 -0.3779222 -0.9089301 -0.1761277 -0.5179743 -0.7304195 0.4451857 0.4393587 0.8306492 0.342032 0.9072882 0.3405688 0.2466598 -0.9375389 -0.3446493 0.04730421 -0.2259301 -0.9694578 -0.09543204 -0.1068397 -0.180539 -0.9777479 -0.1130357 0.08877265 -0.9896173 -0.007079362 -0.001941144 -0.9999731 0.1324216 -0.2814286 -0.9504012 0.07967329 -0.07998281 -0.9936071 -9.87345e-4 -0.002732992 -0.9999958 -0.005895435 -0.004577994 -0.9999722 0.00813651 -0.003764688 -0.9999598 4.56216e-4 -0.01454597 -0.9998942 -0.003047406 -0.007063329 -0.9999705 -0.01095682 -0.01041644 -0.9998858 -0.001863181 -0.001346766 -0.9999974 7.23105e-4 9.89576e-4 -0.9999994 5.55196e-4 2.81742e-4 -0.9999999 0.03826159 -0.05282205 -0.9978707 0.02625405 -0.03193694 -0.999145 -0.0142548 -0.001167774 -0.9998977 -0.01537519 -0.01430958 -0.9997794 -0.03281521 0.03257226 -0.9989306 -0.004516541 -0.0049842 -0.9999774 6.60895e-4 0.001613557 -0.9999985 0.002250492 0.001985132 -0.9999956 0.002023816 -0.005461394 -0.9999831 -0.001424968 -0.009530842 -0.9999536 -0.001954853 -0.002898275 -0.999994 1.87431e-4 -0.005783617 -0.9999833 -0.009318053 -0.004442155 -0.9999468 -3.51299e-4 -4.09778e-4 -1 -0.002221405 -0.00458157 -0.9999871 -0.006788313 0.00364536 -0.9999703 -0.007324934 4.97988e-4 -0.9999731 0.00115776 -4.98729e-4 -0.9999992 0.009094834 0.009900927 -0.9999097 -0.007626712 0.01906734 -0.9997891 -2.85968e-5 1.6208e-4 -1 0.007432222 0.02979266 -0.9995285 0.008747637 0.02463555 -0.9996583 0.1481559 0.1267907 -0.9808028 0.02165263 -0.006073236 -0.9997472 0.01934981 -0.002542376 -0.9998096 -0.04194629 0.2004921 -0.9787969 0.02690714 -0.006885886 -0.9996143 6.45541e-4 0.001376688 -0.9999989 0.09216356 0.1188467 -0.988626 -0.003988623 0.02001696 -0.9997917 8.80634e-4 -0.002395153 -0.9999969 0.05178505 -0.03809338 -0.9979315 0.02854603 0.005465507 -0.9995776 0.02434837 0.006615936 -0.9996817 7.59094e-4 0.001060366 -0.9999992 0.01883172 -0.01883834 -0.9996452 -0.0420506 0.03183549 -0.9986082 3.93164e-4 3.05828e-4 -0.9999999 2.61082e-4 -2.30319e-5 -1 5.10971e-4 2.13897e-4 -0.9999998 2.12144e-4 -2.27583e-4 -1 -0.004362404 -0.003420948 -0.9999846 -0.00278455 -0.003542184 -0.9999899 1.61143e-5 -4.4838e-5 -1 -3.35347e-6 1.74071e-4 -1 -6.09502e-4 -0.001495242 -0.9999988 0.02635782 -0.03018718 -0.9991967 0.05250245 -0.0267592 -0.9982622 0.05855977 -0.03354769 -0.9977201 0.01723134 -0.003136992 -0.9998466 -0.050695 0.06260037 -0.9967504 3.11793e-4 -2.5718e-4 -1 4.41223e-4 5.0861e-4 -0.9999998 0.009365618 0.01645952 -0.9998207 -7.58821e-5 3.59399e-4 -1 -0.02665621 0.05578571 -0.9980869 -0.004226207 0.01918745 -0.9998071 -0.03671437 0.06422919 -0.9972597 -0.1286313 -0.03693503 -0.9910044 -0.06862205 0.03075796 -0.9971685 0.02405536 -0.00780338 -0.9996802 0.08953982 0.05570858 -0.9944241 0.0571376 0.004322528 -0.998357 -0.4997459 -0.8619838 -0.08507692 -0.02707225 0.01802515 -0.999471 0.03775006 -0.03021812 -0.9988302 -0.0493946 0.01449537 -0.9986742 -0.008550584 -0.00635457 -0.9999433 -0.07076972 -0.01783227 -0.9973334 0.1112698 -0.02471303 -0.993483 -0.02184307 -0.04485034 -0.9987549 -0.09418421 0.05114257 -0.9942404 -0.1113161 -0.1070061 -0.9880074 -0.08346658 0.05159682 -0.995174 0.002916276 0.01832628 -0.9998279 0.006607472 0.005309998 -0.9999641 0.06266081 -0.01812946 -0.9978703 0.003361761 0.02337545 -0.9997212 -0.026928 0.1013584 -0.9944855 -0.03491216 -0.01507174 -0.9992768 0.125515 -0.04809534 -0.9909253 0.1900941 0.06295746 -0.9797452 -0.1255965 0.2344028 -0.9639921 -0.1089838 -0.1332576 -0.9850711 0.0236181 -0.03268593 -0.9991866 -0.008148789 -0.001516282 -0.9999657 -0.4441567 0.5851526 -0.67847 -0.06653332 0.1424817 -0.9875588 -0.04586875 -0.03521931 -0.9983264 -0.1006162 -0.1932818 -0.9759706 -0.04457092 -0.04466944 -0.9980071 8.30582e-4 7.32198e-4 -0.9999994 0.41461 0.8430759 0.3425225 0.8490338 0.4351985 0.2995728 -0.2484328 -0.2749847 0.9287974 -0.4583261 -0.526702 0.7159067 -0.0577237 -0.07657885 -0.9953913 -0.5670223 -0.3505614 -0.7453808 -0.02117466 -0.02120947 0.9995508 -0.03127402 -0.01916098 0.9993272 -0.01112884 0.07596069 0.9970487 -0.02303248 -0.02692639 0.999372 -0.02635401 -0.01039195 0.9995987 0.1368393 -0.0676003 0.988284 0.1671292 -0.02139782 0.9857028 -0.1140056 0.1366927 0.9840315 -0.01606482 -0.05490642 0.9983623 -0.05485224 -0.03873091 0.997743 0.00369811 0.08573281 0.9963113 -0.03561097 -0.07482826 0.9965605 -0.01666843 -0.05229109 0.9984928 -0.08678573 -0.159726 0.9833392 -0.02758455 -0.03845751 0.9988795 -0.2050089 -0.09662884 0.9739786 -0.5033921 0.1417335 0.8523545 -0.4639612 -0.3467959 0.8151519 0.15873 -0.5619793 0.8117784 -0.393424 -0.7501334 0.5315238 -0.06094741 -0.917569 0.3928776 -0.3889976 -0.537504 0.748178 0.1621187 -0.5256653 0.835101 -0.4704856 -0.6927272 0.5466008 -0.8766051 0.2825169 0.389548 -0.5063084 -0.8499816 0.1455445 -0.5656436 -0.6917186 0.4489685 0.1951402 -0.9807366 0.008728504 -0.1598602 -0.9810131 0.1098085 -0.3959329 -0.4989982 0.7708683 -0.4909971 0.0673564 0.8685534 -0.8507072 -0.3518621 0.3905001 0.1406919 -0.5666436 0.8118626 -0.5364602 -0.06674468 0.8412823 -0.680761 0.1395337 0.719093 -0.9261174 -0.07343018 0.3700197 -0.5218517 -0.3723675 0.767472 -0.980829 -0.1219245 0.1520165 -0.6928613 -0.7210652 0.002891004 -0.6653 -0.7465563 0.005448579 -0.6910419 -0.7224228 0.02379995 -0.7026688 -0.7110018 0.02707558 -0.7193739 -0.6879166 0.09629142 -0.6880095 -0.7253892 0.02129906 -0.7060438 -0.7076356 0.02745914 -0.7852989 -0.6184868 0.02792543 -0.7028473 -0.7094965 0.05118989 -0.1699482 -0.04329526 -0.9845015 -0.4405738 0.3580873 -0.8232061 -0.04978489 0.06921809 -0.9963586 0.001818299 0.0059399 -0.9999808 0.06231278 -0.04269331 -0.9971432 0.1442381 0.05693346 -0.9879038 0.002315104 0.0836519 -0.9964924 0.01918309 0.01850062 -0.9996449 0.1122429 -0.01071619 -0.9936231 -0.05005741 0.04288202 -0.9978253 0.001835107 0.006017267 -0.9999803 0.01136976 0.01539498 -0.9998168 0.6244117 -0.7810915 0.00250101 -0.7753502 0.631135 0.0223757 0.5812823 -0.8135772 -0.01424789 -0.6982316 0.7153728 0.02673041 -0.6862102 0.7255879 0.05136191 -0.7138102 0.7003382 0.001215696 -0.7007736 0.7044938 0.1122716 0.6965826 -0.7174722 0.002540588 0.7135759 -0.7005231 -0.008766829 0.6967594 -0.7172796 0.006034076 0.656956 -0.7147657 0.2398308 0.7277662 -0.6822986 0.06946372 -0.5105565 -0.8203269 0.257674 -0.7813253 -0.5998574 0.1723426 -0.9587301 -0.2739403 0.07611483 -0.2314568 -0.968676 0.08997023 -0.0315873 -0.855055 0.5175743 -0.2105547 0.607981 0.7655233 -0.8584031 -0.008850455 0.5128995 0.6066342 -0.2421104 0.757217 0.0955258 -0.7248977 0.682201 -0.009155631 -0.3677521 0.9298788 -0.5678455 0.1513461 0.8091019 -0.8285064 -0.3672993 0.4226918 -0.4018193 -0.844016 0.3552161 -0.8388915 -0.3401101 0.4249545 -0.3288421 -0.8480921 0.4154549 0.3621088 0.8680539 -0.3396467 0.813386 0.4068151 -0.4158181 -0.6058349 -0.6244515 -0.4929752 0.7638131 0.499239 -0.4090843 -0.1550363 0.710268 -0.6866463 -0.7501623 -0.4540343 -0.4807386 0.08047777 0.6255415 -0.7760292 0.5298746 0.8269485 0.1881204 -0.2635027 0.6340668 0.7269977 0.3795081 0.500975 -0.7778161 0.7866228 0.609583 0.09814852 0.5967003 0.1601923 -0.7863125 0.6590982 -0.05453824 0.7500768 0.5676515 -0.2714655 -0.7772247 0.6187095 -0.442829 0.6489231 -0.2972227 0.5598677 -0.7734383 -0.8856094 -0.1924242 0.4226925 -0.9739528 -0.2074986 0.09143489 -0.2107926 -0.9727833 0.09622544 -0.2898444 -0.8729515 0.3923597 -0.7945584 -0.583429 0.1681894 -0.6419101 -0.7600193 0.1015983 0.04757922 0.852123 0.5211743 0.4029119 -0.05075305 0.9138306 -0.01806753 0.3077586 0.9512929 0.8027413 0.186349 0.5664632 0.8989512 -0.07449799 0.4316675 0.07846534 0.8632411 0.4986564 0.8129548 0.0733667 0.5776868 -0.03439491 0.4144179 0.9094366 0.2319127 0.01599186 0.9726052 0.7166396 0.6973634 0.01058894 0.6726812 0.7346445 0.08830261 0.7099241 0.7023087 0.05263543 0.7132894 0.7000756 0.03335332 0.7148107 0.6991788 0.01394999 0.7212045 0.6927218 8.13071e-4 0.7204842 0.6933211 0.01443552 0.7071533 0.7070603 9.98838e-6 0.707823 0.7063888 -0.001198351 0.7062895 0.7079231 -3.98105e-4 0.706965 0.7072485 -2.79606e-4 0.7064618 0.7077496 0.00155723 0.7167865 0.6972725 -0.005308568 0.7080958 0.7061116 0.002618789 0.5521166 0.8337188 0.00896883 0.7137548 0.7003893 0.002992033 0.707271 0.7063717 0.02840632 0.7215101 0.6912143 0.04057067 0.7176039 0.6963788 0.01006048 0.7488213 0.662725 0.007887899 0.7446671 0.6674037 0.006571829 0.746837 0.6649773 0.006311178 0.687532 0.7255878 0.02867174 0.7509188 0.6591792 0.04004907 0.7105714 0.7034665 0.01494199 0.6314626 0.7700149 -0.09128046 0.7030179 0.7109836 -0.01637494 0.7105009 0.7032594 0.02479732 0.7061095 0.7077253 -0.02311515 0.7177003 0.6963495 0.001962482 0.7145528 0.6989275 -0.03024435 0.6937494 0.7202155 -0.001262068 0.6917054 0.722058 -0.0132699 0.6967909 0.7167893 -0.02637666 0.7074369 0.706771 -0.002820312 0.6652844 0.7299845 0.1565865 0.7110158 0.7030279 0.01443427 0.7072136 0.7069999 -1.65441e-4 0.7072759 0.7064098 0.02731543 0.6996228 0.7133703 -0.04038441 0.7030224 0.710871 0.02054101 0.6924123 0.7209364 -0.02856761 0.6713537 0.7348796 0.09610581 0.7423113 0.6695132 0.0269472 0.7079178 0.7057022 0.02892786 0.634931 0.7724751 0.01202923 -0.9686275 -0.1930366 0.1565175 0.6896953 0.7238382 -0.01946407 0.7083076 0.7050518 -0.0346747 0.688535 0.7243397 0.03537559 0.691574 0.7222645 -0.007710337 0.7052142 0.7072845 0.04920977 0.7079015 0.7059994 0.0209825 0.7102811 0.7038075 -0.01248383 0.7018275 0.7122163 0.01364517 0.7070447 0.7071684 -8.55637e-4 0.6906588 0.7231587 -0.005655765 0.6922345 0.7211929 -0.02630972 0.7311643 0.6821776 0.005713999 0.6944772 0.7195146 -3.33268e-4 0.6826053 0.7307873 -1.61463e-4 0.7221365 0.6917499 9.59803e-4 0.7355715 0.6774471 -4.50846e-4 0.7019735 0.7114707 -0.03229224 0.7124016 0.701772 3.2409e-4 0.7077459 0.7064547 -0.004185795 0.7363262 0.6765992 0.006125271 0.8248167 0.5636841 -0.04402214 0.7092882 0.701577 0.06855654 0.7438543 0.6682206 -0.01273077 0.6927937 0.7211152 -0.005446672 0.6949206 0.7184447 0.03037613 0.6852253 0.7282911 -0.007641017 0.7071241 0.7070894 -5.02849e-4 0.7080905 0.7061215 6.58963e-4 0.7071083 0.7071037 0.00150901 0.6999524 0.7140944 0.01165157 0.7027268 0.7112876 0.01565712 0.6962227 0.7177239 0.01210248 0.7041032 0.7095729 0.02729445 0.6913811 0.7224827 0.003314733 0.7162638 0.6912924 0.09529531 0.8327512 0.5445782 0.0998007 0.2791975 0.9319604 0.2312978 0.71864 0.6942836 0.0390765 0.7265246 0.6849112 0.05530601 0.7073538 0.7068597 -2.55895e-5 0.7072047 0.7070088 -2.31128e-4 -0.4303231 0.7275818 0.5342721 -0.2573097 0.963805 -0.06979799 -0.1785047 0.9539277 0.2411599 0.04541236 0.7627632 -0.6450816 0.7792162 -0.1925761 -0.5964366 0.9756331 -0.2150677 -0.04342859 0.7740516 -0.6204804 -0.1258906 0.8679988 -0.3520094 0.3502393 0.5753139 -0.8078992 -0.127722 -0.8429515 -0.537227 -0.02863591 -0.6984813 -0.7152408 0.02354663 -0.5157992 -0.8565548 -0.016281 -0.7023319 -0.7115925 0.01913487 -0.699472 -0.7146592 0.001198649 -0.6978245 -0.7161449 0.01331883 -0.6996891 -0.7144401 -0.003243148 -0.7078192 -0.7063931 -9.12108e-4 -0.7074491 -0.7067638 -8.6043e-4 -0.7072702 -0.7069431 6.23648e-4 -0.6935046 -0.7201767 -0.01992529 -0.7218688 -0.691543 -0.02596008 -0.7077422 -0.7064699 0.00121665 -0.6970772 -0.7166365 -0.02270108 -0.6900365 -0.7237606 -0.00449413 -0.7062695 -0.707943 -2.10194e-4 -0.7090283 -0.7051801 2.09951e-4 -0.7071724 -0.7070401 0.001253306 -0.6844575 -0.7290297 -0.005809128 -0.6693998 -0.7423864 -0.02768421 -0.7071676 -0.707046 1.24078e-4 -0.7002176 -0.7137068 -0.01783055 -0.7096604 -0.7045409 -0.002094149 -0.7071942 -0.7070195 -1.38564e-4 -0.7071707 -0.7070383 0.002551317 -0.7046318 -0.7093258 -0.01873475 -0.7066697 -0.7075436 -2.15653e-4 -0.707627 -0.7065862 -4.94927e-5 -0.707157 -0.7070565 1.70224e-5 -0.7075581 -0.706651 0.002434551 -0.7091018 -0.7043858 0.0318638 -0.7068057 -0.7067728 0.02996718 -0.7042509 -0.7099497 -0.001494109 -0.7055799 -0.7085518 0.01056158 -0.7053796 -0.5749388 -0.4145901 -0.6639187 -0.7477243 0.01097184 -0.7275441 -0.6860318 -0.006320655 -0.6897038 -0.7229753 -0.04019337 -0.7133599 -0.7007977 -5.19953e-4 -0.724762 -0.6873255 -0.04799717 -0.7270526 -0.6857175 -0.03443819 -0.7578017 -0.6520717 -0.0232225 -0.7101008 -0.7032235 -0.03512358 -0.7075312 -0.7058836 -0.0335862 -0.706996 -0.7072158 0.001583993 -0.7297262 -0.4258456 0.5349348 -0.7029765 -0.7108194 -0.02366101 -0.7041344 -0.7089656 -0.03952884 -0.7058228 -0.7071853 -0.04126965 -0.762775 -0.6458687 -0.03206342 -0.686297 -0.7258528 0.04619878 -0.6899886 -0.7231736 0.0305891 -0.6915867 -0.7179703 0.0789079 -0.5078183 -0.8607845 0.0342164 -0.5787725 -0.8152603 -0.01931905 -0.7255516 -0.6818155 0.09328788 -0.7339733 -0.6476337 0.2045818 -0.7321878 -0.680848 0.01863211 -0.7114381 -0.7018107 0.03629893 -0.7157681 -0.6972017 0.03982239 -0.6291992 -0.7772276 0.005064845 -0.7165394 -0.6973258 0.01755255 -0.7172109 -0.6966407 0.01732927 -0.7160207 -0.6978271 0.01875489 -0.6987756 -0.7151433 0.01681786 -0.6903595 -0.7233765 0.01141446 -0.6929676 -0.7207481 0.01783543 -0.7315342 -0.6818 0.002567648 -0.6930612 -0.7200052 0.03547888 -0.721374 -0.6924887 0.008889079 -0.6885973 -0.7167583 0.1099609 -0.8475419 -0.5307071 -0.004758715 -0.8033003 -0.5950152 0.0258007 -0.7918434 -0.6103978 0.01997005 -0.02188879 0.01054352 0.9997048 -0.08089774 0.05179524 0.9953758 0.005536854 0.09836226 0.9951354 0.04830807 -2.68802e-4 0.9988325 0.04525291 0.002117574 0.9989733 0.02760726 0.01239687 0.999542 -0.008045434 0.03562843 0.9993328 0.1253136 0.003991305 0.9921092 0.01806354 -0.0498889 0.9985915 0.06080663 -0.02578324 0.9978166 0.05659037 0.01403087 0.9982989 0.05654108 -0.01776719 0.9982422 0.01140952 0.03679448 0.9992578 -0.004273235 0.05269032 0.9986018 0.04821211 -1.61894e-4 0.9988371 -0.01009815 0.1645959 0.9863095 4.71573e-4 -0.003555476 0.9999936 -0.01128613 0.04710197 0.9988264 -0.01602977 0.02099025 0.9996513 0.004516303 0.01727819 0.9998406 -0.01720893 -0.03089064 0.9993746 0.004985928 -0.007140338 0.9999622 0.01012611 0.01580506 0.9998238 0.05798637 0.04948586 0.9970902 1.6501e-4 0 1 -0.1682623 0.1395209 0.9758185 0.04880589 0.004473567 0.9987984 0.04618543 0.02735596 0.9985582 0.04798984 -0.006135761 0.9988291 0.1899955 -0.1861492 0.9639762 0.2329943 -0.2150868 0.9483941 -0.1684857 0.09015405 0.9815727 0.05870175 0.03782004 0.997559 0.01458954 -0.0164808 0.9997578 0.01339536 -0.02265602 0.9996536 0.02313351 -0.0297324 0.9992902 0.008953869 -0.02235507 0.9997101 -0.003415882 -5.43899e-4 0.9999941 0.003313958 -0.02545267 0.9996705 0.008061945 -0.00127691 0.9999667 0.001895368 0.006004095 0.9999802 -0.002811729 -0.002982556 0.9999916 -0.01133638 0.006573855 0.9999142 -0.02936339 -0.01686167 0.9994266 -0.03259569 -0.007104575 0.9994435 -0.2151012 0.246146 0.9450628 0.0189948 0.04821765 0.9986563 -0.07061237 0.1185123 0.9904386 -0.6332207 -0.7638672 0.1246534 -0.1540641 0.1546196 0.9758878 0.03624147 0.04602193 0.9982829 0.09059828 0.04589068 0.9948297 0.05252391 0.01268517 0.9985391 0.03899312 0.03432124 0.9986499 -0.01159697 -0.001541495 0.9999316 -0.03222203 0.02585738 0.9991463 -0.02500617 0.0336979 0.9991192 -0.04885584 0.02909451 0.998382 0.04176348 -0.001532554 0.9991264 0.0220921 0.0234031 0.999482 0.02065622 -0.01238006 0.99971 0.6979394 0.6773949 0.2324152 0.6980975 0.6708741 0.2501758 -0.01235085 -2.5598e-4 0.9999238 0.02471822 0.02640199 0.9993458 -0.1232671 -0.9862899 0.1097166 0.9156426 -0.313251 0.2519375 0.9636076 -0.2070105 0.1691364 -0.6940249 -0.322155 -0.6438522 -0.7694479 -0.1170102 0.6279002 -0.7712814 -0.009918689 -0.636417 -0.6716096 0.2665563 -0.6912946 -0.6139215 -0.4931881 0.6163326 -0.748104 -0.2772428 0.6028903 -0.4938358 -0.5846313 -0.6436865 -0.4070335 -0.6539026 0.637758 -0.2877012 -0.7269896 0.6234696 -0.2541965 -0.7024663 -0.6647747 -0.1184448 -0.7473831 0.6537504 0.002960324 -0.7583931 -0.6517908 0.2729941 -0.6654098 -0.6947692 0.001403868 -0.9894356 0.1449666 -0.2433912 0.9629441 0.1161869 -0.9715179 -0.1081905 0.2108266 -0.5566154 0.5936967 0.5811226 -0.3595482 0.8868308 0.2902693 0.01624155 -0.01212275 0.9997946 0.01672923 0.007573723 0.9998314 0.7336106 0.6711185 0.1068425 0.6941013 0.7078226 -0.1311889 0.8258816 0.1065732 -0.5536803 0.3436774 0.5780958 -0.7400615 0.4740255 0.6083714 -0.6365407 0.06421333 0.8723129 -0.4847132 -0.2991538 0.6279118 -0.7184942 0.1574498 0.9558079 -0.2482756 0.7031352 0.2272165 -0.6737756 -0.1007441 -0.5179734 -0.8494434 0.3785927 0.4674041 -0.7988749 0.373858 0.5698818 -0.7317547 0.8799923 0.05255413 -0.4720718 0.8989741 0.2616718 -0.3512457 0.4558101 0.4546198 -0.7652177 0.2824212 -0.2917295 -0.9138557 0.05597174 0.5733599 -0.8173895 0.1937975 0.9222016 -0.3346441 0.7068415 0.7073716 -8.40778e-4 0.7067595 0.707454 -8.92232e-5 0.7078325 0.7063797 0.001042664 0.7064848 0.7077282 3.30559e-4 0.7071973 0.7070155 0.001141667 0.7072325 0.7069803 0.001072108 0.7071477 0.7070655 -8.26461e-4 0.7079362 0.7062762 5.99831e-4 0.7071041 0.7071093 -4.88909e-4 0.7071533 0.7070603 -4.51133e-4 0.7070224 0.7071912 1.41848e-5 0.7070823 0.7071313 -5.60519e-5 0.7077462 0.7064669 -2.74743e-4 0.7070568 0.7071567 -5.27425e-4 0.706658 0.7075553 5.31849e-5 0.7069143 0.7072992 3.01552e-4 0.7069382 0.7072753 4.30938e-4 0.7075496 0.7066634 7.3224e-4 0.707888 0.7063248 1.93207e-4 0.7069761 0.7072376 -2.08695e-4 0.7075865 0.7066267 2.87889e-4 0.7071905 0.7070229 5.3939e-4 0.707126 0.7070874 5.61397e-4 0.7073806 0.7068328 -3.4713e-4 0.7064466 0.7077664 -1.22861e-4 0.7077665 0.7064465 1.99164e-4 0.7074199 0.7067933 -7.43293e-4 0.7064231 0.70779 1.20851e-4 0.7071886 0.7070243 -9.98038e-4 0.7072261 0.7069875 1.19523e-4 0.7072481 0.7069655 -4.00163e-5 0.7073618 0.7068517 -2.27884e-4 0.7072471 0.7069663 -5.31281e-4 0.7074925 0.7067205 6.80259e-4 -0.6426385 0.7641146 0.05607819 -0.6734853 0.7080006 0.2124917 0.7313198 -0.6756507 0.09309935 -0.4274207 0.5263702 0.7350142 0.4998468 -0.4609948 0.7332373 0.735392 0.1979784 0.6480765 0.544312 0.3920206 0.7416499 -0.3539657 -0.5776435 0.7355517 -0.1548251 -0.7877678 0.5961973 -0.09918713 -0.9205482 0.3778267 0.8985702 -0.03427278 0.4374895 -0.08148556 0.9124251 0.4010495 -0.8168982 -0.1161547 0.564965 -0.5706406 -0.3686671 0.7337942 0.2544687 0.6453887 0.7202217 -0.43777 0.131447 -0.8894264 0.3458101 0.7211931 -0.6002466 0.1737467 0.9130781 -0.368918 -0.9534747 -0.171944 -0.2476311 0.954314 0.1471039 -0.2600871 -0.1987732 -0.8684312 -0.454221 0.8009854 0.2794674 -0.529453 -0.417877 -0.5877502 -0.6927688 0.5812162 0.5225269 -0.6238216 -0.5642398 -0.4056313 -0.7190945 0.00666207 0.004633784 0.9999672 0.01013416 0.00591278 0.9999312 0.7075713 0.7065904 0.008533656 0.7372217 0.6650821 0.1190387 0.7429081 0.6690822 0.02041226 0.6448167 0.728151 0.2323954 -0.2788844 0.7440885 0.6070879 -0.108465 0.9531741 0.2823022 -0.3064424 0.5843189 0.7514416 0.8696783 -0.03759974 0.4921849 0.9484452 -0.106512 0.2985083 0.5893269 -0.3159048 0.7435712 -0.4162533 -0.8753252 -0.2460469 0.7325919 -0.6806663 0.001606702 0.7362842 -0.6742822 0.05682593 -0.6751355 0.7351904 -0.06072193 -0.679372 0.733327 -0.02617579 0.00721997 0.007138013 0.9999486 0.007040441 0.01412749 0.9998754 0.009336233 0.007238745 0.9999303 0.009402215 0.007221698 0.9999298 0.7007682 0.7074953 0.09151154 0.7078985 0.6992915 -0.09935396 -0.10618 -0.07228034 0.9917164 -0.04422372 -0.01657164 0.9988843 -0.09114074 -0.08222442 0.9924377 -0.08249658 -0.08010107 0.9933671 -0.05057013 -0.02202779 -0.9984776 -0.03783011 -0.01061457 -0.9992278 -0.2309865 -0.1159937 -0.966018 -0.08819276 -0.0809735 -0.9928069 -0.7237045 -0.6888241 0.04210817 -0.7872018 -0.6166951 7.13241e-4 -0.7091823 -0.7028967 -0.05474293 -0.6993247 -0.7148038 7.10341e-4 -0.6992472 -0.71488 1.79328e-4 -0.7016497 -0.7124168 -0.01225119 -0.7047131 -0.7070714 -0.05856114 -0.6992512 -0.7148761 1.89859e-4 -0.7041014 -0.7074174 -0.06165951 -0.806122 -0.5916612 0.01021909 -0.7000255 -0.7102516 0.07420974 -0.7054109 -0.7069719 0.05085599 -0.7356482 0.6773632 -9.70864e-4 -0.7243242 0.6894538 0.002819538 0.4985721 0.4949485 0.7116544 0.5012405 0.5008873 0.705599 -0.7131336 -0.6874949 -0.1370811 -0.6840451 -0.7294093 -0.006668508 -0.6971691 -0.7165247 -0.02340316 -0.6878585 -0.725524 -0.02158319 -0.7039301 -0.6878342 -0.1771062 -0.7098401 -0.7042929 0.009928286 -0.7261234 -0.6867638 -0.03317058 -0.5951121 -0.7779675 -0.2015152 -0.7612329 0.6279277 0.1619608 -0.7363685 0.6529515 0.1772449 -0.7804542 0.6023685 -0.1674615 -0.8165575 0.5435863 -0.1942881 -0.08310306 -0.1114035 -0.9902946 -0.2202874 -0.6875971 -0.6918698 -0.4407924 -0.7234025 -0.5314046 -0.2522436 -0.9371928 -0.2409209 0.06537145 -0.974651 -0.2139679 0.7495583 -0.6619368 0.001471638 0.6959183 -0.7180987 0.005673825 -0.153208 -0.718033 0.6789374 -0.2920942 -0.9302398 0.2221149 -0.5466918 -0.6664494 0.5069252 0.02261447 -0.9825863 0.1844257 -0.07334923 -0.01175087 0.9972371 0.1936733 0.6019867 -0.774663 0.7101982 0.5331217 -0.4597823 0.707677 0.7065306 -0.002779126 0.7077606 0.7064523 3.49676e-4 0.707717 0.706496 4.37439e-4 0.7123469 0.7018226 -0.002636611 0.7054885 0.7087213 4.83225e-4 0.480367 0.8153725 -0.3231338 0.5680223 0.1252505 -0.8134267 0.7114001 0.7027841 0.002109706 0.7061975 0.7080149 -1.30985e-4 0.7057881 0.7084228 5.7695e-4 0.7088077 0.7054017 3.86654e-4 0.7070897 0.7071239 1.95865e-4 0.709981 0.7041729 -0.008219063 0.7065203 0.7076928 3.85225e-4 0.2499831 0.5234051 -0.8145893 0.7718404 0.4858108 -0.4101833 0.7072347 0.7069747 -0.002465188 0.7063945 0.7078184 8.59892e-5 0.7066677 0.7075441 0.001517832 0.7059735 0.7082332 0.00266081 0.7096245 0.7045714 0.003507316 0.7038581 0.7103374 0.002144336 0.7081215 0.7060906 -1.7035e-4 0.7078858 0.7063262 0.001106381 0.7064782 0.7077348 1.55142e-4 -0.2153467 0.6152458 0.7583525 -0.02752828 -0.8572542 0.5141571 0.5950015 -0.2092393 0.7760105 -0.855059 -0.002868771 0.5185227 -0.7208867 -0.6811071 0.1281236 -0.6931287 -0.7131348 0.1049357 0.6778242 -0.7130977 0.1790141 0.6968441 -0.7172114 -0.004016518 0.6987046 -0.7136829 0.04968565 0.7245374 -0.6872704 0.05200988 -0.7099231 0.6777831 0.191362 -0.7109656 0.7032187 0.00339967 -0.7105254 0.7035194 0.01463413 -0.7103486 0.7037004 0.01451009 -0.6801216 0.7307445 0.05871248 -0.5929688 -0.6271449 -0.5050519 0.02131533 0.04793548 0.998623 0.02434223 0.02326452 0.9994331 0.7050027 0.709197 0.003281354 0.6978468 0.7162211 -0.006098031 0.145879 0.1019917 -0.984031 0.1025846 0.09626585 -0.9900552 -0.5830262 -0.5996288 -0.5482023 -0.5744022 -0.6210167 -0.5332921 0.6040872 0.604847 0.5188824 0.598889 0.6308028 0.4933759 -0.1859236 -0.4315735 0.8827099 -0.2897698 0.09540599 0.9523294 -0.09111446 -0.2024471 0.9750453 -0.0696181 -0.1793609 0.981317 0.2089886 -0.2103663 0.9550235 0.07049423 0.06620931 0.9953125 -0.5482426 0.1199395 0.8276742 -0.4240382 -0.2844114 0.8598266 0.03967565 -0.5561003 0.8301676 -0.09282213 0.1075938 0.9898523 -0.1255388 -0.02105492 0.9918653 -0.213236 0.05080932 0.9756787 -0.1821352 -0.1724224 0.9680379 0.02417463 -0.1287553 0.9913818 0.06670385 -0.1859311 0.980296 0.1228131 0.04532968 0.9913941 -0.02238225 0.4447788 0.8953608 -0.8348159 0.5501312 -0.02092665 -0.6911414 0.6698501 0.2713383 -0.6836564 0.7263112 0.0713157 -0.6547632 0.7534422 -0.06008452 0.7375282 -0.674875 0.02441012 0.7262341 -0.683736 0.07133913 0.6688581 -0.6911967 0.273635 0.5391192 -0.8409947 -0.04559206 -0.03554815 0.01436942 0.9992647 0.0407204 0.02429682 0.9988752 0.02932661 -0.01607322 0.9994407 0.03052592 0.04506105 0.9985178 -0.01572114 0.02161836 0.9996427 -0.02506679 -0.02560484 0.9993578 -0.04996162 -0.02616894 0.9984083 -0.04708981 -0.02914899 0.9984653 -0.01608824 -0.05086725 0.9985759 -0.7111459 -0.7027988 -0.01858359 -0.7097542 -0.7044233 -0.006066799 -0.7073026 -0.7069109 0 -0.7072968 -0.7069168 1.10229e-5 -0.7067294 -0.7074839 5.0004e-4 -0.7073742 -0.7068393 8.16469e-5 -0.7062492 -0.7079634 0 -0.706722 -0.7074913 3.59152e-4 -0.7066315 -0.7075815 -7.41972e-4 -0.7070437 -0.7071698 -3.82607e-4 -0.7075713 -0.7066417 -6.81166e-4 -0.70759 -0.7066232 2.1094e-4 -0.7370133 0.6758783 0 -0.753696 0.6568638 -0.02173852 -0.3879567 0.3180633 0.8650581 -0.4117706 0.3141983 0.855409 0.3177936 -0.3882049 0.8650457 0.2860453 -0.3919147 0.8744033 0.651899 -0.758081 0.01846474 0.6678718 -0.7442764 0 0.3148636 -0.390983 -0.864866 0.3107684 -0.4164785 -0.8543821 -0.3908713 0.3149898 -0.8648707 -0.391897 0.3063082 -0.8675206 -0.7081457 -0.7060663 0 -0.7074996 -0.7067131 9.63536e-4 -0.7066183 -0.7075945 7.69637e-4 -0.7069406 -0.7072728 4.4937e-4 -0.7063542 -0.7078586 0 -0.7059341 -0.7082733 -0.002435922 -0.7060225 -0.7081894 2.22073e-4 -0.7079204 -0.7062894 -0.001995146 -0.7078716 -0.7063412 -1.90062e-4 -0.3651673 0.341946 0.8658672 -0.3903819 0.3500697 0.8515006 0.3389741 -0.3679428 0.8658607 0.3347774 -0.3665536 0.8680799 0.6958391 -0.7181978 0 0.6866412 -0.7264502 0.02817845 0.3389536 -0.3679659 -0.8658589 0.3445283 -0.3851991 -0.8561086 -0.3681148 0.3389466 -0.8657983 -0.3623991 0.3218058 -0.8747045 -0.7215184 0.6923953 0 -0.7231264 0.6906952 -0.005338907 -0.7087424 -0.7054675 0 -0.7074785 -0.7067348 4.83424e-4 -0.7074956 -0.706716 0.001552939 -0.7069433 -0.7072701 3.99277e-4 -0.7069954 -0.7072108 -0.003250479 -0.7111635 -0.7030266 0 -0.7082914 -0.7059143 0.002910077 -0.7049227 -0.7092843 7.91946e-5 -0.7079782 -0.7062323 -0.001706004 -0.7080017 -0.7062104 -6.53191e-4 0.3390296 -0.3680292 0.8658022 0.334147 -0.3664124 0.8683823 0.6954619 -0.718563 0 0.6851724 -0.7277044 0.03139013 0.3381591 -0.3688852 -0.8657783 0.3429239 -0.3836178 -0.8574618 -0.3680478 0.3388702 -0.8658567 -0.361237 0.3184682 -0.8764051 -0.7223064 0.6915732 0 -0.7232255 0.6906053 -0.003044962 -0.3651401 0.3418304 0.8659242 -0.3905798 0.3500242 0.8514285 -0.03627544 -0.01097196 -0.9992816 0.0849204 -0.07379817 -0.9936511 0.6830673 0.7296807 0.03138804 0.7188267 0.6949706 -0.01744145 0.7073757 -0.7065601 -0.01981401 0.7026958 -0.710616 -0.03526544 -0.7451144 -0.6661187 -0.03302252 -0.710088 -0.703112 0.03753155 -0.3784667 0.5822118 -0.719578 -0.4908057 0.7343164 -0.4689236 -0.7783873 0.4968189 -0.3837765 0.1507348 0.5467837 -0.8235937 0.1648359 0.9315775 -0.3240256 -0.4416059 0.02298057 -0.8969148 0.5774608 -0.3779238 -0.72368 0.7521983 -0.5223913 -0.4016281 0.9163356 0.1823821 -0.356463 0.5245933 0.1428905 -0.839276 0.685196 0.7269782 -0.04482424 0.6796075 0.7326338 -0.0371679 -0.707944 0.7053148 0.03669351 -0.6916145 0.7215572 -0.03201025 -0.6917289 -0.7219473 -0.01741468 -0.7184774 -0.6925439 -0.06460058 -0.04449188 0.02251094 -0.9987561 -0.01526337 -0.03088915 -0.9994063 -0.7125753 -0.6926627 0.1116019 -0.7173193 -0.6870923 0.1155744 0.1341497 0.09994018 -0.9859088 0.08166426 0.09412997 -0.992205 0.711811 0.7023444 0.006134808 0.7072802 0.7069334 7.99341e-5 0.006035923 0.009038388 0.9999409 -0.03177845 0.2543938 0.9665785 -0.5962323 -0.6057865 -0.5268111 -0.5911175 -0.6161177 -0.5205566 0.6019541 0.5797728 0.5491036 0.5903747 0.6344983 0.4988685 -0.9294157 -0.3687266 -0.01507622 -0.8141275 -0.1979774 0.5458951 -0.5286167 0.2017905 0.8245272 -0.7197879 -0.2578541 0.6445283 -0.3785617 -0.9253764 -0.01922714 -0.04474067 -0.4598892 0.8868486 -0.09827083 -0.7326061 0.6735215 -0.2862665 -0.901404 -0.3248423 0.139227 -0.5485157 0.8244674 -0.2143035 -0.8020055 0.5575493 0.2904765 -0.9345725 0.205421 -0.4717025 0.001556456 0.8817564 -0.8235083 -0.5670832 0.01583963 -0.7991452 -0.5832524 0.145546 -0.6442652 -0.673808 0.3618079 -0.9191202 -0.182475 0.3491717 -0.1109987 -0.9845224 -0.1356278 -0.5923245 0.1308375 0.7950052 -0.7779209 -0.551625 0.3009141 -0.9637915 0.07263529 0.2565736 -0.730078 -0.6186528 0.2902672 -0.9451437 0.2216902 0.23991 -0.9321749 -0.2260854 0.2827288 0.1180192 -0.9577045 0.2624379 -0.4353591 -0.7963729 0.4198247 -0.8351867 -0.4969431 0.2356077 -0.5573755 -0.783402 0.2749797 -0.865374 -0.4825097 -0.1353224 -0.3941904 0.8745069 -0.2825804 0.6388036 0.6445107 -0.4201619 0.9416743 -0.2383561 -0.2375625 0.8783777 -0.3891524 -0.2775126 -0.2783934 0.9321997 -0.2313027 -0.4094459 0.8413845 0.3527412 -0.3990986 0.8093978 0.430808 0.1837274 0.9821786 -0.03961426 0.3234137 0.8037886 0.4993273 0.3419691 0.4841281 0.805405 0.9171336 -0.2954262 0.2675622 0.7530141 0.3977946 0.5241464 0.8533716 -0.3381197 0.3967772 0.8043099 0.4448516 0.3939452 0.7267114 0.6045451 0.3262144 0.6857422 0.724624 -0.06839412 0.6153921 0.04156732 0.7871245 0.6826809 0.7294665 0.04272663 0.5329204 0.6642431 0.524192 0.00100708 0.5080225 0.8613432 0.2125632 0.0966224 0.9723585 0.2361272 0.1988327 0.9511622 0.3083091 0.1718254 0.9356397 -0.05050837 0.2998763 0.9526401 0.5049161 -0.3004348 0.8091964 0.1997444 0.6517557 0.7316535 0.4526872 0.3409269 0.8239194 0.628978 0.3594291 0.6893457 0.02380537 0.7583236 0.6514436 0.6042289 0.5814002 0.5448681 -0.6705566 0.7347374 0.1025428 0.8878898 0.237621 0.3939394 0.8793129 0.4637359 0.1084339 0.4574491 0.8858746 0.0772435 0.1639493 0.2068898 0.9645296 -0.08075338 0.279402 0.9567725 0.2850767 -0.05011194 0.9571939 0.1383743 0.4054485 0.9035841 0.6594229 0.09463924 0.7457915 0.2988145 0.4751856 0.827592 0.0461142 0.769262 0.6372672 0.4778672 0.6744098 0.5628627 0.7922832 0.3823163 0.4755225 0.5301442 0.7689853 0.3572239 0.7454395 -0.656353 0.1162794 0.642606 0.7300426 0.2325845 0.398889 0.7337788 0.5499602 0.07242119 -0.1084029 -0.9914656 -0.7579705 0.639923 -0.1264098 -0.7079741 0.705258 -0.03720235 -0.7096067 0.7029229 -0.04855632 -0.2634432 0.3143801 0.9120104 -0.07666373 0.1181086 0.990037 -0.05899345 0.1391367 0.9885144 0.7037802 -0.7089076 -0.04629808 -0.6161519 0.7715862 0.1581504 0.6136917 0.03253406 0.7888753 0.7050625 0.3536605 -0.6146636 0 0 1 -0.0576201 0.09418201 -0.9938862 0.6548143 0.6747431 0.3404998 0.8545007 0.5180901 -0.0375688 0.507687 0.7925228 0.3378781 -0.5672884 0.823496 0.006195366 0.4663418 0.6854736 0.5591523 0.4881002 0.5054048 0.7115647 0.2489475 0.0476104 0.967346 0.6752441 -0.3405977 0.6542467 0.6859717 -0.5245882 0.5042321 0.6094501 0.6043228 0.5131906 0.5546582 0.6192371 0.5557875 0.5860043 0.4459505 0.6765555 0.724606 0.6084213 0.3236815 -0.09079474 0.3230769 0.9420073 -0.3282961 0.7082308 0.6250047 -0.8853611 0.396383 0.2429326 -0.029756 0.5011525 0.8648474 -0.02179086 0.3898551 0.9206184 0.5367367 -0.009521901 0.8436962 0.4902651 0.8272309 0.2744618 -0.8870468 0.3416649 -0.3105045 -0.6861619 -0.1885777 -0.7025812 -0.4211617 -0.01785355 -0.9068099 0.5055762 -0.06662273 -0.8602059 -0.0237739 0.9316095 -0.3626825 0.06174105 0.5237462 -0.8496341 -0.3761454 -0.8436645 -0.3830732 0.2473263 -0.680361 -0.689883 0.002075254 -0.4266234 -0.9044271 0.716995 -0.2732107 -0.6413066 0.8078672 0.4123721 -0.42107 0.426467 0.006500422 -0.9044799 -0.7250511 -0.1608071 -0.6696583 0.03604358 0.4847728 -0.8738972 -0.6073983 -0.5970522 -0.5240191 0.7438406 0.6474004 0.1660541 -0.2178736 -0.4461846 0.8680153 -0.1468269 -0.318252 -0.9365669 -0.001586973 -0.5078328 0.8614542 -0.5391813 -0.2033489 0.8172715 -0.410759 -0.209759 -0.887287 -0.5276194 -0.1707561 0.832142 -0.3549327 -0.453386 0.8175964 -0.04550665 0.1137166 0.9924705 0.1039081 0.01667374 0.9944472 0.1208803 -0.1017851 0.987435 0.01045161 0.1728149 0.9848989 -0.1024406 -0.1321538 0.9859216 0.07132804 -0.08291763 0.9940006 0.06525874 0.06460654 0.9957748 0.1426843 0.05042123 0.9884832 -0.06649458 0.1163807 0.9909764 -0.04355603 0.007510125 0.9990229 -0.4714956 -0.6018139 0.6446022 -0.2001754 -0.5212373 0.8296033 0.2418689 -0.674944 0.6971013 -0.718818 0.1724638 0.6734665 0.6698994 -0.7273707 0.1488846 -0.8676313 0.4891607 -0.08909386 -0.7622563 0.6272052 0.1599352 0.1229764 -0.1380444 0.9827618 0.07034748 -0.01478725 0.997413 -0.02971202 -0.02064919 0.9993453 0.7011752 0.2999039 0.6468469 -0.062707 0.1302727 0.9894933 0.1064473 0.08706939 0.9904988 -0.0362274 0.03220641 0.9988245 -0.07347184 0.1375904 0.9877605 -0.05601781 -0.08620476 0.9947014 -0.7482938 0.003234982 0.6633596 -0.5071693 -0.2053641 0.8370215 -0.08865803 -0.7514723 0.6537806 -0.2629816 -0.4806426 0.8365544 0.5667719 -0.7757998 0.2773166 -0.75708 0.6042371 0.2484499 0.5104625 -0.1461254 -0.8473934 -0.6063318 -0.6388657 -0.4735108 0.7064489 0.707763 -0.001273989 0.7110354 0.7031451 -0.003961324 0.7065808 0.7076258 -0.003047406 0.1175886 0.7191432 -0.6848402 -0.2953636 -0.875409 -0.3826481 0.5269141 0.769908 -0.3600046 0.7076116 0.7065849 0.004849314 0.7085732 0.7056371 -5.99574e-4 0.7056725 0.7085276 -0.003862261 0.7099459 0.7042171 0.007424473 0.8087657 0.5863431 -0.04582607 0.5911307 0.7152226 -0.3728557 0.6706966 0.1702073 -0.7219389 0.7410743 0.5573775 -0.374352 0.7082037 0.7060082 -8.18458e-5 0.7060844 0.708125 -0.001947224 0.7099373 0.7042066 -0.009069561 0.6804274 0.5358576 -0.4998754 0.2668582 0.5913363 -0.7609915 0.4577853 -0.1947418 -0.8674725 0.7065247 0.7076882 5.69892e-4 0.7071086 0.7071007 0.002462565 0.7084513 0.7057553 -0.002495348 -0.05948233 0.5559417 -0.8290903 0.7092884 0.7049149 -0.0022192 0.7050879 0.7091199 3.12818e-4 0.7136623 0.7003421 -0.01439344 0.7085012 0.7056978 0.004093289 0.7238026 0.1198504 -0.6795187 -0.4968486 -0.7995051 -0.3375397 0.7070583 0.7071544 0.001191377 0.7070815 0.7071318 -6.39635e-4 0.7072535 0.7069597 6.44497e-4 0.7079989 0.7062134 -5.44366e-4 0.7093758 0.7048157 0.004576444 0.706164 0.7080484 2.61472e-4 0.5328895 0.7222589 -0.4408751 0.4738987 0.3846002 -0.7921507 -0.3840838 -0.09030622 0.9188713 -0.702054 -0.3563678 0.6165404 -0.2582847 -0.2040824 0.9442666 -0.4948403 -0.6489324 0.5779445 -0.09952294 -0.2956696 0.950092 0.2267878 -0.6475249 0.7275156 -0.01150584 -0.3813109 0.9243754 0.3260401 -0.2631699 0.9079865 0.6057528 -0.2051221 0.7687579 0.4299314 0.095191 0.8978294 0.5843852 0.3317763 0.7405529 0.126959 0.3652209 0.922223 -0.3722786 0.7182798 0.5877779 0.7309002 -0.1169184 0.6723952 0.7345107 -0.3751141 0.5654942 -0.1669995 0.6991274 0.695221 -0.3673344 -0.3679448 0.8542143 0.08456885 0.1594631 0.9835749 -8.17261e-5 0 -1 0.394885 0.216349 0.8928937 0.1056576 -0.07336825 0.9916924 0.2128409 -0.1746308 0.9613547 -0.5741239 0.8021925 -0.1639177 -0.8546412 0.5157513 -0.05990999 -0.8076294 0.5896309 0.008392751 0.526582 -0.8495385 -0.03155702 0.542685 -0.8395108 -0.02673441 -0.2072161 0.04392999 -0.9773085 0.1259066 0.1356775 -0.9827203 0.02302891 -0.1055433 -0.994148 -0.04159677 0.006042659 -0.9991163 -0.03473109 0.01950192 -0.9992064 -0.03198373 0.03207528 -0.9989737 -0.05487543 0.04572951 -0.9974456 -0.0604549 0.05773323 -0.9965 0.09855681 0.06175154 -0.9932137 0.03704452 -0.03123706 -0.9988254 0.05493104 -0.07220089 -0.9958764 -0.1590285 -0.1324429 -0.9783501 -0.18978 -0.1494642 -0.9703834 0.1426004 -0.01447916 -0.9896745 0.2444875 -0.05256927 -0.9682264 -0.1367356 0.147915 -0.9795022 0.05297952 0.1270464 -0.9904809 -0.03772062 0.1651211 -0.9855518 0.1045539 0.007516324 -0.9944908 0.04899179 -0.0911616 -0.9946303 0.07821547 -9.07399e-4 -0.9969362 -0.09799456 0.07255411 -0.9925387 0.202763 -0.0706532 -0.9766756 -0.2133197 -0.2340731 -0.9485275 -0.08843141 0.08843088 -0.9921491 -0.3005035 -0.3099463 -0.902015 0.8933807 -0.1162239 -0.4340083 -0.1315765 -0.1302447 -0.9827126 -0.08206135 0.1709548 -0.9818556 -0.002309262 0.1144379 -0.9934278 -0.05470854 0.086757 -0.9947263 -0.1397786 0.03298562 -0.9896333 -0.08158773 -0.1785242 -0.9805471 -0.1771388 -0.03469181 -0.9835743 0.4002276 -0.07470476 -0.9133658 -0.03098058 0.08844196 -0.9955995 -0.05413746 0.151696 -0.9869436 -0.001388013 0.03942948 -0.9992215 0.01982063 0.04337024 -0.9988625</float_array>
          <technique_common>
            <accessor source="#fix_002-mesh-normals-array" count="1343" stride="3">
              <param name="X" type="float"/>
              <param name="Y" type="float"/>
              <param name="Z" type="float"/>
            </accessor>
          </technique_common>
        </source>
        <vertices id="fix_002-mesh-vertices">
          <input semantic="POSITION" source="#fix_002-mesh-positions"/>
        </vertices>
        <triangles material="Material_1_002-material" count="1461">
          <input semantic="VERTEX" source="#fix_002-mesh-vertices" offset="0"/>
          <input semantic="NORMAL" source="#fix_002-mesh-normals" offset="1"/>
          <p>3 0 4 1 2 2 1 3 3 0 2 2 6 4 8 5 7 6 9 7 7 6 8 5 7 6 5 8 6 4 408 9 24 10 23 11 26 12 680 13 25 14 27 15 321 16 672 17 28 18 29 19 27 15 30 20 31 21 29 19 30 20 32 22 31 21 28 18 30 20 29 19 672 17 28 18 27 15 33 23 35 24 672 17 36 25 35 24 34 26 33 23 34 26 35 24 39 27 318 28 37 29 37 29 38 30 39 27 38 30 40 31 41 32 38 30 41 32 39 27 40 31 324 33 41 32 43 34 45 35 44 36 43 34 44 36 37 29 42 37 43 34 37 29 49 38 46 39 47 40 47 40 48 41 49 38 50 42 325 43 51 44 48 41 50 42 51 44 48 41 51 44 49 38 52 45 54 46 53 47 55 48 53 47 54 46 52 45 53 47 47 40 364 49 52 45 47 40 63 50 56 51 57 52 63 50 62 53 56 51 58 54 60 55 59 56 59 56 61 57 58 54 61 57 59 56 62 53 63 50 61 57 62 53 64 58 61 57 63 50 58 54 61 57 65 59 64 58 65 59 61 57 359 60 64 58 63 50 66 61 331 62 67 63 67 63 68 64 66 61 68 64 67 63 69 65 70 66 68 64 69 65 69 65 71 67 70 66 272 68 68 64 72 69 73 70 74 71 68 64 272 68 73 70 68 64 75 72 77 73 338 74 76 75 78 76 79 77 76 75 79 77 77 73 78 76 322 78 79 77 75 72 76 75 77 73 80 79 82 80 81 81 78 76 80 79 81 81 78 76 81 81 83 82 80 79 75 72 82 80 84 83 0 84 247 85 84 83 1 3 0 84 84 83 3 0 1 3 85 86 4 1 3 0 84 83 85 86 3 0 86 87 8 5 6 4 86 87 9 7 8 5 86 87 87 88 9 7 249 89 86 87 6 4 88 90 10 91 653 92 89 93 11 94 10 91 89 93 90 95 11 94 88 90 89 93 10 91 91 96 12 97 650 98 91 96 13 99 12 97 92 100 14 101 13 99 91 96 92 100 13 99 98 102 182 103 96 104 95 105 98 102 96 104 94 106 93 107 97 108 101 109 103 110 102 111 108 112 51 44 104 113 108 112 109 114 105 115 102 111 103 110 106 116 106 116 107 117 102 111 507 118 118 119 697 120 317 121 120 122 639 123 639 123 640 124 317 121 120 122 317 121 376 125 684 126 592 127 122 128 121 129 684 126 122 128 128 130 380 131 21 132 128 130 21 132 18 133 130 134 131 135 380 131 128 130 18 133 129 136 127 137 380 131 128 130 130 134 380 131 127 137 132 138 133 139 17 140 134 141 17 140 15 142 134 141 15 142 135 143 5 8 136 144 133 139 132 138 17 140 134 141 5 8 133 139 132 138 138 145 139 146 137 147 142 148 139 146 141 149 140 150 141 149 139 146 138 145 140 150 139 146 461 151 138 145 137 147 145 152 146 153 143 154 147 155 146 153 148 156 145 152 148 156 146 153 144 157 145 152 143 154 150 158 149 159 458 160 151 161 152 162 149 159 153 163 152 162 305 164 151 161 305 164 152 162 150 158 151 161 149 159 156 165 154 166 155 167 156 165 157 168 154 166 158 169 155 167 154 166 159 170 160 171 161 172 162 173 159 170 161 172 162 173 161 172 163 174 163 174 164 175 162 173 165 176 164 175 163 174 154 166 164 175 165 176 154 166 165 176 158 169 166 177 114 178 117 179 167 180 117 179 116 181 167 180 116 181 113 182 168 183 113 182 115 184 169 185 115 184 112 186 168 183 115 184 169 185 167 180 113 182 168 183 166 177 117 179 167 180 424 187 114 178 166 177 170 188 105 115 109 114 171 189 109 114 108 112 171 189 108 112 104 113 172 190 104 113 107 117 172 190 107 117 106 116 173 191 106 116 103 110 173 191 103 110 174 192 172 190 106 116 173 191 171 189 104 113 172 190 170 188 109 114 171 189 175 193 94 106 176 194 175 193 176 194 177 195 178 196 177 195 179 197 180 198 179 197 181 199 180 198 181 199 182 103 180 198 182 103 183 200 178 196 179 197 180 198 175 193 177 195 178 196 417 201 94 106 175 193 708 202 184 203 185 204 187 205 185 204 186 206 706 207 188 208 707 209 189 210 185 204 187 205 708 202 185 204 189 210 192 211 705 212 191 213 194 214 193 215 192 211 196 216 198 217 199 218 200 219 198 217 201 220 707 209 184 203 708 202 202 221 201 220 203 222 706 207 204 223 188 208 205 224 203 222 204 223 195 225 194 214 196 216 205 224 204 223 706 207 202 221 203 222 205 224 200 219 201 220 202 221 199 218 198 217 200 219 197 226 196 216 199 218 195 225 196 216 197 226 193 215 194 214 195 225 705 212 192 211 193 215 190 227 191 213 705 212 704 228 24 10 206 229 704 228 206 229 190 227 707 209 188 208 184 203 191 213 190 227 206 229 310 230 207 231 309 232 208 233 209 234 207 231 208 233 210 235 209 234 310 230 208 233 207 231 212 236 213 237 150 158 212 236 214 238 213 237 211 239 212 236 150 158 217 240 218 241 215 242 217 240 219 243 218 241 216 244 217 240 215 242 221 245 222 245 223 245 265 246 228 246 229 246 230 247 231 247 313 247 233 248 232 248 234 248 229 249 234 249 232 249 701 250 687 250 248 250 312 251 236 251 230 251 311 252 687 252 235 252 312 253 311 253 260 253 84 254 688 254 696 254 188 255 696 255 697 255 696 256 688 256 686 256 698 257 686 257 313 257 696 258 686 258 698 258 239 259 240 259 241 259 184 260 188 260 697 260 86 261 191 261 701 261 701 262 191 262 700 262 699 263 700 263 206 263 498 264 245 264 235 264 498 265 235 265 687 265 701 266 498 266 687 266 84 267 247 267 688 267 188 268 84 268 696 268 204 269 85 269 84 269 247 270 201 270 688 270 86 271 701 271 248 271 86 272 249 272 192 272 198 273 248 273 688 273 87 274 86 274 248 274 196 275 87 275 248 275 194 276 249 276 87 276 250 277 245 277 251 277 90 278 251 278 245 278 90 279 89 279 251 279 90 280 245 280 498 280 252 281 90 281 498 281 244 282 498 282 499 282 88 283 252 283 498 283 246 284 88 284 498 284 241 285 240 285 253 285 241 286 91 286 254 286 92 287 91 287 255 287 698 288 243 288 504 288 256 289 255 289 698 289 256 290 92 290 255 290 239 291 223 291 240 291 91 292 256 292 698 292 242 293 91 293 698 293 237 294 698 294 313 294 254 295 91 295 242 295 191 296 206 296 700 296 192 297 191 297 86 297 194 298 192 298 249 298 196 299 194 299 87 299 203 300 247 300 85 300 198 301 196 301 248 301 201 302 198 302 688 302 203 303 201 303 247 303 204 304 203 304 85 304 188 305 204 305 84 305 184 306 697 306 501 306 243 307 501 307 504 307 243 308 184 308 501 308 255 309 243 309 698 309 257 310 225 310 227 310 241 311 255 311 91 311 246 312 89 312 88 312 251 313 257 313 259 313 246 314 251 314 89 314 244 315 499 315 699 315 244 316 246 316 498 316 206 317 244 317 699 317 259 318 263 318 250 318 259 319 250 319 251 319 259 320 257 320 227 320 226 321 259 321 227 321 226 322 227 322 234 322 260 323 234 323 236 323 260 324 226 324 234 324 260 325 236 325 312 325 261 326 311 326 235 326 261 327 260 327 311 327 261 328 235 328 262 328 263 329 261 329 262 329 231 330 264 330 220 330 265 331 229 331 232 331 266 332 232 332 225 332 266 333 265 333 232 333 266 334 225 334 257 334 268 335 257 335 241 335 268 336 266 336 257 336 268 337 241 337 253 337 267 338 253 338 220 338 267 339 268 339 253 339 264 340 258 340 267 340 264 341 267 341 220 341 231 342 220 342 224 342 231 343 224 343 221 343 231 344 221 344 313 344 230 345 313 345 312 345 239 346 238 346 223 346 254 347 239 347 241 347 237 348 242 348 698 348 237 349 269 349 242 349 237 350 221 350 223 350 237 351 313 351 221 351 69 65 67 63 62 53 270 352 71 67 69 65 62 53 59 56 271 353 291 354 455 354 373 354 272 355 291 355 373 355 81 356 643 356 357 356 83 357 81 357 357 357 695 358 702 358 406 358 695 359 273 359 702 359 288 360 287 360 273 360 695 361 288 361 273 361 274 362 275 362 276 362 274 363 276 363 300 363 703 364 280 364 521 364 404 365 524 365 275 365 703 366 521 366 277 366 407 367 278 367 703 367 693 368 283 368 278 368 407 369 693 369 278 369 277 370 407 370 703 370 404 371 277 371 524 371 274 372 404 372 275 372 695 373 274 373 300 373 280 374 662 375 521 376 279 377 521 376 662 375 693 378 661 379 283 380 661 379 693 378 284 381 279 377 662 375 661 379 279 377 661 379 284 381 279 377 284 381 285 382 285 382 558 383 279 377 281 384 285 382 286 385 558 383 285 382 281 384 281 384 282 386 558 383 656 387 288 388 512 389 656 387 287 390 288 388 702 391 289 392 406 393 289 392 657 394 406 393 657 394 656 387 512 389 290 395 406 393 657 394 290 395 657 394 512 389 163 396 456 396 455 396 161 397 160 397 456 397 163 398 161 398 456 398 165 399 163 399 455 399 74 400 647 400 158 400 74 401 644 401 647 401 291 402 158 402 165 402 291 403 74 403 158 403 291 404 165 404 455 404 326 405 292 405 639 405 603 406 293 406 292 406 122 407 328 407 296 407 295 408 120 408 376 408 326 409 639 409 690 409 326 410 603 410 292 410 690 411 639 411 120 411 690 412 120 412 296 412 121 413 122 413 296 413 122 414 342 414 328 414 121 415 120 415 295 415 121 416 296 416 120 416 559 417 520 417 519 417 126 418 553 418 466 418 125 419 297 419 515 419 550 420 298 420 299 420 549 421 552 421 551 421 549 422 551 422 550 422 549 423 510 423 552 423 508 424 546 424 547 424 508 425 545 425 546 425 508 426 547 426 509 426 517 427 509 427 300 427 547 428 300 428 509 428 515 429 513 430 548 431 125 432 515 429 548 431 547 433 298 434 551 435 547 433 546 436 298 434 518 437 276 438 275 439 518 437 275 439 301 440 516 441 518 437 301 440 301 440 441 442 589 443 301 440 589 443 516 441 219 243 302 444 218 241 304 445 302 444 303 446 215 242 304 445 216 244 303 446 216 244 304 445 219 243 303 446 302 444 214 238 305 164 213 237 306 447 305 164 214 238 150 158 306 447 211 239 214 238 211 239 306 447 210 235 307 448 209 234 309 232 307 448 308 449 308 449 310 230 309 232 210 235 308 449 307 448 311 450 674 451 395 452 312 453 443 454 674 451 313 455 392 456 443 454 686 457 393 458 392 456 313 455 686 457 392 456 312 453 313 455 443 454 311 450 312 453 674 451 687 459 311 450 395 452 553 460 126 461 559 462 519 463 529 464 553 460 519 463 314 465 529 464 519 463 553 460 559 462 315 466 387 467 638 468 445 469 387 467 315 466 445 469 592 127 684 126 317 121 640 124 344 470 344 470 316 471 317 121 347 472 444 473 316 471 347 472 399 474 444 473 432 475 31 475 320 475 319 476 320 476 321 476 104 477 325 477 107 477 432 478 320 478 319 478 324 479 31 479 432 479 433 480 41 480 324 480 432 481 433 481 324 481 318 482 29 482 31 482 323 483 27 483 29 483 318 484 31 484 324 484 323 485 29 485 318 485 323 486 318 486 39 486 403 487 96 487 41 487 96 488 39 488 41 488 51 489 325 489 104 489 96 490 403 490 325 490 322 491 321 491 177 491 108 492 49 492 51 492 403 493 41 493 433 493 102 494 409 494 101 494 102 495 403 495 409 495 107 496 403 496 102 496 107 497 325 497 403 497 95 498 49 498 108 498 271 499 105 499 326 499 342 500 327 500 328 500 599 501 420 501 329 501 271 502 108 502 105 502 326 503 420 503 599 503 326 504 105 504 420 504 326 505 599 505 603 505 60 506 271 506 59 506 99 507 271 507 60 507 97 508 60 508 330 508 331 509 330 509 56 509 62 510 67 510 56 510 331 511 56 511 67 511 154 512 330 512 331 512 319 513 321 513 322 513 111 514 328 514 327 514 112 515 270 515 328 515 112 516 328 516 111 516 164 517 270 517 112 517 162 518 113 518 159 518 117 519 333 519 116 519 22 520 333 520 117 520 22 521 117 521 114 521 22 522 114 522 334 522 22 523 334 523 335 523 159 524 113 524 116 524 336 525 333 525 435 525 338 526 402 526 319 526 338 527 319 527 322 527 154 528 71 528 164 528 339 529 402 529 338 529 339 530 338 530 77 530 94 531 330 531 157 531 157 532 176 532 94 532 27 533 177 533 321 533 79 534 322 534 177 534 97 535 330 535 94 535 95 536 108 536 271 536 95 537 46 537 49 537 99 538 60 538 97 538 95 539 271 539 99 539 96 540 325 540 46 540 96 541 46 541 95 541 182 542 39 542 96 542 323 543 39 543 182 543 177 544 27 544 323 544 341 545 79 545 177 545 341 546 177 546 176 546 341 547 176 547 157 547 341 548 77 548 79 548 340 549 77 549 341 549 339 550 77 550 340 550 336 551 435 551 402 551 337 552 402 552 339 552 336 553 402 553 337 553 159 554 116 554 333 554 159 555 333 555 336 555 162 556 115 556 113 556 162 557 112 557 115 557 332 558 71 558 154 558 164 559 112 559 162 559 164 560 71 560 270 560 154 561 331 561 332 561 157 562 330 562 154 562 315 466 119 563 592 127 593 564 592 127 343 565 592 127 119 563 343 565 593 564 342 566 122 128 593 564 122 128 592 127 602 567 345 568 346 569 344 470 350 570 347 472 640 124 639 123 602 567 346 569 640 124 602 567 344 470 640 124 346 569 346 569 349 571 350 570 346 569 350 570 344 470 351 572 282 572 352 572 351 573 353 573 282 573 354 574 355 574 290 574 356 575 34 575 694 575 54 576 434 576 43 576 692 577 34 577 45 577 434 578 45 578 43 578 360 579 34 579 33 579 360 580 45 580 34 580 360 581 42 581 45 581 52 582 361 582 362 582 54 583 362 583 352 583 363 584 52 584 364 584 54 585 52 585 362 585 434 586 54 586 352 586 364 587 43 587 42 587 364 588 54 588 43 588 64 589 359 589 367 589 361 590 363 590 314 590 314 591 366 591 361 591 365 592 33 592 356 592 65 593 64 593 376 593 358 594 359 594 65 594 358 595 367 595 359 595 358 596 65 596 363 596 363 597 361 597 52 597 363 598 364 598 42 598 360 599 363 599 42 599 360 600 33 600 365 600 357 601 365 601 356 601 694 602 357 602 356 602 368 603 369 603 694 603 694 604 83 604 357 604 694 605 369 605 83 605 82 606 369 606 368 606 368 607 378 607 82 607 371 608 411 608 355 608 371 609 355 609 372 609 371 610 370 610 411 610 373 611 372 611 374 611 373 612 371 612 372 612 513 613 374 613 375 613 295 614 272 614 373 614 73 615 295 615 64 615 73 616 64 616 367 616 74 617 73 617 367 617 376 618 363 618 65 618 295 619 73 619 272 619 376 620 64 620 295 620 513 621 373 621 374 621 513 622 295 622 373 622 558 623 282 623 353 623 314 624 353 624 366 624 515 625 589 625 295 625 515 626 516 626 589 626 513 627 375 627 377 627 513 628 515 628 295 628 513 629 377 629 512 629 290 630 377 630 354 630 290 631 512 631 377 631 290 632 355 632 411 632 431 633 370 633 378 633 431 634 411 634 370 634 368 635 431 635 378 635 692 636 694 636 34 636 691 637 692 637 45 637 434 638 691 638 45 638 434 639 352 639 282 639 314 640 558 640 353 640 314 641 363 641 376 641 314 642 376 642 529 642 525 643 529 643 376 643 441 644 301 644 525 644 441 645 525 645 376 645 706 646 20 646 19 646 18 647 205 647 19 647 202 648 205 648 18 648 380 649 131 649 202 649 202 650 131 650 381 650 382 651 379 651 383 651 677 652 15 652 17 652 193 653 195 653 133 653 193 654 136 654 16 654 193 655 562 655 705 655 705 656 562 656 190 656 193 657 133 657 136 657 195 658 17 658 133 658 677 659 17 659 195 659 202 660 21 660 380 660 202 661 18 661 21 661 202 662 381 662 200 662 706 663 19 663 205 663 379 664 20 664 706 664 379 665 706 665 707 665 681 666 468 666 20 666 383 667 379 667 386 667 383 668 386 668 594 668 683 669 638 669 387 669 388 670 389 670 390 670 391 671 389 671 388 671 392 672 389 672 391 672 392 673 391 673 443 673 393 674 389 674 392 674 393 675 387 675 389 675 393 676 683 676 387 676 382 677 383 677 638 677 382 678 638 678 683 678 385 679 379 679 382 679 385 680 20 680 379 680 681 681 131 681 468 681 681 682 20 682 385 682 381 683 199 683 200 683 381 684 131 684 681 684 677 685 197 685 199 685 677 686 195 686 197 686 676 687 199 687 381 687 677 688 199 688 676 688 25 689 16 689 15 689 25 690 15 690 677 690 444 691 394 691 395 691 396 692 395 692 674 692 588 693 395 693 396 693 588 694 396 694 397 694 588 695 444 695 395 695 399 696 682 696 394 696 399 697 394 697 444 697 400 698 622 698 399 698 384 699 682 699 399 699 384 700 399 700 622 700 384 701 25 701 682 701 562 702 16 702 25 702 562 703 25 703 384 703 562 704 193 704 16 704 626 705 23 705 24 705 626 706 24 706 401 706 704 707 561 707 24 707 562 708 561 708 704 708 402 709 694 709 319 709 368 710 694 710 402 710 434 711 409 712 403 713 241 714 695 715 255 716 255 716 406 393 243 717 241 714 274 718 405 719 241 714 405 719 695 715 255 716 695 715 406 393 257 720 404 721 274 718 257 720 277 722 404 721 251 723 407 724 277 722 257 720 274 718 241 714 246 725 693 378 407 724 251 723 277 722 257 720 246 725 407 724 251 723 244 726 693 378 246 725 408 9 206 229 24 10 244 726 206 229 408 9 244 726 408 9 409 712 434 711 244 726 409 712 244 726 434 711 282 386 244 726 410 727 693 378 244 726 282 386 410 727 333 728 290 395 411 729 290 395 243 717 406 393 333 728 243 717 290 395 709 730 185 204 184 203 243 717 333 728 22 731 243 717 22 731 709 730 709 730 184 203 243 717 709 732 630 732 627 732 630 733 709 733 563 733 412 734 628 734 413 734 412 735 413 735 414 735 98 102 183 200 182 103 415 736 95 105 416 737 416 737 97 108 417 201 416 737 99 738 97 108 417 201 97 108 93 107 417 201 93 107 94 106 416 737 95 105 99 738 415 736 98 102 95 105 183 200 98 102 415 736 174 192 103 110 101 109 419 739 641 740 420 741 170 188 420 741 105 115 419 739 420 741 170 188 421 742 100 743 642 744 421 742 642 744 418 745 174 192 101 109 421 742 100 743 421 742 101 109 641 740 418 745 642 744 418 745 641 740 419 739 422 746 112 186 111 747 423 748 110 749 425 750 424 187 334 751 114 178 169 185 112 186 422 746 110 749 422 746 111 747 110 749 423 748 422 746 423 748 425 750 424 187 425 750 334 751 424 187 137 752 170 752 426 752 418 753 137 753 139 753 173 754 142 754 172 754 171 755 426 755 170 755 172 756 142 756 426 756 172 757 426 757 171 757 174 758 139 758 142 758 174 759 142 759 173 759 421 760 139 760 174 760 418 761 139 761 421 761 419 762 137 762 418 762 170 763 137 763 419 763 183 764 147 764 427 764 417 765 143 765 146 765 175 766 143 766 417 766 175 767 427 767 143 767 178 768 427 768 175 768 180 769 427 769 178 769 183 770 427 770 180 770 415 771 146 771 147 771 415 772 147 772 183 772 416 773 146 773 415 773 417 774 146 774 416 774 166 775 428 775 149 775 423 776 149 776 152 776 166 777 149 777 424 777 167 778 428 778 166 778 168 779 153 779 428 779 168 780 428 780 167 780 169 781 153 781 168 781 169 782 152 782 153 782 422 783 152 783 169 783 423 784 152 784 422 784 424 785 149 785 423 785 623 786 429 786 621 786 623 787 624 787 429 787 430 788 611 788 629 788 435 789 431 789 402 789 692 790 433 790 432 790 432 791 319 792 694 793 692 794 432 791 694 793 691 795 403 713 433 796 691 795 433 796 692 794 691 795 434 711 403 713 333 728 411 729 435 797 411 729 431 798 435 797 431 798 368 799 402 800 440 801 340 802 341 803 436 804 341 803 157 168 436 804 440 801 341 803 156 165 436 804 157 168 336 805 160 171 159 170 437 806 160 171 336 805 437 806 336 805 337 807 438 808 437 806 337 807 438 808 337 807 339 809 439 810 438 808 339 809 340 802 439 810 339 809 340 802 440 801 439 810 441 811 590 811 589 811 442 812 590 812 441 812 591 813 586 813 443 813 591 814 443 814 685 814 674 815 586 815 587 815 674 816 443 816 586 816 588 817 316 471 444 473 441 442 376 125 317 121 316 471 441 442 317 121 586 818 316 471 588 817 442 819 316 471 586 818 441 442 316 471 442 819 445 469 685 820 387 467 445 469 591 821 685 820 445 469 590 822 591 821 445 469 589 443 590 822 589 443 684 126 295 823 589 443 445 469 684 126 271 824 326 824 690 824 689 825 271 825 690 825 446 826 296 826 328 826 270 827 446 827 328 827 62 828 689 828 446 828 271 829 689 829 62 829 69 830 62 830 446 830 446 831 270 831 69 831 689 832 296 832 446 832 690 833 296 833 689 833 647 834 358 834 363 834 646 835 647 835 363 835 155 836 647 836 646 836 155 837 158 837 647 837 360 838 365 838 447 838 645 839 360 839 447 839 440 840 447 840 439 840 645 841 447 841 440 841 448 842 449 842 646 842 645 843 448 843 646 843 450 844 451 844 645 844 452 845 156 845 449 845 452 846 453 846 156 846 436 847 453 847 450 847 440 848 436 848 645 848 436 849 156 849 453 849 645 850 436 850 450 850 645 851 451 851 448 851 646 852 449 852 156 852 156 853 155 853 646 853 646 854 360 854 645 854 646 855 363 855 360 855 586 856 591 856 590 856 442 857 586 857 590 857 438 858 439 858 82 858 160 859 437 859 648 859 454 860 437 860 438 860 454 861 648 861 437 861 454 862 438 862 82 862 81 863 439 863 447 863 81 864 447 864 643 864 81 865 82 865 439 865 644 866 358 866 647 866 644 867 367 867 358 867 447 868 357 868 643 868 447 869 365 869 357 869 82 870 378 870 454 870 454 871 378 872 370 873 648 874 454 871 370 873 648 875 370 875 371 875 456 876 648 876 371 876 455 877 371 878 373 879 455 877 456 880 371 878 74 881 367 881 644 881 457 882 428 883 153 163 149 159 428 883 458 160 457 882 458 160 428 883 305 164 457 882 153 163 458 884 306 884 150 884 457 885 305 885 306 885 457 886 306 886 458 886 151 887 213 887 305 887 151 888 150 888 213 888 148 156 427 889 147 155 143 154 427 889 459 890 459 890 144 157 143 154 307 448 459 890 427 889 148 156 307 448 427 889 148 891 209 891 307 891 144 892 309 892 207 892 459 893 309 893 144 893 459 894 307 894 309 894 145 895 207 895 209 895 145 896 209 896 148 896 144 897 207 897 145 897 460 898 426 899 142 148 137 147 426 899 461 151 460 898 461 151 426 899 141 149 460 898 142 148 141 900 218 900 302 900 461 901 304 901 215 901 460 902 302 902 304 902 460 903 304 903 461 903 141 904 302 904 460 904 140 905 218 905 141 905 138 906 215 906 218 906 138 907 218 907 140 907 461 908 215 908 138 908 464 909 462 910 555 911 464 909 554 912 462 910 524 913 462 913 554 913 524 914 523 914 462 914 523 915 538 915 557 915 462 916 557 916 556 916 555 917 556 917 123 917 523 918 557 918 462 918 524 919 531 919 463 919 554 920 465 920 531 920 464 921 124 921 465 921 554 922 464 922 465 922 524 923 554 923 531 923 466 924 558 924 520 924 463 925 531 925 538 925 531 926 557 926 538 926 465 927 556 927 557 927 531 928 465 928 557 928 123 929 556 929 124 929 465 930 124 930 556 930 520 931 559 931 126 931 466 932 520 932 126 932 555 933 123 933 464 933 124 934 464 934 123 934 135 143 15 142 7 6 7 6 16 935 5 8 5 8 16 935 136 144 7 6 15 142 16 935 132 936 467 936 5 936 134 937 9 937 467 937 134 938 467 938 132 938 135 939 9 939 134 939 135 940 7 940 9 940 19 941 129 136 18 133 129 136 20 942 2 2 2 2 468 943 130 134 2 2 20 942 468 943 130 134 468 943 131 135 129 136 19 941 20 942 130 944 0 944 1 944 127 945 469 945 0 945 127 946 0 946 130 946 128 947 469 947 127 947 128 948 4 948 469 948 129 949 4 949 128 949 129 950 2 950 4 950 130 951 1 951 2 951 473 952 475 952 248 952 687 953 473 953 248 953 687 954 394 954 473 954 687 955 395 955 394 955 686 956 683 956 393 956 686 957 679 957 683 957 688 958 679 958 686 958 688 959 471 959 679 959 678 960 675 960 470 960 471 961 678 961 679 961 675 962 678 962 471 962 680 963 475 963 473 963 26 964 475 964 680 964 474 965 471 965 475 965 472 966 475 966 26 966 474 967 475 967 472 967 675 968 471 968 474 968 471 969 688 969 248 969 475 970 471 970 248 970 310 971 476 971 477 971 310 972 478 972 476 972 308 973 479 973 478 973 308 974 478 974 310 974 210 975 480 975 479 975 210 976 479 976 308 976 210 977 481 977 480 977 208 978 481 978 210 978 208 979 477 979 481 979 310 980 477 980 208 980 451 981 479 981 480 981 448 982 451 982 480 982 448 983 480 983 481 983 449 984 448 984 481 984 449 985 481 985 477 985 452 986 449 986 477 986 452 987 476 987 453 987 452 988 477 988 476 988 453 989 476 989 478 989 450 990 453 990 478 990 450 991 478 991 479 991 451 992 450 992 479 992 482 993 211 993 483 993 211 994 484 994 483 994 214 995 485 995 484 995 214 996 484 996 211 996 214 997 486 997 485 997 212 998 487 998 486 998 212 999 486 999 214 999 212 1000 482 1000 487 1000 211 1001 482 1001 212 1001 486 1002 487 1002 375 1002 377 1003 375 1003 487 1003 487 1004 482 1004 377 1004 354 1005 377 1005 482 1005 354 1006 482 1006 483 1006 355 1007 354 1007 483 1007 483 1008 484 1008 355 1008 372 1009 355 1009 484 1009 484 1010 485 1010 372 1010 374 1011 372 1011 485 1011 374 1012 485 1012 486 1012 375 1013 374 1013 486 1013 216 1014 488 1014 489 1014 303 1015 490 1015 488 1015 303 1016 488 1016 216 1016 303 1017 491 1017 490 1017 219 1018 491 1018 303 1018 219 1019 492 1019 491 1019 219 1020 493 1020 492 1020 217 1021 493 1021 219 1021 217 1022 489 1022 493 1022 216 1023 489 1023 217 1023 493 1024 489 1024 353 1024 366 1025 353 1025 489 1025 366 1026 489 1026 488 1026 361 1027 366 1027 488 1027 488 1028 490 1028 361 1028 362 1029 361 1029 490 1029 490 1030 491 1030 362 1030 352 1031 362 1031 491 1031 352 1032 491 1032 492 1032 351 1033 352 1033 492 1033 492 1034 493 1034 351 1034 353 1035 351 1035 493 1035 494 1036 495 1036 636 1036 636 1037 496 1037 494 1037 497 1038 500 1038 498 1038 499 1039 498 1039 500 1039 701 1040 496 1040 498 1040 701 1041 494 1041 496 1041 700 1042 495 1042 634 1042 701 1043 700 1043 634 1043 699 1044 637 1045 635 1046 499 1047 500 1048 637 1045 699 1044 499 1047 637 1045 700 1049 699 1044 635 1046 501 1050 502 1051 503 1052 697 120 118 119 502 1051 501 1050 697 120 502 1051 504 1053 501 1050 503 1052 504 1054 503 1054 633 1054 504 1055 633 1055 698 1055 698 1056 631 1056 696 1056 633 1057 631 1057 698 1057 696 1058 507 1058 697 1058 506 1059 507 1059 696 1059 632 1060 506 1060 505 1060 632 1061 507 1061 506 1061 547 1062 552 1062 300 1062 551 1063 552 1063 547 1063 508 1064 299 1064 545 1064 550 1065 299 1065 508 1065 509 1066 550 1066 508 1066 549 1067 550 1067 509 1067 517 1068 549 1068 509 1068 510 1069 549 1069 517 1069 125 1070 548 1070 297 1070 511 1071 297 1071 548 1071 545 1072 298 1072 546 1072 299 1073 298 1073 545 1073 513 430 511 1074 548 431 513 430 512 389 511 1074 514 1075 288 388 510 1076 512 389 514 1075 511 1074 514 1075 512 389 288 388 695 715 552 1077 288 388 510 1076 288 388 552 1077 297 1078 516 441 515 429 300 1079 552 1077 695 715 518 437 516 441 517 1080 516 441 297 1078 517 1080 300 1079 518 437 517 1080 300 1079 276 438 518 437 558 383 314 465 519 463 520 1081 558 383 519 463 538 1082 521 376 522 1083 279 377 522 1083 521 376 522 1083 279 377 558 383 523 1084 277 722 521 376 523 1084 521 376 538 1082 277 722 523 1084 524 1085 525 1086 526 1087 528 1088 526 1087 525 1086 301 440 529 464 526 1087 301 440 529 464 301 440 530 1089 553 460 529 464 530 1089 553 460 530 1089 466 1090 524 1085 463 1091 275 439 275 439 463 1091 530 1089 301 440 275 439 530 1089 517 1080 514 1075 510 1076 532 1092 514 1075 517 1080 532 1092 517 1080 533 1093 534 1094 535 1095 532 1092 536 1096 533 1093 537 1097 534 1094 532 1092 533 1093 534 1094 533 1093 536 1096 536 1096 297 1078 511 1074 536 1096 511 1074 534 1094 530 1089 463 1091 538 1082 539 1098 466 1090 540 1099 539 1098 558 383 466 1090 522 1083 530 1089 538 1082 541 1100 539 1098 540 1099 541 1100 540 1099 543 1101 522 1083 541 1100 543 1101 522 1083 543 1101 530 1089 536 1096 517 1080 297 1078 533 1093 517 1080 536 1096 534 1094 514 1075 532 1092 534 1094 511 1074 514 1075 551 435 298 434 550 1102 526 1087 528 1088 527 1103 529 464 528 1088 526 1087 525 1086 528 1088 529 464 540 1099 543 1101 544 1104 540 1099 530 1089 543 1101 540 1099 466 1090 530 1089 556 1105 555 911 462 910 541 1100 539 1098 542 1106 539 1098 522 1083 558 383 541 1100 522 1083 539 1098 621 1107 429 1108 560 1109 560 1109 561 1110 562 1111 560 1109 429 1108 561 1110 611 1112 628 1113 629 1114 413 1115 628 1113 611 1112 111 747 613 1116 335 1117 22 731 335 1117 613 1116 613 1116 563 1118 22 731 709 730 22 731 563 1118 329 1119 101 109 409 712 409 712 625 1120 329 1119 625 1120 409 712 408 9 408 9 626 1121 625 1120 626 1121 408 9 565 1122 626 1121 565 1122 564 1123 564 1123 23 11 626 1121 568 1124 622 1125 400 1126 569 1127 622 1125 568 1124 570 1128 569 1127 568 1124 572 1129 569 1127 570 1128 570 1128 573 1130 572 1129 567 1131 569 1127 572 1129 572 1129 574 1132 567 1131 625 1120 569 1127 567 1131 600 1133 625 1120 567 1131 599 1134 625 1120 600 1133 329 1119 625 1120 599 1134 613 1116 111 747 327 1135 575 1136 594 1137 386 1138 576 1139 386 1138 614 1140 576 1139 575 1136 386 1138 578 1141 576 1139 614 1140 595 1142 578 1141 614 1140 580 1143 614 1140 583 1144 580 1143 595 1142 614 1140 581 1145 582 1146 580 1143 581 1145 580 1143 583 1144 584 1147 583 1144 613 1116 584 1147 581 1145 583 1144 613 1116 327 1135 584 1147 588 817 587 1148 586 818 295 823 684 126 121 129 639 123 292 1149 602 567 342 566 593 564 327 1135 581 1145 585 1150 584 1147 575 1136 577 1151 576 1139 575 1136 576 1139 594 1137 576 1139 579 1152 578 1141 119 563 594 1137 576 1139 595 1142 119 563 576 1139 595 1142 576 1139 578 1141 343 565 595 1142 580 1143 343 565 580 1143 581 1145 327 1135 343 565 581 1145 327 1135 581 1145 584 1147 119 563 595 1142 343 565 327 1135 593 564 343 565 596 1153 383 1154 594 1137 597 1155 596 1153 594 1137 638 468 597 1155 594 1137 638 468 594 1137 119 563 119 563 315 466 638 468 350 570 400 1126 347 472 399 474 347 472 400 1126 570 1128 571 1156 568 1124 349 571 348 1157 346 569 345 568 349 571 346 569 349 571 345 568 350 570 600 1133 567 1131 572 1129 601 1158 600 1133 572 1129 601 1158 572 1129 573 1130 601 1158 573 1130 570 1128 601 1158 570 1128 568 1124 400 1126 601 1158 568 1124 345 568 600 1133 350 570 345 568 599 1134 600 1133 350 570 600 1133 601 1158 350 570 601 1158 400 1126 345 568 602 567 603 1159 599 1134 345 568 603 1159 292 1160 294 1160 293 1160 293 1161 603 1159 602 567 602 567 292 1149 293 1161 604 1162 414 1163 413 1115 605 1164 606 1165 604 1162 605 1164 604 1162 413 1115 607 1166 605 1164 413 1115 609 1167 607 1166 413 1115 707 209 413 1115 379 1168 707 209 609 1167 413 1115 379 1168 611 1112 386 1138 611 1112 379 1168 413 1115 612 1169 611 1112 430 1170 612 1169 386 1138 611 1112 583 1144 563 1118 613 1116 614 1140 612 1169 430 1170 563 1118 583 1144 614 1140 386 1138 612 1169 614 1140 615 1171 562 1111 704 228 616 1172 562 1111 615 1171 618 1173 562 1111 616 1172 616 1172 190 227 618 1173 619 1174 562 1111 618 1173 619 1174 190 227 562 1111 560 1109 562 1111 384 1175 384 1175 621 1107 560 1109 622 1125 623 1176 384 1175 623 1176 621 1107 384 1175 623 1176 626 1121 624 1177 623 1176 625 1120 626 1121 623 1176 569 1127 625 1120 569 1127 623 1176 622 1125 626 1121 401 1178 624 1177 429 1108 624 1177 401 1178 401 1178 561 1110 429 1108 24 10 561 1110 401 1178 627 1179 630 1180 412 1181 628 1113 412 1181 630 1180 629 1114 628 1113 630 1180 430 1170 629 1114 630 1180 430 1170 630 1180 563 1118 614 1140 430 1170 563 1118 631 1182 506 1183 696 1184 502 1051 632 1185 503 1052 502 1051 118 119 632 1185 632 1185 118 119 507 118 506 1183 633 1186 505 1187 506 1183 631 1182 633 1186 503 1052 505 1187 633 1186 503 1052 632 1185 505 1187 634 1188 494 1189 701 1190 496 1191 497 1192 498 1193 700 1049 635 1046 495 1194 494 1189 634 1188 495 1194 497 1192 636 1195 500 1048 497 1192 496 1191 636 1195 637 1045 500 1048 636 1195 637 1045 495 1194 635 1046 636 1195 495 1194 637 1045 597 1155 596 1153 598 1196 597 1155 383 1154 596 1153 597 1155 638 468 383 1154 592 127 445 469 315 466 344 470 347 472 316 471 425 750 335 1117 334 751 335 1117 110 749 111 747 110 749 335 1117 425 750 420 741 641 740 329 1119 642 744 329 1119 641 740 100 743 101 109 329 1119 100 743 329 1119 642 744 323 1197 179 197 177 195 179 197 323 1197 181 199 181 199 323 1197 182 103 456 880 160 171 648 874 649 1198 14 101 92 100 650 98 649 1198 91 96 256 1199 91 96 649 1198 92 100 256 1199 649 1198 651 1200 11 94 90 95 652 1201 651 1200 252 1202 653 92 652 1201 252 1202 252 1202 88 90 653 92 90 95 252 1202 651 1200 467 1203 9 7 87 88 6 4 467 1203 249 89 87 88 249 89 467 1203 469 1204 4 1 85 86 0 84 469 1204 247 85 85 86 247 85 469 1204 654 1205 650 1205 12 1205 655 1206 13 1206 14 1206 655 1207 14 1207 657 1207 654 1208 12 1208 658 1208 656 1209 657 1209 649 1209 657 1210 14 1210 649 1210 658 1211 12 1211 13 1211 658 1212 13 1212 655 1212 656 1213 650 1213 654 1213 656 1214 649 1214 650 1214 658 1215 702 391 273 1216 658 1215 273 1216 654 1217 655 1218 702 391 658 1215 287 390 654 1217 273 1216 287 1219 656 1219 654 1219 289 1220 702 1220 655 1220 657 1221 289 1221 655 1221 660 1222 11 1222 651 1222 660 1223 651 1223 662 1223 661 1224 662 1224 651 1224 659 1225 10 1225 11 1225 659 1226 653 1226 10 1226 659 1227 11 1227 660 1227 661 1228 652 1228 653 1228 661 1229 653 1229 659 1229 661 1230 651 1230 652 1230 660 1231 703 1232 659 1233 659 1233 703 1232 278 1234 283 380 659 1233 278 1234 280 374 703 1232 660 1231 283 1235 661 1235 659 1235 662 1236 280 1236 660 1236 663 1237 78 76 83 82 75 72 663 1237 369 1238 369 1238 82 80 75 72 83 82 369 1238 663 1237 76 1239 75 1239 80 1239 78 1240 76 1240 80 1240 664 1241 78 1241 663 1241 338 74 322 78 664 1242 663 1237 75 72 338 74 664 1242 663 1237 338 74 78 76 664 1242 322 78 291 1243 72 69 665 1244 74 71 291 1243 665 1244 72 69 291 1243 272 68 665 1244 68 64 74 71 70 1245 72 1245 68 1245 66 1246 68 1246 665 1246 666 1247 665 1247 72 1247 666 1248 66 1248 665 1248 70 1249 666 1249 72 1249 332 1250 331 62 666 1251 71 67 332 1250 666 1251 666 1251 70 66 71 67 66 61 666 1251 331 62 667 1252 58 54 65 59 63 50 667 1252 359 60 65 59 359 60 667 1252 57 1253 667 1253 63 1253 668 1254 58 1254 667 1254 57 1255 668 1255 667 1255 330 1256 60 55 668 1257 56 51 330 1256 57 52 668 1257 57 52 330 1256 58 54 668 1257 60 55 669 1258 55 48 54 46 47 40 669 1258 364 49 54 46 364 49 669 1258 48 1259 47 1259 53 1259 50 1260 53 1260 55 1260 50 1261 48 1261 53 1261 46 39 325 43 669 1258 669 1258 47 40 46 39 55 48 669 1258 325 43 50 42 55 48 325 43 37 29 670 1262 42 37 45 35 670 1262 44 36 45 35 42 37 670 1262 671 1263 670 1263 37 1263 38 1264 37 1264 44 1264 40 1265 38 1265 44 1265 40 1266 44 1266 670 1266 318 28 324 33 671 1267 671 1267 37 29 318 28 670 1262 671 1267 324 33 40 31 670 1262 324 33 672 17 36 25 356 1268 356 1268 33 23 672 17 34 26 356 1268 36 25 28 1269 672 1269 35 1269 30 1270 35 1270 36 1270 30 1271 28 1271 35 1271 32 1272 30 1272 36 1272 673 1273 32 1273 36 1273 673 1274 36 1274 672 1274 320 1275 31 21 32 22 321 16 320 1275 673 1276 673 1276 672 17 321 16 32 22 673 1276 320 1275 677 1277 26 12 25 14 26 12 677 1277 472 1278 472 1278 676 1279 474 1280 474 1280 381 1281 675 1282 681 1283 675 1282 381 1281 385 1284 470 1285 675 1282 382 1286 678 1287 470 1285 677 1277 676 1279 472 1278 474 1280 676 1279 381 1281 382 1286 470 1285 385 1284 675 1282 681 1283 385 1284 682 1288 680 13 473 1289 25 14 680 13 682 1288 382 1286 683 1290 678 1287 679 1291 678 1287 683 1290 394 1292 682 1288 473 1289 397 1293 396 1294 587 1148 397 1295 398 1295 396 1295 588 817 397 1293 587 1148 587 1148 396 1294 674 451 391 1296 685 820 443 454 388 1297 389 1298 685 820 391 1296 388 1297 685 820 685 820 389 1298 387 467 281 384 284 381 282 386 285 382 284 381 281 384 410 727 282 386 284 381 284 381 693 378 410 727 405 719 274 718 695 715 565 1122 564 1123 566 1299 564 1123 408 9 23 11 565 1122 408 9 564 1123 618 1173 619 1174 620 1300 190 227 619 1174 618 1173 615 1171 616 1172 617 1301 616 1172 704 228 190 227 615 1171 704 228 616 1172 607 1166 605 1164 608 1302 605 1164 414 1163 604 1162 605 1164 708 202 414 1163 708 202 605 1164 607 1166 609 1167 607 1166 610 1303 609 1167 708 202 607 1166 707 209 708 202 609 1167 708 202 412 1181 414 1163 412 1181 708 202 189 210 709 730 627 1179 185 204 262 1304 235 1304 245 1304 250 1305 262 1305 245 1305 250 1306 263 1306 262 1306 261 1307 263 1308 259 1309 710 1310 711 1310 261 1310 259 1311 710 1311 261 1311 226 1312 710 1312 259 1312 226 1313 711 1313 710 1313 260 1314 711 1314 226 1314 261 1315 711 1315 260 1315 234 1316 230 1316 236 1316 234 1317 229 1317 230 1317 225 1318 232 1318 233 1318 227 1319 233 1319 234 1319 227 1320 225 1320 233 1320 228 1321 230 1321 229 1321 266 1322 258 1322 264 1322 267 1323 258 1323 268 1323 266 1324 268 1324 258 1324 265 1325 266 1325 264 1325 228 1326 264 1326 231 1326 228 1327 231 1327 230 1327 228 1328 265 1328 264 1328 712 1329 223 1329 222 1329 712 1330 240 1330 223 1330 222 1331 221 1331 224 1331 253 1332 240 1332 220 1332 220 1333 222 1333 224 1333 220 1334 240 1334 222 1334 238 1335 269 1335 223 1335 269 1336 713 1336 242 1336 269 1337 237 1337 223 1337 242 1338 713 1338 254 1338 238 1339 254 1339 269 1339 238 1340 239 1340 254 1340 240 1341 712 1341 222 1341 254 1342 713 1342 269 1342 467 1203 6 4 5 8</p>
        </triangles>
      </mesh>
    </geometry>
    <geometry id="fix-9_002-mesh" name="fix-9.002">
      <mesh>
        <source id="fix-9_002-mesh-positions">
          <float_array id="fix-9_002-mesh-positions-array" count="708">-0.0471155 -0.02976417 0.03511077 -0.04861342 -0.02833527 0.03583955 -0.04779201 -0.03123164 0.04270738 -0.04444503 -0.03458976 0.03843075 -0.04620414 -0.03511649 0.03605151 -0.04499977 -0.03207749 0.03299123 -0.04857867 -0.03273624 0.03150987 -0.0505101 -0.02656674 0.03317362 -0.05220317 -0.02911311 0.03257018 -0.05131888 -0.02575528 0.03693085 -0.05344063 -0.02787703 0.03606921 -0.04799914 -0.02907502 0.03141534 -0.0464062 -0.0278396 0.03512698 -0.04532283 -0.02893149 0.0362035 -0.04354608 -0.0309152 0.03205227 -0.04209512 -0.03231334 0.03656244 -0.04515767 -0.03382045 0.03260731 -0.03121948 -0.04797649 0.04450947 -0.03109222 -0.04829239 0.04300153 -0.0284937 -0.05070394 0.04382121 -0.0303952 -0.04912573 0.04327243 -0.03654032 -0.04265588 0.04359763 -0.03761923 -0.04183113 0.04655718 -0.03570765 -0.04349058 0.04740804 -0.03438895 -0.04511672 0.04314506 -0.03197586 -0.04763144 0.04321509 -0.03131353 -0.04759925 0.03998845 -0.03327929 -0.04591304 0.04633522 -0.03441423 -0.04478961 0.04631489 -0.03553026 -0.04466855 0.04639685 -0.03473317 -0.0444616 0.04381895 -0.04251015 -0.03699487 0.0470727 -0.04138118 -0.03860104 0.04631531 -0.03856885 -0.04062968 0.04758113 -0.04049617 -0.03926485 0.04749709 -0.04037272 -0.0390731 0.04502868 -0.04026138 -0.03911846 0.04401332 -0.04204899 -0.03812944 0.04491025 -0.04192799 -0.03811544 0.04383397 -0.03914749 -0.04004818 0.04379689 -0.0400781 -0.03946262 0.04306364 -0.04260325 -0.0371561 0.04548668 -0.02782195 -0.05137366 0.047652 -0.03060156 -0.04859375 0.04764413 -0.02597254 -0.05322504 0.04420024 -0.02556115 -0.05327707 0.03987598 -0.02158856 -0.05724775 0.02180999 -0.04237055 -0.03731149 0.04310142 -0.03125572 -0.04763758 0.03299617 -0.0376541 -0.04154211 0.04347813 -0.03861975 -0.04148089 0.04613292 -0.03333592 -0.04680293 0.0438615 -0.03211957 -0.04742026 0.04687613 -0.03378158 -0.04588955 0.04759144 -0.02768039 -0.05196815 0.0430057 -0.02795606 -0.05224514 0.04429566 -0.03394687 0.005437433 0.03546679 -0.05456089 -0.02463489 0.02197498 -0.05542397 -0.023772 0.02215296 -0.05499798 -0.02419799 0.02202898 -0.04919773 -0.02949547 0.03038501 -0.05283319 -0.02584826 0.03555035 -0.03279274 0.005829632 0.006424665 -0.05922913 -0.01804703 0.02661979 -0.05906766 -0.01969909 0.02456462 -0.05887418 -0.01998025 0.03550875 -0.04977637 -0.02467787 0.03283798 0.001959621 -0.0339896 0.004493236 -0.03258389 -0.01298403 0.004531323 -0.02833086 -0.02114439 0.004502534 -0.01805442 -0.03039807 0.00448811 -0.0272721 -0.02284777 0.005787968 -0.03198176 -0.01505345 0.005984127 -0.03425329 0.001020133 0.004700779 -0.01703834 -0.03104406 0.005997657 -0.006987631 -0.03431081 0.004520297 -0.002759158 -0.03479886 0.005994856 -0.03277468 -0.01296347 0.00602889 -0.0340982 -0.008739888 0.005847096 -0.0346744 -5.89176e-4 0.00569427 -0.03464198 -5.85e-4 0.004499912 -0.03434199 -0.00630939 0.004521131 0.002291679 -0.03399747 0.006107926 -0.02304345 -0.05454951 0.0199151 -0.03750932 -0.04027318 0.01943814 -0.01771843 -0.04669505 0.01482743 -0.01272249 -0.03399324 0.00601989 0.001993834 -0.0355699 0.005989968 -0.0212292 -0.02985918 0.006099104 -0.02946859 0.001200735 0.05107861 -0.03367584 0.005482792 0.04528015 -0.02835959 0.002182483 0.05121666 -0.05418473 -0.02468925 0.0516051 -0.03003585 0.001306056 0.05237573 -0.05866247 -0.01979523 0.04696971 -0.03559851 0.004356324 0.004465758 0.003071606 -0.03591018 0.004432141 -0.00938183 -0.03571605 0.004501819 -0.03539955 -0.01086008 0.004502832 -0.02659898 -0.02636617 0.004495859 0.008256793 -0.03495728 0.006857097 0.006155967 -0.03273475 0.007437288 -0.03497779 0.008538007 0.007721364 -0.02909743 0.002934098 0.05406492 -0.02249926 -0.003662765 0.05052793 -0.03461623 0.008453011 0.04639875 -0.03258705 0.006411969 0.0451923 -0.03277915 0.006616175 0.03759163 -0.03105044 0.004889667 0.03654754 -0.03271514 0.006551444 0.03547745 0.007557451 -0.03371763 0.04555368 0.008558392 -0.03472137 0.04603409 -0.02156662 -0.004596233 0.05281329 0.00709027 -0.03324806 0.0194469 0.002499222 -0.02866256 0.05260121 0.003197848 -0.0293613 0.05392009 -0.06068003 -0.01729142 0.04421639 -0.05672043 -0.02205622 0.05231243 -0.02262204 -0.05477166 0.05389243 -0.01900082 -0.05949926 0.04836547 -0.05262809 -0.02868533 0.03982698 -0.05012071 -0.03119766 0.04158455 -0.055211 -0.02588129 0.05184024 -0.05562198 -0.02569496 0.02197498 -0.02389693 -0.05708348 0.05108469 -0.04744452 -0.03387236 0.04036408 -0.05648493 -0.02483195 0.02215296 -0.056059 -0.025258 0.02202898 -0.01980102 -0.06086552 0.0446335 -0.01753479 -0.04394125 0.0115208 -0.03472733 -0.03661 0.01433497 -0.05707871 -0.02213108 0.0194447 -0.04602074 -0.01180738 0.01164543 -0.04274249 -0.02804464 0.01457309 -0.01670765 -0.06022977 0.04460126 -0.02296417 -0.05634254 0.01914584 -0.02061372 -0.05939799 0.02197837 -0.06025612 -0.01882392 0.02372181 -0.02029687 -0.06059998 0.02600151 -0.01765501 -0.06060969 0.02567446 -0.02660357 -0.05450648 0.02000784 -0.0571621 -0.02377635 0.0206955 -0.06086856 -0.01789534 0.02685672 -0.06019961 -0.02099573 0.02543485 -0.06042772 -0.02056515 0.04553467 -0.02547895 -0.05472248 0.05290114 -0.05956113 -0.01783311 0.04751801 -0.05393224 -0.02374804 0.05409395 0.005270779 -0.03373545 0.008105516 -0.03425836 0.001021146 0.005862116 -0.03378838 0.005310475 0.008150517 -0.03501832 0.003725945 0.00628966 0.006341874 -0.03477555 0.01964652 -0.05644553 -0.02206593 0.02090543 -0.01954311 -0.05929261 0.02641791 -0.02265763 -0.05399322 0.05252164 -0.02047705 -0.05849498 0.04664582 -0.02445787 -0.05455452 0.0514577 -0.05435049 -0.02282732 0.05229073 -0.05928999 -0.01796776 0.04436147 -0.01836794 -0.05923032 0.04529112 -0.01783895 -0.05900543 0.02549684 -0.0447005 -0.01488965 0.01317441 -0.0347976 0.00610727 0.0455138 0.004488945 -0.03480708 0.006771862 0.006108999 -0.03483283 0.008679568 -0.04682397 -0.03009182 0.037476 -0.04618883 -0.02805709 0.037867 -0.04843747 -0.02849632 0.03755754 -0.04729527 -0.02694165 0.03677022 -0.04695266 -0.02742415 0.04261749 -0.0469889 -0.02742201 0.03038185 -0.0507192 -0.02344322 0.03646743 -0.04981184 -0.02468669 0.0401535 -0.05183357 -0.0271995 0.04092127 -0.05008339 -0.02699357 0.04042989 -0.04652529 -0.03055107 0.04150325 -0.04420423 -0.03286933 0.03769218 -0.04565149 -0.02816462 0.05014973 -0.04748046 -0.03038626 0.05235522 -0.04582399 -0.02829629 0.02155494 -0.04589623 -0.02846211 0.03051954 -0.04670488 -0.02744501 0.02159786 -0.03216522 -0.01399022 0.009240984 -0.03503257 0.006222128 0.03542679 -0.02239781 -0.04972702 0.0396862 -0.02319204 -0.04893267 0.0341742 -0.02249896 -0.04962617 0.03317224 -0.02309662 -0.04902845 0.03868919 -0.0271036 -0.04502111 0.03432458 -0.02699738 -0.04512745 0.03884088 -0.027718 -0.04440605 0.03982198 -0.02780848 -0.04431599 0.03333443 -0.029841 -0.04794061 0.03417426 -0.02993625 -0.04784464 0.03868925 -0.02603554 -0.05174642 0.03884094 -0.02592951 -0.05185264 0.03432428 -0.03394073 0.005268275 0.03745502 -0.02425384 -0.004324138 0.05136102 -0.03495079 0.006122529 0.008773744 -0.0477761 -0.03129357 0.05136954 -0.04906201 -0.02924191 0.05227977 -0.02433842 -0.004469811 0.05264264 -0.05943065 -0.01884764 0.03750044 -0.03496247 0.006210148 0.03753781 -0.05937051 -0.01816326 0.03537982 -0.04926335 -0.02939152 0.02052563 -0.04779237 -0.03096091 0.02050012 -0.0518186 -0.02720636 0.03205716 -0.04920148 -0.02945828 0.0425533 -0.05282521 -0.02581626 0.03742581 -0.04592716 -0.02849435 0.04252904 -0.04787188 -0.03083866 0.03038436 -0.05462849 -0.01913076 0.03711211 -0.04643058 -0.02721321 0.0501405 -0.05459773 -0.01904237 0.03590589 -0.04354649 -0.03092181 0.04095643 -0.02562123 -0.05321925 0.03309684 -0.04014289 -0.04018491 0.04326564 -0.0380479 -0.04227894 0.04353123 -0.03898805 -0.04133903 0.04379689 -0.03916865 -0.04115974 0.047549 -0.03736388 -0.04296392 0.04326564 -0.0352689 -0.04505789 0.04353123 -0.03620898 -0.04411792 0.04379689 -0.03640592 -0.04392266 0.04755616 -0.03375971 -0.04656505 0.04656583 -0.03464305 -0.04567986 0.04594558 -0.03178554 -0.04854255 0.04450941 -0.03059643 -0.0495041 0.04471093 -0.02943021 -0.05078411 0.04464286 -0.03126877 -0.04905831 0.0475431 -0.02886205 -0.05142533 0.04312145 -0.0266506 -0.05356299 0.04464274 -0.02848291 -0.05183303 0.04755872 -0.02733165 -0.05186426 0.04513573</float_array>
          <technique_common>
            <accessor source="#fix-9_002-mesh-positions-array" count="236" stride="3">
              <param name="X" type="float"/>
              <param name="Y" type="float"/>
              <param name="Z" type="float"/>
            </accessor>
          </technique_common>
        </source>
        <source id="fix-9_002-mesh-normals">
          <float_array id="fix-9_002-mesh-normals-array" count="1395">-0.8523588 0.02005082 0.522573 -0.9818815 -0.1772837 0.06692773 -0.9757385 0.09775388 -0.1959046 -0.7211108 -0.4567218 0.520965 -0.3809481 -0.4891103 0.7846335 -0.307966 -0.826787 0.4707232 -0.1353223 -0.9889759 0.06012284 -0.01849442 -0.8685994 0.4951697 0.09756988 -0.9926675 -0.07135385 -0.3079375 -0.9180445 0.2497376 0.670174 0.5532544 0.4947489 0.9606004 0.2671064 -0.07681751 -0.7866681 -0.4734475 0.3962334 0.2983285 0.9511413 0.07956439 0.9118922 -0.03167921 -0.4092055 0.9060466 0.3299099 -0.2650265 0.827493 0.101079 -0.5523029 0.9109381 0.2599628 -0.3203299 0.9956577 -0.0912218 -0.01855564 0.9556698 0.2024626 0.2137851 0.7109388 0.6864597 0.1527717 0.1154813 0.9866417 0.1149017 0.7887126 0.6052321 -0.1078277 0.7059275 0.7077142 -0.02840852 0.7450309 0.6664063 0.02883845 0.4859412 0.8714967 0.06598842 0.5141455 0.8575128 0.01806348 0.5728014 0.8145252 0.09190893 0.7450998 0.6663102 0.02927798 0.7725627 0.6255229 -0.1089408 0.7067778 0.7066102 -0.03416484 0.707143 0.7070705 -3.90578e-4 0.7095545 0.7046331 0.004973053 0.7037836 0.7104113 -0.002106249 0.743214 0.6665095 0.0582937 0.7075043 0.7063945 0.02108651 0.7510813 0.6103225 0.2517609 0.7046685 0.7093946 0.01420116 0.6877626 0.7259337 0.00171107 0.7478998 0.6568108 0.09615415 0.591586 0.7815859 0.1978627 0.7080813 0.7061111 0.005302846 0.7164857 0.6976018 -3.95407e-4 0.706894 0.7073196 1.09676e-4 0.6780424 0.7329103 0.05568766 0.7060143 0.7076461 -0.02794057 0.7359014 0.6770799 0.00348705 0.704815 0.7093519 0.007461547 0.7403872 0.6721765 -0.002361297 0.6445392 0.7636971 0.0365532 0.6136708 0.7728391 -0.1616412 0.5220509 0.707898 -0.4757555 0.635639 0.7716906 0.02137368 0.6896338 0.7007512 -0.1826282 0.6490603 0.7603353 0.02472317 0.2964685 0.9511696 0.0859251 0.7027483 0.7090214 0.05859661 0.7059486 0.7080027 0.01920711 0.6804442 0.7230531 0.1191219 0.6132144 0.7586741 0.2199591 0.6238148 0.7648831 -0.1606523 0.6141303 0.7777786 0.1338077 0.8582691 0.5114395 -0.04247403 0.7636525 0.6253829 0.16041 0.6895967 0.5147116 -0.5094394 0.6390718 0.754443 0.1496763 0.5985183 0.8001307 0.03958129 0.6443302 0.7553756 -0.1193583 0.7598732 0.6348648 0.1397836 0.5756909 0.8086885 -0.120843 0.6951823 0.718708 -0.01342993 0.6949 0.7189831 -0.01332032 0.5717503 0.8192182 0.0445345 0.7018464 0.7099074 0.05867928 0.4362606 0.8561071 0.2770513 0.8474791 0.2396757 0.47364 -0.5725033 -0.8199024 4.88609e-4 -0.5858104 -0.8104473 0.001231729 0.7167403 0.6973205 0.005242764 0.6756156 0.7137595 -0.1846377 0.6692087 0.7430369 0.007488131 0.7316114 0.6812545 -0.02524268 0.6591005 0.7520467 0.003540873 0.69501 0.7149602 -0.07611221 0.4716314 -0.8817694 0.006834447 0.6705865 -0.7416449 0.01663321 0.9388109 0.1400235 0.3146867 0.9234923 -0.3609247 0.1299829 0.7909785 -0.2260592 -0.5685511 0.6784788 0.3662339 -0.6368197 0.7077834 -0.7064132 0.004811227 0.7062572 -0.7079526 0.002004921 0.05676633 0.8770404 -0.4770511 0.1384043 0.7572107 -0.6383386 0.3115372 0.9502067 -0.007202446 0.2795597 0.8628814 -0.4210488 0.2569087 0.9267085 -0.2742434 -0.06195402 0.9023315 -0.4265673 0.9188993 0.2147018 0.330949 0.5710854 0.388791 -0.7229822 0.6840907 0.2506552 -0.6849758 0.2816956 0.5963217 0.7516968 0.3605524 0.5454065 -0.7566596 0.5818744 0.5208975 0.6245704 0.01648008 0.7190828 -0.6947289 0.1226891 0.5499037 -0.8261679 -0.006531178 0.5540544 0.8324549 0.722049 0.6868997 0.08254766 0.6902738 0.06875878 -0.7202738 0.7727801 -0.005554497 0.6346496 0.7545944 0.1942566 0.6267788 0.4623949 0.02557498 -0.8863053 0.6786526 0.5978686 0.4265956 -0.01078367 -0.07275336 0.9972918 0.04835683 0.08583879 0.9951349 0.04475867 0.07301181 0.9963263 0.003997921 0.01834338 0.9998238 0.003543376 0.01272553 0.9999128 0.921772 0.1021173 0.3740435 0.3052571 0.8280274 0.4703071 0.3642155 0.5879819 0.7222357 0.5313439 0.5532874 0.6415191 -0.2203485 0.4027007 0.8884136 0.08764952 0.3065292 0.9478173 0.2067365 0.469903 0.8581674 0.2231837 0.2991449 0.9277399 0.9295808 -0.008606374 0.3685179 0.8223564 0.0559712 0.5662131 0.9148515 0.3307394 0.2316427 -0.4865714 -0.87364 -0.001212 -0.6752864 -0.7362983 0.04305016 -0.5664545 -0.8036385 -0.1824684 -0.68481 -0.6867579 -0.2437192 -0.7183021 -0.6843712 -0.1252124 0.09201496 0.03598427 -0.9951073 -0.3426271 -0.2363682 -0.9092507 0.691482 0.5491387 -0.4693605 0.5121181 -0.03164875 -0.8583318 0.008392751 0.7992645 -0.6009209 9.90107e-4 0.002524256 -0.9999964 0.03064966 -0.0159493 -0.999403 0.6661211 0.7452982 -0.028521 0.7363332 0.6766121 0.003068864 0.7381626 0.6745799 0.007621288 0.7245388 0.6860728 0.06593763 0.6603134 0.7505343 -0.02616196 0.02480751 -0.002109467 -0.99969 -0.004082977 0.02942764 -0.9995586 -0.009166419 -0.01751756 -0.9998046 0.2896645 0.04946672 -0.9558491 0.02712398 -0.002280473 -0.9996296 0.01828742 0.0108301 -0.9997742 0.01119333 0.001423299 -0.9999364 -0.01188242 -0.002662479 -0.9999259 -3.52825e-4 0.001161456 -0.9999994 0.004722356 0.005132019 -0.9999758 -0.005247354 0.02211451 -0.9997417 0.8654835 -0.04245167 -0.4991354 0.1176213 0.970055 -0.2125056 0.2906956 -0.327044 -0.8991878 0.9000666 0.2201946 -0.3760247 -0.2039311 0.3603739 -0.9102433 -0.03018379 0.9306924 -0.3645555 0.6048915 -0.03268611 -0.7956368 0.7071087 0.7071049 2.66845e-4 0.7059598 0.7082406 -0.004009246 0.7094674 0.7047376 0.001005053 0.7065792 0.707634 -2.81984e-4 0.7063562 0.7078567 -2.9548e-4 0.7739903 0.6329475 -0.01779299 0.6930006 0.7209205 -0.004894316 0.7086129 0.705595 -0.001885116 0.7088479 0.705357 -0.002499818 0.7229708 0.690361 -0.02673888 0.7080776 0.7061346 3.13339e-5 0.7909554 0.6117957 -0.009773433 0.7078361 0.706376 0.001034855 0.7070081 0.7072055 1.72183e-4 0.7071139 0.7070997 6.0663e-5 0.7071071 0.7071065 2.51254e-4 -0.7030567 0.7110873 0.00813508 -0.7201828 0.6935927 -0.01630848 -0.4863998 0.4923138 0.7218327 -0.4944673 0.4965275 0.7134162 0.001684427 -0.002800226 0.9999948 0.003908455 -0.002550601 0.9999892 0.478702 -0.4872145 0.7303879 0.5135457 -0.505988 0.6929985 0.7109119 -0.7029532 -0.02147346 0.7031247 -0.7110657 -0.001131653 -0.7190692 -0.6949126 0.006013989 -0.7046856 -0.7095115 -0.003418743 -0.7055597 -0.7084735 0.01583647 -0.7020654 -0.7118165 0.02052855 -0.7027203 -0.7114594 0.003135621 -0.7023854 -0.7117936 0.002149045 -0.7046856 -0.7095115 -0.00341916 -0.7069824 -0.7072312 -3.69768e-5 -0.7115882 -0.7025111 0.01097935 -0.7183935 -0.6955922 0.007900357 -0.7110319 -0.7031531 -0.003081202 -0.718592 -0.6953994 0.006741046 -0.7145107 -0.6996078 0.004851818 -0.703145 -0.7102185 0.0343061 -0.6797628 -0.7334303 -0.001615285 -0.698944 -0.715127 0.008409917 -0.4194301 -0.4410991 -0.7934167 -0.2704318 -0.6529916 -0.7074381 -0.6057465 -0.6613222 -0.4424074 -0.06213641 -0.3448634 -0.9365941 -0.2087833 -0.4775372 -0.8534448 -0.6814655 -0.1874495 -0.7074373 -0.3133363 -0.08792459 -0.9455632 -0.5447643 -0.0938459 -0.8333215 -0.4505282 -0.3346763 -0.8276571 -0.2420486 -0.2435441 -0.9392011 -0.7815322 0.3422102 0.5216318 -0.05697989 0.9511404 0.3034555 -0.917515 0.3676286 0.1517086 -0.3836868 -0.09198468 0.9188706 0.2400362 0.6532403 0.7180944 -0.7052954 0.02908462 0.7083168 0.4910555 -0.8459644 0.2078669 0.9559943 -0.06241244 0.2866701 0.2182126 -0.8040295 0.5531002 -0.1368201 -0.8645033 -0.4836469 0.3510919 -0.9139254 -0.203654 -0.9048016 0.1179565 -0.4091704 -0.9546912 0.2805294 -0.09933888 -0.3568258 -0.9286566 -0.1013529 -0.2337768 -0.9640698 0.1261662 -0.7340159 -0.527737 -0.4274511 -0.7085961 -0.6991351 -0.09540319 0.7069929 0.7072198 -0.00111401 -0.7231824 -0.6875361 -0.06558567 -0.8913473 -0.4354192 -0.1261363 -0.4273944 -0.8162122 0.3887568 0.05200397 -0.4496943 0.8916674 -0.9245958 -0.3309147 0.1887279 -0.4819294 -0.5889909 0.6487171 -0.7086622 -0.5721791 0.4128064 -0.858519 0.2621031 0.4407349 -0.5894204 0.1480494 0.7941442 -0.9408749 0.1443861 0.3064428 -0.2401237 0.709781 0.6622323 0.4998428 -0.2901151 0.8160824 0.2155556 -0.8960373 0.3881404 0.1263197 -0.4598658 0.8789578 -0.7995702 -0.6002359 0.0201112 0.09848421 -0.1283093 0.9868321 -0.7172998 0.6915165 0.0853585 -0.8848057 0.4495341 0.12263 0.5087569 -0.4736344 -0.7189137 0.4293456 -0.5693947 -0.7010365 0.6469938 -0.7616063 -0.03680711 0.7578766 -0.6523516 -0.007770001 0.09411978 0.8985326 0.4286966 0.7356876 0.2893798 0.6123914 0.7039197 0.6911934 0.163551 0.2881875 0.9518151 0.104862 0.306201 0.8924173 -0.3314099 -0.2732121 0.9146137 -0.2980552 -0.3625631 0.893834 0.2638348 0.4895866 0.7161906 -0.4973689 -0.0591467 0.4766532 -0.8770993 0.7174204 -0.171214 -0.6752731 0.9204052 0.2861807 -0.2663736 0.8992941 0.0612815 -0.4330297 0.818612 0.0032655 0.5743377 0.9227335 -0.3272827 -0.2035903 -0.7069984 -0.707215 6.18871e-4 0.7241878 0.6868935 0.06106871 0.4815072 0.1847654 0.8567454 0.1645289 -0.9358099 0.3117535 0.1613855 -0.9326059 -0.3228017 0.7134184 -0.6967429 0.07472336 0.7013756 -0.7123984 -0.02368485 0.5054387 -0.5067726 -0.6983649 0.5037419 -0.5035648 -0.7019022 0.01206403 0.005636811 -0.9999114 -0.002845346 0.005966484 -0.9999783 -0.5093493 0.5246104 -0.6821637 -0.4969215 0.4957478 -0.7122522 -0.7013161 0.7127711 -0.01064145 -0.7064106 0.7077121 0.01130396 -0.896508 0.4423769 0.02400028 -0.7072934 0.706907 0.004320383 -0.8772569 -0.3831437 -0.2891737 0.5726346 0.6591264 -0.4874855 -0.3862216 -0.8454455 -0.3688561 0.7159526 0.6962928 -0.05087536 0.7720494 0.6315522 -0.07128584 0.7185766 0.6931905 -0.05598914 0.7215909 0.69189 0.02438974 0.7222214 0.6913843 0.0195986 0.6879668 0.725457 0.02034449 0.6952851 0.7184859 0.01888722 0.7442071 0.6645148 0.06764638 0.7228157 0.6906169 0.0242027 0.6822233 0.7308611 0.02033275 0.7259894 0.6875064 0.01656949 0.7106629 0.7008402 0.06149178 0.701074 0.7128678 0.01774275 0.6917407 0.7218284 -0.02141946 0.6906986 0.7228319 -0.02120405 0.7259542 0.6876287 -0.01254558 0.6914277 0.7221544 -0.02051359 0.7207404 0.6928365 -0.02260023 0.7242906 0.6892231 -0.0193575 0.1594622 0.7586738 0.6316534 0.04825007 0.8761923 0.4795405 0.2751639 0.9252904 0.2610028 0.2940257 0.859981 0.4171112 -0.05230903 0.902194 0.4281469 -0.2436335 -0.8920413 -0.3806641 -0.5194985 -0.6161224 -0.5920428 -0.1036439 -0.7843183 -0.6116394 -0.8631771 -0.2807164 -0.4196708 -0.6071857 -0.2532204 -0.7531301 -0.7021571 -0.7113822 -0.03018003 -0.7035676 -0.7100447 -0.02879714 -0.6881068 -0.7255628 0.008221626 -0.7389539 -0.6737523 -0.002251565 -0.7277425 -0.6858079 0.007645547 -0.7177975 -0.6949821 0.04203248 -0.6895471 -0.7242357 0.002750158 -0.694971 -0.7183154 0.03222358 -0.6883063 -0.7253705 0.008496761 -0.6875461 -0.7260026 -0.01416265 -0.726297 -0.6869451 -0.02447885 0.8262487 -0.5632786 -0.00551778 0.7855541 -0.6181229 0.02879047 0.6333897 -0.5907856 -0.49979 0.700914 -0.7020414 -0.1259272 -0.7186782 0.6946282 0.03151893 -0.6929562 0.6944376 -0.1938251 -0.6710053 0.7410039 0.02579247 -0.6149811 0.7884937 -0.008719325 0.01425707 0.001963973 -0.9998965 0.7947889 -0.5622958 0.2283289 0.766116 -0.6250891 0.1494326 0.8016374 -0.5976504 0.01383763 0.7691352 -0.6390614 -0.005624115 -0.6842443 0.7288568 -0.02403324 -0.6087454 0.7932686 0.01241439 -0.4598306 0.8168286 0.3483487 -0.6356536 0.7595798 0.1377796 0.3885699 0.3593288 0.8484671 0.6043732 0.4831811 0.633458 0.2924924 0.1233848 0.9482745 0.08446419 0.06941932 0.9940055 0.2482479 -0.307025 0.9187539 0.2628221 -0.2359921 0.9355385 0.03813099 -0.04636245 0.9981967 0.07593363 -0.07563048 0.9942405 0.07660818 0.07181209 -0.9944718 0.2930458 -0.2636959 -0.9190151 0.2822311 -0.303355 -0.9101216 0.01481342 -0.03042024 -0.9994274 0.09261941 -0.0905289 -0.9915776 0.2756745 0.121288 -0.9535685 0.1016806 -0.04274034 -0.9938986 0.7128663 -0.7005156 -0.03315818 -0.6633989 0.7480083 0.0196377 -0.6933392 0.7205464 -0.009683072 0.04172879 0.01622951 0.9989972 0.03361243 0.01425826 0.9993333 0.7462198 -0.6655862 -0.0122956 0.7548762 -0.6555025 -0.02187252 0.03489404 0.06535691 -0.9972517 0.02076643 0.002922713 -0.9997801 0.7071575 0.707056 -2.60127e-4 0.7071171 0.7070963 -5.59065e-4 0.7069185 0.7072951 7.33641e-5 0.7072884 0.7069252 -3.34275e-5 0.7070959 0.7071177 -2.96693e-4 0.7071489 0.7070646 1.2259e-4 0.707228 0.7069855 1.14889e-5 0.7074592 0.7067543 -5.82931e-5 0.7283973 -0.6845018 0.02991169 0.67943 -0.7329875 -0.03323376 0.04544425 0.006588339 -0.9989452 -0.04546427 -0.006621539 -0.9989441 -0.728451 0.6844445 0.0299164 -0.6795164 0.7329089 -0.03319889 0.006727516 0.04503846 0.9989627 -0.006725907 -0.0451405 0.9989581 0.7072026 0.707011 -1.08568e-4 0.7071525 0.7070611 -2.9093e-5 -0.04858583 -0.9550237 -0.2925224 -0.1612648 -0.6235125 -0.7650007 0.5943618 0.1883035 -0.7818413 -0.3413241 0.8341749 -0.4331862 -0.7437728 0.1531126 -0.65066 0.5159944 0.8516426 0.09195059 0.7504943 0.6265954 -0.2100872 0.8006319 0.5683014 -0.189795 0.4863327 0.8716158 0.06137144 0.8814153 0.4690793 0.05542355 0.8300996 0.5484912 0.1004597 0.5209401 0.8297895 -0.200177 0.6424582 0.6784061 0.3563883 0.4818378 -0.2757706 -0.831735 -0.03551012 0.09073644 0.9952417 0.06158494 0.2636641 0.9626467 -0.2249274 0.05005276 -0.9730891 0.1585595 0.9867308 0.03494566 0.5424497 0.8333594 -0.1061155 0.6553345 0.2341112 -0.7181425 0.7165567 0.6095569 -0.3390972 0.6535654 -0.7266898 -0.2115992 0.9915832 0.1225089 0.0418871 0.4639911 0.05732202 -0.8839834 0.7069696 0.707244 -3.57397e-4 0.3568559 0.9313119 -0.07288515 0.466355 0.8843762 -0.01979589 0.3792965 0.4798402 0.7911306 -0.2274927 -0.3649302 0.902814 -0.2834786 0.6112449 -0.7389314 0.09768897 0.3599393 -0.9278473 0.2223012 0.963968 0.1461094 0.7786319 0.6239309 -0.06665354 0.2611206 0.9187138 -0.2962785 0.6943089 0.6087335 -0.3838994 0.5531641 0.1427087 -0.8207582 0.4600107 -0.8410142 -0.2847547 0.9733528 0.2259284 0.03925114 0.3858941 -0.03818297 -0.9217526 0.7069822 0.7072311 -5.74398e-4 0.6438096 0.7651622 -0.006024479 0.438534 0.8909238 -0.1180797 -0.1809504 0.9669813 0.1794549 0.6166919 0.786315 0.03741592 0.651526 0.7581909 0.02569723 0.7315855 0.5692517 -0.375147 0.9836839 0.09674477 0.1516787 0.6870716 0.6910085 0.2245884 0.8577004 0.5108184 -0.05843615 0.4756499 0.7392492 -0.4767263 0.7739138 0.536342 -0.3367414 0.5226311 0.8525309 0.006920695 0.6912336 0.7212359 0.04488772 0.6109879 0.6006558 0.5156613 0.6922942 -0.6923326 0.2034804 0.5581333 0.4722759 0.6822337 0.5628648 0.7765868 0.2830129 -0.3728578 0.6741759 -0.6375453 -0.5846117 0.5295567 -0.6146535 0.5776108 -0.7718119 -0.2658424 0.6874628 -0.6874919 -0.2339869 0.6342124 0.6609024 0.4012265 0.5737953 0.7687402 0.2824847 0.6259279 0.7794508 0.02590048 0.7392176 0.6698132 0.07005435 -0.2121213 -0.6224553 0.7533618 0.2856332 0.4984853 0.8184902 -0.3776671 0.6726166 -0.6363604 -0.6344766 0.4863185 -0.6007776 0.5767103 -0.7815802 -0.2377767 0.9248901 -0.3632422 -0.1123991 0.4233986 0.8629482 0.2757787 0.6620976 0.7493173 0.01226842 0.6155734 0.4370943 -0.6557576 0.8796867 0.2322474 0.414985 -0.3349786 0.9265571 -0.1711175</float_array>
          <technique_common>
            <accessor source="#fix-9_002-mesh-normals-array" count="465" stride="3">
              <param name="X" type="float"/>
              <param name="Y" type="float"/>
              <param name="Z" type="float"/>
            </accessor>
          </technique_common>
        </source>
        <vertices id="fix-9_002-mesh-vertices">
          <input semantic="POSITION" source="#fix-9_002-mesh-positions"/>
        </vertices>
        <triangles material="Material_1_002-material" count="468">
          <input semantic="VERTEX" source="#fix-9_002-mesh-vertices" offset="0"/>
          <input semantic="NORMAL" source="#fix-9_002-mesh-normals" offset="1"/>
          <p>5 0 4 1 177 2 5 0 6 3 4 1 11 4 8 5 6 3 10 6 8 5 7 7 7 7 9 8 10 6 11 4 7 7 8 5 5 0 11 4 6 3 1 9 12 10 169 11 0 12 13 13 12 10 1 9 0 12 12 10 212 14 181 15 14 16 16 17 15 18 3 19 14 16 16 17 212 14 14 16 15 18 16 17 24 20 25 20 26 20 29 21 28 21 30 21 31 22 32 22 41 22 33 23 200 23 23 23 34 24 31 24 200 24 38 25 37 25 35 25 36 26 38 26 35 26 33 27 35 27 34 27 2 28 41 28 47 28 41 29 2 29 31 29 42 30 43 30 157 30 42 31 19 31 43 31 154 32 217 32 156 32 46 33 48 33 217 33 3 34 2 34 47 34 48 35 3 35 49 35 26 36 21 36 24 36 16 37 48 37 207 37 26 38 48 38 21 38 26 39 18 39 20 39 19 40 26 40 20 40 46 41 207 41 48 41 156 42 217 42 45 42 154 43 46 43 217 43 44 44 156 44 45 44 157 45 23 45 200 45 2 46 200 46 31 46 16 47 3 47 48 47 212 48 16 48 207 48 39 49 36 49 35 49 39 50 40 50 36 50 33 51 34 51 200 51 33 52 39 52 35 52 22 53 33 53 23 53 22 54 23 54 21 54 49 55 50 55 22 55 49 56 22 56 21 56 49 57 21 57 48 57 40 58 3 58 47 58 40 59 49 59 3 59 25 60 27 60 17 60 25 61 18 61 26 61 28 62 51 62 30 62 53 63 28 63 23 63 53 64 23 64 157 64 53 65 157 65 43 65 52 66 43 66 17 66 52 67 53 67 43 67 27 68 52 68 17 68 25 69 17 69 18 69 44 70 157 70 156 70 44 71 42 71 157 71 54 72 44 72 45 72 19 73 45 73 26 73 54 74 55 74 44 74 19 75 54 75 45 75 56 76 199 76 150 76 56 77 184 77 199 77 208 78 64 78 65 78 57 79 58 79 64 79 206 80 57 80 208 80 208 81 57 81 64 81 208 82 60 82 206 82 61 83 208 83 65 83 56 84 150 84 62 84 109 85 56 85 62 85 64 86 63 87 205 88 205 88 65 89 64 86 205 90 199 90 184 90 205 91 63 91 199 91 66 92 61 93 172 94 66 92 208 95 61 93 171 96 208 95 66 92 208 95 171 96 60 97 72 98 69 99 68 100 74 101 70 102 71 103 67 104 75 105 76 106 72 98 71 103 69 99 75 105 70 102 74 101 74 101 76 106 75 105 77 107 183 107 68 107 81 108 79 109 78 110 81 108 80 111 79 109 77 112 68 100 81 108 78 110 77 112 81 108 87 113 82 113 76 113 74 114 71 114 88 114 74 115 88 115 86 115 76 116 86 116 87 116 76 117 74 117 86 117 207 118 46 119 83 120 84 121 207 118 83 120 71 103 72 98 207 118 87 122 86 123 85 124 88 125 71 103 84 121 71 103 207 118 84 121 88 125 85 124 86 123 85 124 88 125 84 121 85 124 84 121 83 120 2 126 216 127 211 128 3 19 15 18 216 127 2 126 3 19 216 127 204 129 90 129 163 129 204 130 197 130 90 130 93 131 90 131 89 131 93 132 89 132 202 132 198 133 202 133 89 133 198 134 89 134 91 134 104 135 198 135 91 135 92 136 158 137 201 138 201 139 158 139 93 139 202 140 201 140 93 140 174 141 92 141 201 141 174 142 94 142 92 142 174 143 203 143 94 143 174 144 210 144 203 144 209 145 174 145 201 145 80 146 98 146 95 146 75 147 67 147 96 147 70 148 97 148 99 148 80 149 95 149 73 149 81 150 98 150 80 150 68 151 99 151 98 151 68 152 98 152 81 152 69 153 99 153 68 153 70 154 99 154 69 154 75 155 97 155 70 155 75 156 96 156 97 156 100 157 67 104 101 158 67 104 100 157 96 159 62 160 95 161 102 162 73 163 95 161 62 160 112 164 103 164 115 164 103 165 104 165 91 165 107 166 105 166 106 166 109 167 107 167 108 167 105 168 107 168 109 168 102 169 109 169 62 169 102 170 105 170 109 170 105 171 91 171 106 171 103 172 91 172 105 172 113 173 100 173 101 173 113 174 110 174 111 174 113 175 111 175 100 175 110 176 115 176 111 176 114 177 115 177 110 177 114 178 112 178 115 178 112 179 104 179 103 179 102 180 116 180 105 180 142 181 116 181 102 181 105 182 146 182 117 182 105 183 117 183 103 183 103 184 118 184 115 184 147 185 118 185 103 185 115 186 118 186 119 186 115 187 119 187 111 187 111 188 134 188 139 188 111 189 139 189 100 189 144 190 10 190 120 190 140 191 6 191 123 191 124 192 122 192 125 192 122 193 121 193 125 193 4 194 124 194 125 194 140 195 124 195 4 195 140 196 4 196 6 196 123 197 6 197 8 197 122 198 120 198 121 198 144 199 120 199 122 199 143 200 8 200 10 200 143 201 10 201 144 201 123 202 8 202 143 202 123 203 143 203 126 203 128 204 124 204 140 204 128 205 140 205 138 205 130 206 135 207 140 208 97 209 96 159 129 210 130 206 140 208 131 211 98 212 132 213 95 161 133 214 98 212 99 215 97 209 129 210 99 215 129 210 135 207 130 206 130 206 99 215 129 210 130 206 131 211 133 214 133 214 99 215 130 206 133 214 131 211 132 213 132 213 98 212 133 214 146 216 105 217 116 218 147 219 103 220 117 221 134 222 111 223 119 224 129 210 96 159 135 207 136 225 96 159 100 157 139 226 136 225 100 157 96 159 136 225 135 207 102 162 137 227 142 228 137 227 102 162 95 161 131 211 137 227 95 161 95 161 132 213 131 211 136 225 138 229 140 208 136 225 140 208 135 207 139 226 138 229 136 225 128 230 139 226 134 222 139 226 128 230 138 229 141 231 140 208 123 232 140 208 141 231 131 211 134 222 119 224 128 230 126 233 123 233 127 233 126 234 141 231 123 232 143 235 141 231 126 234 142 228 137 227 143 235 137 227 131 211 141 231 137 227 141 231 143 235 124 236 128 230 119 224 124 236 119 224 118 237 143 235 144 238 142 228 116 218 142 228 144 238 145 239 124 236 118 237 144 238 117 221 146 216 146 216 116 218 144 238 122 240 124 236 145 239 147 219 145 239 118 237 122 240 145 239 147 219 117 221 144 238 122 240 117 221 122 240 147 219 148 241 164 242 165 243 164 242 148 241 82 244 82 244 87 122 164 242 149 245 150 246 151 247 148 248 165 248 152 248 149 249 151 249 79 249 82 244 148 241 67 104 101 158 67 104 148 241 113 250 101 250 148 250 152 251 113 251 148 251 90 252 91 252 89 252 90 253 106 253 91 253 107 254 106 254 90 254 197 255 107 255 90 255 73 163 62 160 149 245 150 246 149 245 62 160 206 256 153 257 57 258 154 259 156 260 160 261 161 262 154 259 160 261 156 260 157 263 155 264 160 261 156 260 155 264 179 265 155 264 157 263 200 266 179 265 157 263 94 267 158 137 92 136 203 268 159 269 94 267 154 259 161 262 46 119 58 270 59 270 57 270 58 271 57 258 153 257 64 86 58 271 153 257 162 272 79 109 153 257 64 86 199 273 63 87 151 247 199 273 64 86 151 247 64 86 153 257 153 257 79 109 151 247 94 267 159 269 163 274 204 275 159 275 203 275 204 276 163 276 159 276 158 277 94 277 93 277 163 278 93 278 94 278 112 279 155 279 179 279 112 280 114 280 155 280 160 281 155 281 110 281 114 282 110 282 155 282 161 262 165 243 164 242 83 120 87 122 85 124 161 262 164 242 87 122 87 122 46 119 161 262 46 119 87 122 83 120 161 283 160 283 110 283 165 284 161 284 152 284 152 285 110 285 113 285 152 286 161 286 110 286 162 272 206 256 77 112 78 110 79 109 162 272 162 272 153 257 206 256 162 272 77 112 78 110 166 287 167 288 13 13 169 11 167 288 168 289 168 289 1 9 169 11 166 287 168 289 167 288 0 12 166 287 13 13 169 290 66 290 172 290 178 291 170 291 214 291 211 292 170 292 178 292 167 293 211 293 216 293 13 294 216 294 15 294 182 295 171 295 181 295 182 296 181 296 180 296 213 297 172 297 215 297 167 298 170 298 211 298 169 299 173 299 170 299 167 300 216 300 13 300 169 301 172 301 173 301 169 302 170 302 167 302 12 303 171 303 66 303 12 304 181 304 171 304 12 305 14 305 181 305 12 306 66 306 169 306 13 307 14 307 12 307 13 308 15 308 14 308 172 94 210 309 173 310 170 311 174 312 209 313 173 310 174 312 170 311 174 312 173 310 210 309 120 314 10 6 9 8 121 315 120 314 175 316 125 317 121 315 176 318 4 1 125 317 177 2 176 318 177 2 125 317 175 316 176 318 121 315 9 8 175 316 120 314 176 319 175 319 168 319 176 320 168 320 166 320 7 321 0 321 1 321 5 322 166 322 0 322 5 323 177 323 166 323 11 324 5 324 0 324 9 325 1 325 168 325 7 326 11 326 0 326 9 327 7 327 1 327 175 328 9 328 168 328 177 329 176 329 166 329 178 330 2 330 211 330 179 331 2 331 178 331 112 332 178 332 104 332 112 333 179 333 178 333 202 334 198 334 214 334 202 335 214 335 201 335 214 336 170 336 209 336 214 337 209 337 201 337 178 338 214 338 104 338 72 339 183 339 180 339 72 340 180 340 207 340 180 341 212 341 207 341 180 342 181 342 212 342 171 343 182 343 60 343 206 344 60 344 182 344 77 345 182 345 183 345 77 346 206 346 182 346 182 347 180 347 183 347 82 244 67 104 76 106 71 103 70 102 69 99 183 348 72 98 68 100 213 349 210 349 172 349 203 350 210 350 213 350 197 351 108 351 107 351 197 352 213 352 108 352 204 353 213 353 197 353 203 354 213 354 204 354 215 355 61 355 65 355 56 356 108 356 215 356 56 357 109 357 108 357 184 358 56 358 215 358 205 359 184 359 215 359 215 360 172 360 61 360 215 361 65 361 205 361 213 362 215 362 108 362 26 363 191 363 192 363 48 364 26 364 192 364 45 365 185 365 191 365 26 366 45 366 191 366 217 367 185 367 45 367 217 368 187 368 185 368 48 369 192 369 187 369 217 370 48 370 187 370 191 371 185 371 188 371 191 372 188 372 190 372 185 373 186 373 188 373 187 374 186 374 185 374 187 375 189 375 186 375 187 376 192 376 189 376 192 377 190 377 189 377 191 378 190 378 192 378 189 379 194 379 193 379 190 380 194 380 189 380 190 381 195 381 194 381 188 382 195 382 190 382 196 383 188 383 186 383 195 384 188 384 196 384 186 385 193 385 196 385 189 386 193 386 186 386 193 387 194 387 195 387 196 388 193 388 195 388 163 274 90 389 93 390 150 246 199 273 151 247 179 265 200 266 2 126 104 391 214 392 198 393 34 394 35 394 32 394 31 395 34 395 32 395 37 396 41 396 32 396 37 397 32 397 35 397 37 398 47 398 41 398 47 399 37 399 38 399 36 400 40 400 38 400 47 401 38 401 40 401 218 402 40 402 39 402 218 403 219 403 49 403 218 404 49 404 40 404 220 405 49 405 219 405 220 406 50 406 49 406 22 407 221 408 33 409 221 410 39 410 33 410 220 411 39 411 221 411 218 412 39 412 220 412 220 413 219 413 218 413 221 414 22 414 50 414 221 415 50 415 220 415 222 416 223 416 24 416 222 417 24 417 21 417 223 418 30 418 24 418 224 419 30 419 223 419 224 420 29 420 30 420 28 421 29 422 23 423 225 424 23 423 29 422 225 425 21 425 23 425 224 426 21 426 225 426 222 427 21 427 224 427 224 428 223 428 222 428 225 429 29 429 224 429 226 430 27 431 25 432 226 430 52 433 27 431 53 434 227 435 28 421 51 436 28 421 227 435 51 437 24 437 30 437 53 438 52 438 226 438 227 439 53 439 226 439 51 440 226 440 25 440 51 441 227 441 226 441 51 442 25 442 24 442 228 443 18 443 17 443 229 444 230 444 19 444 229 445 19 445 20 445 230 446 231 446 43 446 230 447 43 447 19 447 231 448 17 448 43 448 228 449 17 449 231 449 20 450 18 450 228 450 229 451 20 451 228 451 228 452 231 452 229 452 231 453 230 453 229 453 232 454 54 454 19 454 55 455 233 455 44 455 233 456 234 456 42 456 233 457 42 457 44 457 234 458 19 458 42 458 232 459 19 459 234 459 55 460 54 460 232 460 232 461 234 461 55 461 55 462 235 462 233 462 234 463 233 463 235 463 55 464 234 464 235 464</p>
        </triangles>
      </mesh>
    </geometry>
    <geometry id="pinzaDx-7_002-mesh" name="pinzaDx-7.002">
      <mesh>
        <source id="pinzaDx-7_002-mesh-positions">
          <float_array id="pinzaDx-7_002-mesh-positions-array" count="39">0.002146422 0.004974067 0.09551358 0.003455996 0.003455638 0.09536999 0.003736913 0.003736853 0.1298345 0.002343535 0.005172014 0.1296477 0.001594424 0.004422962 0.1308646 0.002877175 0.002877175 0.1308939 -0.002910554 -0.002910554 0.1309375 -0.004653692 -0.001824915 0.1307975 -0.003815948 -0.003815829 0.130029 -0.005339026 -0.002510309 0.129535 -0.00372076 -0.003720819 0.09555822 -0.005330145 -0.002501547 0.09641432 -0.004634737 -0.001806616 0.09512168</float_array>
          <technique_common>
            <accessor source="#pinzaDx-7_002-mesh-positions-array" count="13" stride="3">
              <param name="X" type="float"/>
              <param name="Y" type="float"/>
              <param name="Z" type="float"/>
            </accessor>
          </technique_common>
        </source>
        <source id="pinzaDx-7_002-mesh-normals">
          <float_array id="pinzaDx-7_002-mesh-normals-array" count="84">0.7566905 0.6536723 -0.01150178 0.7179752 0.6960206 -0.008181035 -0.2188261 0.6692966 0.7100403 0.9472228 0.06039738 0.3148355 0.05896317 0.9662396 0.2508072 0.6354741 -0.2736671 0.7219966 -0.006228566 0.01375263 0.999886 -0.05348318 0.04276013 0.9976528 -0.9754142 -0.07312321 0.2078946 -0.04287922 -0.9327528 0.3579576 -0.6907389 0.2065837 0.6929668 0.3123046 -0.5969892 0.7389653 -0.6500686 -0.7598657 -0.003889262 -0.6040024 -0.7969825 -3.72802e-4 -0.617951 0.2170825 -0.7556533 0.02517801 -0.8416795 -0.5393902 -0.9787437 -0.08926802 -0.1846398 0.1336146 -0.1592758 -0.9781505 -0.01967889 0.07730048 -0.9968137 0.7070965 -0.7071171 5.88374e-6 0.7071049 -0.7071087 6.62708e-5 0.7070947 -0.7071189 -1.15319e-4 0.7070927 -0.707121 4.39304e-6 -0.707093 0.7071207 -1.72051e-5 -0.7070944 0.7071192 -3.34011e-5 -0.7070907 0.7071229 -9.22373e-6 -0.7070615 0.7071521 -3.37648e-6 -0.7070787 0.7071349 -2.07351e-4</float_array>
          <technique_common>
            <accessor source="#pinzaDx-7_002-mesh-normals-array" count="28" stride="3">
              <param name="X" type="float"/>
              <param name="Y" type="float"/>
              <param name="Z" type="float"/>
            </accessor>
          </technique_common>
        </source>
        <vertices id="pinzaDx-7_002-mesh-vertices">
          <input semantic="POSITION" source="#pinzaDx-7_002-mesh-positions"/>
        </vertices>
        <triangles material="Material_5_002-material" count="22">
          <input semantic="VERTEX" source="#pinzaDx-7_002-mesh-vertices" offset="0"/>
          <input semantic="NORMAL" source="#pinzaDx-7_002-mesh-normals" offset="1"/>
          <p>2 0 1 0 0 0 3 1 2 1 0 1 4 2 2 3 3 4 2 3 4 2 5 5 5 6 4 6 6 6 7 7 6 7 4 7 9 8 8 9 7 10 6 11 7 10 8 9 8 12 9 12 10 12 11 13 10 13 9 13 12 14 10 15 11 16 1 17 10 17 12 17 0 18 1 18 12 18 8 19 1 19 2 19 6 20 2 20 5 20 8 21 2 21 6 21 10 22 1 22 8 22 9 23 3 23 0 23 7 24 4 24 3 24 9 25 7 25 3 25 11 26 9 26 0 26 12 27 11 27 0 27</p>
        </triangles>
      </mesh>
    </geometry>
    <geometry id="pinzaDx_002-mesh" name="pinzaDx.002">
      <mesh>
        <source id="pinzaDx_002-mesh-positions">
          <float_array id="pinzaDx_002-mesh-positions-array" count="1254">-0.001858055 -0.01943296 0.02109158 -0.004119277 -0.01731914 0.019903 -0.004845261 -0.01671594 0.01803767 3.8187e-4 -0.02194708 0.01714104 -3.06354e-4 -0.02123719 0.01956963 -0.00940895 -0.01216572 0.003274559 -0.01102936 -0.0101521 0.003949522 -0.01278877 -0.008606851 0.002647638 -0.01343876 -0.008132457 6.88351e-5 -0.007968366 -0.01342529 0.00109452 -0.00418967 -0.01545035 0.01794838 -0.01266825 -0.006948888 0.001136541 4.64005e-4 -0.01269435 0.01733607 0.01455056 -0.007694303 0.01972448 0.01593965 -0.008813738 0.01971024 0.003524959 -0.01398926 0.01414924 0.001600027 -0.0120182 0.01561623 0.005301058 -0.01573008 0.01680004 -0.006880939 -0.003568232 -0.001419365 -0.005549669 -0.004878759 -0.002685606 -0.003936767 -0.006486415 -0.002179741 -0.003319561 -0.007161259 4.04339e-4 0.0145961 0.001058459 0.01562482 0.01628232 -7.06133e-4 0.0142579 0.01821678 -0.002613782 0.01776355 0.01782858 -0.002156257 0.01519089 0.006003737 0.009613692 -0.001023352 0.006098985 0.009508252 0.001211106 0.007521688 0.007953226 -0.002736091 0.009319663 0.006420433 -0.001991808 -0.002174973 0.007717907 3.95073e-4 -0.01092493 5.07285e-4 0.001444756 -0.002545714 0.009083509 0.00168848 0.001692235 -0.01659721 0.02776342 0.004222214 -0.01876425 0.01971471 -0.003474235 -0.01138329 0.0157907 -0.004096031 -0.01094514 0.002738296 0.01476079 -0.003328382 0.02771174 0.01775795 -0.006267607 0.01975756 0.008642971 0.00303626 0.01541566 0.009247064 0.001874625 0.01598656 0.009679019 0.00199455 0.003129482 0.008506178 0.002453863 0.002692162 0.004651665 -0.01985877 0.02010226 0.006498873 3.34678e-4 -0.001556932 0.004848837 0.001847028 -0.004175662 0.003570377 0.003519833 -0.004744529 0.00626409 5.34913e-4 0.002456843 0.004158735 0.002692818 0.004572391 0.0131371 -0.006348609 0.01271057 0.01511943 -0.008356034 0.01585596 0.01278477 -0.005840182 0.02156704 0.006371319 -0.01668906 0.01488673 0.006017267 -0.01653492 0.01953577 0.004425048 -0.0147776 0.02128565 0.003759145 -0.01402252 0.0124132 -0.004154026 -0.006139338 -0.004599452 -0.001892924 -0.008418738 -0.001048088 -0.002527952 -0.007817983 0.002695381 -0.004459261 -0.005909681 0.004572629 -0.0112695 -0.008359551 0.003589272 -0.002420365 -0.01728862 0.0210179 0.01002466 -0.003379106 0.01778882 0.01073533 -0.004089295 0.01488751 0.01303845 -0.006390333 0.01486897 0.01357811 -0.006931006 0.01758664 0.001812398 0.004833042 -0.001442611 0.003761947 0.00288552 -0.002624869 0.005231857 0.00141251 2.88966e-4 -0.008025884 -0.004205167 3.92599e-4 -0.005333781 -0.00690478 -0.002591013 -0.007161378 -0.005063891 -0.002412199 -0.004170179 -0.008061349 -3.77132e-4 0.001165747 -0.01339703 0.01479321 0.002927064 -0.01516425 0.01430779 0.004336655 -0.01656913 0.01640939 0.01755487 -0.01658016 0.06507807 0.01183527 -0.01098608 0.06529986 0.01034373 -0.0124765 0.06355917 0.01549774 -0.01863843 0.06380587 0.00926125 -0.01355803 0.06627863 0.01495903 -0.01917636 0.06604784 0.01756274 -0.01658803 0.04007595 0.01189839 -0.01092225 0.04085034 0.01077914 -0.01204162 0.03869587 0.01600885 -0.01812624 0.03868585 0.009202063 -0.01362127 0.03990018 0.01491904 -0.01921701 0.04001897 0.00751388 -4.08148e-4 0.002770662 0.004831552 -0.006198465 0.02126652 0.003763377 -0.006597042 0.02060484 -0.005218565 -0.00326389 0.008208811 8.10783e-4 -0.004757702 0.01581406 -4.0351e-4 -0.003989517 0.01381206 0.002854108 -0.00172013 0.01480621 0.003721058 -0.00208044 0.01602697 0.005240857 -2.2141e-4 0.01561146 0.005048692 -0.00329113 0.01859408 1.76861e-4 5.79547e-4 0.01097589 0.00165838 -8.33355e-4 0.01271909 2.81783e-5 -0.002478539 0.01384478 -2.51472e-4 -0.00267452 0.01265048 -0.001084148 -0.002756416 0.01189029 -0.003431081 -0.001156628 0.007945239 -0.005033612 4.45523e-4 0.004734754 -0.001016795 -0.001838564 0.01105594 -0.002010285 -0.001324295 0.009540081 -8.5826e-4 7.03435e-4 0.008659183 0.01006221 -0.004877626 0.02508246 0.003153622 -0.01184713 0.02517169 -0.002831876 0.002073585 0.005307912 -0.003665089 0.003947496 0.002595424 -0.009541988 -3.55399e-4 4.0492e-4 -0.002287566 0.003882467 0.004440546 -0.002091467 0.00249505 0.005628287 -0.001598179 0.003577709 0.00526905 4.25436e-6 0.001975536 0.008479952 0.001507699 0.003472328 0.008188724 2.1015e-4 0.001470923 0.009462594 -0.008232474 -0.006319761 0.008087694 0.002482771 -0.006377279 0.01909637 0.002001166 -2.14545e-5 0.01225006 0.006435871 -0.004387855 0.02108353 0.003804802 -0.007491528 0.02155268 0.004128634 -0.005265533 0.01963204 0.001914918 -0.005936324 0.01808756 0.004297137 -0.004064917 0.01859885 0.005413472 -0.00503236 0.02069228 -6.83852e-4 0.002280414 0.007650196 0.0110771 -0.004199206 0.01249808 0.01149451 -0.004409492 0.0106793 0.002637863 0.004339694 0.006354987 0.007419645 -5.12097e-4 0.01603913 0.009156107 -0.002373576 0.0145483 0.00221914 -0.01262694 0.01271808 0.002665221 -0.01333826 0.01110267 -0.001535952 -0.009081661 0.002585351 -0.006105661 -0.004383027 0.006390869 4.03467e-4 -0.01072233 0.01481574 -0.001705467 -0.007544636 0.01584678 -0.001163005 -0.009327113 0.01597273 -9.4469e-4 0.007801771 -3.44738e-4 5.0734e-4 0.006254613 -0.002134203 2.25327e-4 0.006549 7.92226e-4 -0.01023209 -2.90911e-4 1.741e-4 -0.01321059 -0.005681574 -0.001348078 0.01231557 -0.02309906 0.02433943 0.01227456 -0.02287054 -0.005240499 0.01126044 -0.02220487 -0.007893383 0.009233951 -0.0199306 -0.009223341 0.007294952 -0.01797211 0.0199995 -0.01345586 -0.005758106 6.2514e-4 -0.004025578 -0.01563119 0.0154072 -0.009421646 -0.01026344 0.004123806 -0.003000974 -0.01667469 0.01357209 -0.007805585 -0.01184082 0.00303179 -0.008331596 -0.002010643 7.86444e-4 -0.008021771 -0.002275824 -0.002147614 0.0110768 -0.00416994 0.02336162 0.008631706 -0.001868188 0.01715195 0.002420306 -0.01286399 0.02329272 0.01945441 -0.01238626 0.02375018 0.005986869 -0.02519351 0.02318269 3.2654e-4 -0.0193277 0.032839 0.001345813 -0.02105468 0.01857215 2.54497e-4 -0.01994407 0.02048009 0.00590372 0.001701951 -0.004175841 0.00747168 0.007607221 -0.005084156 0.006037354 0.009664893 -0.004034221 0.001881718 0.00511378 -0.004216313 0.0158959 -0.01823812 0.04241734 0.01015996 -0.01266133 0.04227358 0.01624286 -0.01789528 0.06735396 0.01104819 -0.01177358 0.06717282 -0.007755935 -0.01097452 -0.004613578 0.007586419 -0.02575272 0.02619493 0.00787425 -0.02609843 0.03328144 -0.006836593 -0.003685057 -0.004251956 0.01175498 -0.02045708 0.02497828 0.0118913 -0.02172058 0.02695202 0.01145815 -0.02267897 0.03088706 0.01883417 -0.01346862 0.02496492 0.005671322 -0.01334464 0.07259005 0.006534755 -0.01063007 0.0376321 0.00886172 -0.008303105 0.04333209 0.005371749 -0.01179301 0.04048216 0.006534755 -0.01063007 0.0626322 0.006534755 -0.01063007 0.04333209 0.005371749 -0.01179301 0.06548219 0.006534755 -0.01063007 0.06833219 0.00886172 -0.008303105 0.06833219 0.01585853 -0.001775383 0.03273099 0.01224392 -0.005110263 0.04054254 0.01002568 -0.007139027 0.04048216 0.01002568 -0.007139027 0.06548219 0.00886172 -0.008303105 0.0626322 0.00886172 -0.008303105 0.0376321 0.02067583 -0.01324057 0.0696597 0.02089685 -0.01320093 0.04077321 0.01093846 -0.02301627 0.04028075 0.009673237 0.005974054 0.00116533 0.007445096 0.008455336 0.003047883 0.02368253 -0.007793843 0.02468699 0.0172562 -0.001552641 0.01949381 0.01595193 -2.56016e-4 0.02493917 0.01590478 -1.9756e-4 0.01974767 0.0145905 0.001042306 0.01815766 0.02465897 -0.009322524 0.03063076 0.02096527 -0.0123797 0.0408262 0.01382768 -0.005290985 0.04085016 0.0126143 -0.005195915 0.06903171 0.01333522 -0.002751708 0.02973365 0.01183897 -0.005015671 0.03240787 0.002385914 -0.01431626 0.03189235 0.01708662 -0.01127636 0.02565175 0.009552538 -0.018269 0.02587521 0.01007676 -0.02407807 0.03078609 0.0104109 -0.02494949 0.02487695 0.009071052 -0.02360492 -0.008318603 0.007223963 -0.02172988 -0.00922048 -0.00610131 -0.008740723 -0.005128145 0.01169067 -0.01113104 0.06833219 0.01285374 -0.009968101 0.06548219 0.00936377 -0.01345807 0.06833219 0.008199751 -0.01462209 0.06548219 0.00936377 -0.01345807 0.0626322 0.01169067 -0.01113104 0.0626322 0.01169067 -0.01113104 0.04333209 0.01285374 -0.009968101 0.04048216 0.00936377 -0.01345807 0.04333209 0.008199751 -0.01462209 0.04048216 0.00936377 -0.01345807 0.0376321 0.01169067 -0.01113104 0.0376321 0.02099937 -0.007187068 0.01906496 0.01957446 -0.008637607 0.01915127 0.01943606 -0.008192241 -0.00129354 0.01731818 -0.006209194 -0.003419995 0.007378339 0.003370285 -0.004477918 -0.008176326 -0.01329535 -0.001565754 -0.004866838 -0.00736469 0.002103984 -0.009987652 -0.01151961 -0.003709197 -0.01205271 -0.009513676 -0.002602159 -0.006887793 -0.005334854 0.002562463 0.001647472 -0.01387059 0.01959365 0.003602564 -0.01582789 0.01917129 -0.001566171 -0.01994544 0.01330476 -0.003554821 -0.01799374 0.01363211 0.004087746 -0.01449048 0.01955687 0.002310752 -0.01270008 0.01935368 0.001470565 -0.01193535 0.01789063 -0.004182875 -0.006268858 0.002292513 -0.005935907 -0.004481256 0.002592444 -0.007000684 -0.003396928 8.27311e-4 0.003614544 0.003031253 0.00257188 0.00747466 0.007699549 0.002589344 0.001756131 0.004899144 0.001390397 0.01226949 -0.005624353 0.01962339 -0.003219127 -0.01834762 0.01985877 2.12834e-4 -0.02156507 0.01473003 -0.004843831 -0.01652574 0.01549792 -0.01170247 -0.009864091 0.002858459 -0.008178234 -0.01139903 -0.003701448 -0.01093941 -0.008695006 -0.003827095 -0.01229518 -0.009011864 -0.003359854 -0.007112681 -0.003222465 0.003734409 4.13564e-4 -0.01066988 0.01914441 0.00251162 -0.01280045 0.02144199 0.009760081 -0.003032147 0.02060854 0.001449525 0.005332171 0.003737092 -0.008323132 -0.006814539 0.006737172 -8.71899e-5 -0.01513981 0.01200377 0.006817698 -0.02174681 0.02379345 -9.59017e-7 -0.01497644 0.02427625 0.01312232 -0.002072036 0.02365595 0.004800021 0.006434977 0.006628632 0.01357239 -0.002094864 0.01144725 0.01297557 -0.02075588 0.07242345 0.01930546 -0.01398265 0.07199579 0.01260495 -0.00605601 0.07103896 -0.002080798 0.009270906 0.003636062 -4.19544e-4 -0.01743483 0.0293914 -0.00458008 -0.01047962 0.01560825 0.01801562 -0.01088911 0.02381044 0.01990073 -0.008791148 0.02386301 0.0198695 -0.008205473 0.02534455 0.004913389 0.006659507 0.008039414 0.01340919 -0.001815915 0.0248354 5.35771e-4 -0.01519203 0.01093143 0.006524801 -0.02153706 0.02549725 0.004357755 0.01146686 5.5521e-4 0.004113674 0.01146984 0.001078188 0.004239678 0.01148188 8.17213e-4 0.003980696 0.01143079 0.00133419 0.003844738 0.01136481 0.001582205 0.0173006 -0.001900732 0.03274714 0.01118689 -0.007989883 0.07277077 0.01016813 -0.007344841 0.0719574 0.005222797 -0.01204431 0.07146638 0.003637731 -0.01442265 0.06980174 0.003330588 -0.01405018 0.04065287 0.00358963 -0.01559364 0.04102236 1.06096e-4 -0.0177564 0.03346699 -0.001282572 -0.01787072 0.02555459 0.003293991 0.01167082 0.001064419 0.004217565 0.01148527 -0.001399397 -0.01145213 -6.18719e-5 0.003474652 0.00978446 0.005882978 -0.003890156 0.02355492 -0.008637011 0.02396112 0.02445101 -0.009313166 0.03268826 0.01817828 -0.01565432 0.07270061 0.01132518 -0.02247428 0.0695756 0.01085853 -0.02265632 0.04175788 0.006942391 -0.02637702 0.03045082 -0.0108357 -0.008018553 -0.004550695 0.01889175 -0.005345284 -0.00330162 0.02070993 -0.007068395 -6.98774e-4 0.01034009 -0.02490854 -0.005507946 0.01007074 -0.02408409 0.0307852 0.01007378 -0.02408111 0.03078609 0.009212791 -0.01985025 0.02416789 0.009082674 0.004731953 -0.004562199 0.009497642 -0.0245791 0.02752244 0.00727874 -0.0224471 0.0208348 -0.005763828 -0.009739995 -0.00435853 0.01093077 -0.02122443 0.02410364 -0.006745457 -0.01283985 3.93044e-5 -0.01243931 -0.007230758 -0.001842916 -4.61114e-4 -0.0192309 0.01292765 0.001399993 -0.02108275 0.01532536 -0.002963721 0.002808809 0.005827128 -0.003391504 0.003437459 0.004769206 -0.0042966 0.00395292 0.003207206 -0.005365431 9.2072e-4 0.005313038 -0.00354278 0.002502202 0.00416702 0.00571829 -0.004760622 0.02212601 0.004441797 -0.003359973 0.01946353 0.004747629 -0.004828155 0.02120453 0.003530144 -0.005046904 0.02021533 0.003227293 -0.006216943 0.02107256 0.00222826 -0.005616128 0.01949572 0.002912104 -0.00718975 0.02172446 0.004257023 -0.005679726 0.02157706 0.001229703 3.47235e-4 0.01249492 -0.001464426 -0.001319527 0.01146447 -0.002514779 -9.63382e-4 0.0100488 -0.001246452 -0.00215131 0.01248925 -0.001320123 0.00116527 0.009120106 -0.001788496 0.001835465 0.007980227 -0.002693772 0.002350211 0.006418228 -0.003763139 -6.81732e-4 0.008523762 -0.001939654 8.99108e-4 0.007377803 0.001447916 -0.005564808 0.01863938 0.004107236 -0.002551972 0.01828432 0.003267884 -0.001546323 0.01643252 4.43143e-4 -0.004260897 0.01632922 0.003676414 -0.002854526 0.01674485 0.003175139 -0.002373456 0.01717031 0.001172006 -0.004646718 0.01744061 0.001782834 -0.005181789 0.01719671 0.002775609 -0.001172006 0.01556503 0.001379728 -1.52125e-4 0.0131452 0.001734495 -8.81656e-4 0.0142318 -7.19643e-4 -0.002242028 0.01312583 -7.85338e-4 -0.003565132 0.01439505 0.009520173 -0.0135557 0.06972187 0.007670521 -0.01539331 0.06715112 0.01066124 -0.01244753 0.06098598 0.007953703 -0.01507759 0.06291091 0.007340252 -0.01563012 0.04050821 0.009606122 -0.01339668 0.04474508 0.008286654 -0.01469445 0.04351288 0.01088118 -0.01209729 0.03599375 0.008704304 -0.01435673 0.0369572 0.01697039 -0.01273387 0.04213541 0.01120179 -0.0185225 0.03827136 0.01070785 -0.01912605 0.04085934 0.01315248 -0.01659643 0.03604555 0.015208 -0.01449608 0.03635567 0.01674723 -0.01292854 0.03839176 0.01754248 -0.01226848 0.0403288 0.01681602 -0.01284104 0.06342977 0.01119208 -0.01850795 0.06329518 0.01086843 -0.01884794 0.0662384 0.01274198 -0.01697051 0.06136769 0.01469385 -0.01503378 0.06109267 0.01704818 -0.01269656 0.066567 0.01584535 -0.01378041 0.06905174 0.01191186 -0.01770865 0.06890368 0.01189023 -0.01775693 0.04391503 0.01391154 -0.01582682 0.06994223 0.006672084 -0.02304911 0.0296216 0.02108675 -0.008601546 0.03263652 0.01367217 -0.009287297 0.06421649 0.01239514 -0.01056897 0.04429757 0.01242709 -0.01054334 0.0618304 0.01365381 -0.009268224 0.03907352 0.01280891 -0.01016873 0.07074654 0.01609116 -0.01365959 0.07075035 0.003238618 -0.01975005 0.02979117 0.004032015 -0.02041679 0.02851325 0.006667137 -0.02299678 0.0322327 0.01490718 -0.01481848 0.04488646 0.003515064 -0.01954656 0.03262436 0.01817321 -0.005275011 0.02884209 0.01728993 -0.01234668 0.06931954 0.01399058 -0.00902909 0.06915986 0.007198631 -0.01580405 0.06881564 0.01185131 -0.01784366 0.07079148 0.01066339 -0.01905423 0.06930637 0.02121442 -0.008198857 0.0290367 0.005798518 -0.02219325 0.02844703 0.01793992 -0.005150139 0.03225886 0.007039904 -0.01604342 0.04017573 0.01400244 -0.008887112 0.0405817 0.01305478 -0.01014286 0.03753614 0.0118277 -0.01115554 0.06961452 0.01328343 -0.009707391 0.06796991 0.008184134 -0.01482075 0.0706166</float_array>
          <technique_common>
            <accessor source="#pinzaDx_002-mesh-positions-array" count="418" stride="3">
              <param name="X" type="float"/>
              <param name="Y" type="float"/>
              <param name="Z" type="float"/>
            </accessor>
          </technique_common>
        </source>
        <source id="pinzaDx_002-mesh-normals">
          <float_array id="pinzaDx_002-mesh-normals-array" count="2553">-0.8572573 -0.03494459 0.5137013 -0.5622254 -0.7566023 0.3338499 -0.5167158 -0.3254842 0.7918743 -0.7451313 0.5845992 -0.3209726 -0.2860851 -0.06439507 -0.9560381 -0.3344595 0.5443093 -0.7693271 -0.5866679 0.7522949 -0.2997887 0.2807158 0.8175492 0.5028043 0.4643822 0.201336 0.862446 0.2714678 0.7391125 0.6164561 0.6942178 0.4778069 0.5382958 -0.3319011 -0.8662085 0.3735299 0.04458773 -0.9661902 0.2539458 -0.5343542 -0.6549035 0.5343847 -0.79016 -0.3671543 0.4907598 -0.2549255 -0.9669041 -0.010468 -0.9745889 -0.1099899 0.1951375 -0.9061412 -0.3998911 -0.137824 -0.3685476 -0.7929452 0.4851914 -0.3081887 -0.4510213 0.8376154 -0.3739758 -0.9272794 0.01718199 -0.2339021 -0.9531877 0.1916325 -0.4354505 -0.8631186 0.2557524 -0.7581369 -0.4008442 0.5143465 -0.8270456 -0.03308302 0.5611605 -0.9700456 -0.1276608 0.2066745 -0.8892476 -0.4502851 0.08051049 -0.9565096 0.06534206 -0.2842885 0.9301997 0.2511438 0.2676854 0.9471076 0.1963616 -0.2538296 -0.2921258 -0.9403753 -0.1742317 -0.3943447 -0.8243059 0.4062169 0.5733333 0.5671989 0.5912481 -0.8333304 -0.4009019 0.3805761 0.2353949 0.89986 0.3672075 -0.968133 -0.2229129 -0.1141421 0.1833294 0.974695 -0.1279064 -0.2913085 -0.9164391 0.2743701 0.9503902 0.2152805 0.2245278 -0.3019884 -0.9128015 -0.2749483 0.4427059 0.4613223 0.768891 -0.7254935 -0.5069177 0.4655036 0.3492367 0.8652941 0.3595829 -0.9545012 -0.2950237 -0.04345852 0.2921258 0.9263672 -0.2377108 0.9468275 0.2038987 0.248884 0.9647231 0.1527808 -0.2143998 0.6695775 -0.7290887 -0.1417587 0.3315951 -0.4123498 0.8485354 0.5969964 0.610303 0.5206971 0.3276259 0.8380327 0.4363056 0.138864 0.9848053 -0.1042853 -0.7375784 0.6618307 0.134008 -0.3281997 0.1459411 0.9332665 0.9341623 0.2187922 0.2819059 0.9609855 0.1333684 -0.2423216 0.6781368 -0.7226033 -0.1340709 0.3688566 -0.5195306 0.7707352 0.5158613 0.659056 0.5472958 0.2411635 0.9691405 0.05105876 -0.7465705 0.6148175 0.2542283 -0.3192281 0.1879966 0.9288438 -0.6004264 0.6968658 0.3922579 0.7554818 -0.5347947 0.3784734 0.4086482 -0.9078766 0.09363198 -0.3799017 0.9138332 -0.1434702 0.9399737 -0.3065696 -0.1498818 -0.9517567 0.2974354 0.07544225 -0.6933411 0.5486178 0.4672224 0.6423577 -0.5822663 0.4983399 0.3837171 -0.922685 0.03759956 -0.3477354 0.9308345 0.1123715 0.9492189 -0.3069351 0.0690962 -0.9291867 0.3586003 -0.08954322 0.5886391 -0.5589562 -0.5840139 0.6023139 -0.5506065 -0.5779711 0.6028019 -0.551036 -0.5770523 0.5788452 -0.579675 -0.5735113 0.5746009 -0.5785911 -0.578849 0.5673887 -0.5918218 -0.5725532 0.5112043 -0.4015286 -0.759898 0.6941881 -0.7184088 -0.04462814 0.5843027 -0.5700447 -0.5776154 0.5860583 -0.5692486 -0.5766211 0.5783143 -0.5784586 -0.5752725 0.5779404 -0.5784237 -0.5756831 0.5392713 -0.5428022 -0.6438573 0.6173687 -0.5640281 -0.5483871 0.5775556 -0.670686 -0.4654136 0.5858469 -0.5543643 -0.5911545 0.6038079 -0.5440271 -0.582624 0.5312977 -0.5258668 -0.6642192 0.659721 -0.506089 -0.5555557 0.5281065 -0.6237943 -0.5761808 0.4142837 -0.6644777 -0.6219634 0.5624981 -0.5940031 -0.5751143 0.5518401 -0.6104515 -0.5681738 0.6561586 -0.5566614 -0.5094941 0.5520612 -0.6033459 -0.5755017 0.5400269 -0.6044861 -0.5856344 0.6115105 -0.4272762 -0.6659505 0.5091434 -0.6316245 -0.5846568 0.6190922 -0.5711822 -0.5389581 0.6278266 -0.5485038 -0.5522475 0.5612303 -0.5769633 -0.5934088 0.5774134 -0.5772727 -0.5773647 0.5994206 -0.5608204 -0.5711178 0.5909871 -0.5659659 -0.574819 0.6024375 -0.5491992 -0.5791798 0.5781351 -0.5787876 -0.5751215 0.5797032 -0.5766985 -0.5756415 0.5777832 -0.5774444 -0.5768229 0.5555401 -0.5986079 -0.5770995 0.5738269 -0.5680597 -0.5899416 0.5720866 -0.5745804 -0.5852985 0.720534 -0.4989522 -0.4815367 0.5840097 -0.5679318 -0.579988 0.5784406 -0.5805236 -0.5730611 0.5776177 -0.5777713 -0.5766612 0.6897227 -0.4908671 -0.5322895 0.4986116 -0.6662918 -0.5544744 0.4855111 -0.6096023 -0.6266291 0.7173694 -0.5471569 -0.4312779 0.6113666 -0.5497094 -0.5692543 0.5816308 -0.5752714 -0.5751248 0.5796471 -0.5799247 -0.572448 0.5652176 -0.590768 -0.5757798 0.56463 -0.588013 -0.5791664 -0.7779892 -0.6074798 -0.160316 -0.3083334 -0.5122002 -0.8016119 -0.8839226 -0.2613649 -0.3877747 0.2094217 0.9770065 -0.04001045 0.2472038 0.8762307 -0.4136544 0.7783322 0.5803844 -0.2394845 0.4930378 0.4492121 -0.7450653 0.6229901 0.7682619 -0.1471639 -0.7301016 -0.6833368 -0.001610517 -0.7152545 -0.6938028 -0.08395653 -0.7171759 -0.6968545 0.007251381 -0.603051 -0.79769 0.004520952 -0.7771433 -0.6248359 0.07502293 -0.8119602 -0.5734118 0.1091763 -0.4836943 0.474859 -0.7352202 -0.4838483 0.4962084 -0.72088 -0.5857962 0.5030876 -0.6354098 0.8041244 0.5944509 0.003478229 0.8026382 0.571385 -0.1711466 0.7793089 0.6096466 -0.1449435 0.7030991 0.7109913 -0.0119546 0.7161498 0.6979005 -0.008025348 0.7359104 0.6751642 0.05088537 0.7875736 0.6152328 0.03487586 0.707684 0.7065177 0.004018783 0.6835906 0.7294859 -0.02354389 0.8028434 0.3196165 -0.5032773 0.7120668 0.7020791 -0.006774723 0.60661 0.7900385 0.08867585 0.7414173 0.6701701 0.03424191 0.6248317 0.7782014 0.06315112 -0.8317462 -0.5550393 -0.01139515 -0.7117049 -0.7024672 0.004017651 -0.7093541 -0.7048523 9.27214e-5 -0.7097454 -0.7044452 0.004303276 -0.6915939 -0.7219871 -0.02079731 -0.7019131 -0.7121793 -0.01090115 -0.7010459 -0.7130772 -0.007466495 -0.7194319 -0.6944279 0.01370096 0.6606693 0.7506017 -0.01063495 0.8033893 0.5946421 0.03109049 -0.6846087 -0.7284327 0.02639591 -0.7050364 -0.7072696 0.05189949 -0.7381883 -0.6743603 -0.01778566 0.7196573 0.6917976 0.05924153 -0.7206696 -0.6931363 0.01405042 -0.6267094 -0.7781764 0.04095155 -0.7560821 -0.6490879 0.08381432 0.7042402 0.7086807 0.04263341 -0.7072001 -0.7068578 0.01483881 -0.7315847 -0.6815899 -0.01480376 -0.6630159 -0.7485913 -0.00459814 -0.693861 -0.7154105 0.08212673 -0.6835216 -0.7291618 0.03348535 -0.6937628 -0.7154981 0.08219277 0.603154 -0.6221991 -0.4990729 0.5996342 -0.6279048 -0.4961598 0.5514017 -0.5935418 -0.5862289 0.4287143 -0.7057248 -0.5640537 0.07455807 -0.3613152 -0.9294582 0.1501231 -0.6430668 -0.7509516 -0.4228186 -0.3790229 -0.8231441 0.446191 0.01919656 -0.8947319 0.3050073 0.3849672 -0.8710746 0.8235359 0.3287246 -0.4623081 -0.7089871 -0.1698993 -0.6844498 0.1939789 0.7673094 -0.6112352 0.6913444 -0.6227074 -0.3664402 -0.5573388 0.7199749 -0.4135331 0.5945148 -0.6799992 -0.429131 -0.7411311 0.4983804 -0.4498242 0.4813326 -0.6567972 -0.5804622 0.4374665 -0.6943058 -0.5714565 0.2749746 -0.960763 -0.03637838 -0.04889118 -0.9481605 -0.3140087 -0.1149647 -0.9342757 -0.3375087 0.3823754 -0.8800219 -0.2816925 0.009552478 -0.9585469 0.2847746 -0.06299191 -0.6135303 -0.7871548 -0.1194513 -0.1516793 -0.9811854 0.6672095 -0.382649 -0.6390708 -0.5660093 -0.05691832 -0.8224317 0.2021901 0.706399 -0.6783212 -0.4995256 0.4968696 -0.7096441 -0.4600402 0.5415407 -0.7036312 -0.5002648 0.4983533 -0.7080813 -0.5141181 0.4974082 -0.6987616 0.9502483 -0.2862098 -0.1229317 0.8778257 -0.3139823 -0.3617144 0.9992343 -0.0391258 -2.44155e-4 0.730664 -0.6821382 0.02859663 -0.01095622 -0.340377 -0.9402253 0.5670847 -0.151896 -0.8095324 0.1006209 -0.8505015 -0.5162582 -0.01587313 -0.03810226 0.9991478 -0.01266437 -0.02069717 0.9997056 -0.7666409 0.6389526 0.06325703 -0.7042523 0.7078597 0.05443722 -0.7297733 0.6836892 0 -0.7206184 0.6932419 0.01117283 -0.6406012 0.7673622 0.02802383 -0.7132862 0.7008545 -0.00507462 -0.6290504 0.7763171 0.04034376 -0.7786151 0.6274634 0.006967544 -0.609304 0.7928699 0.01030468 -0.7071071 0.7071066 0 -0.7016401 0.7125177 -0.004444539 -0.6907241 0.720756 0.0584042 -0.6424683 0.7646847 0.04991906 -0.7069169 0.7069201 0.02307915 -0.7071068 0.7071068 0 -0.7403538 0.6716322 0.02804517 -0.7018365 0.7105109 0.05098807 -0.7424952 0.669183 -0.02991825 -0.7052733 0.7076096 0.04333955 -0.7064838 0.7064855 0.04194194 -0.6742818 0.7380151 -0.02603286 -0.6864507 0.7271763 0 -0.6750571 0.7373269 0.02543616 0.7075996 -0.7066131 -9.45721e-4 0.6940886 -0.7198894 -5.51532e-4 0.6908506 -0.722869 0.01363366 0.7096597 -0.7045447 2.56774e-5 0.7151237 -0.6984966 -0.02646952 0.6962078 -0.7177273 0.01274234 0.6891537 -0.724034 -0.02901875 0.7178235 -0.6961132 -0.01248943 0.7099563 -0.7002462 0.07494908 0.7143263 -0.6994566 -0.02232807 0.7114487 -0.7026475 0.0112797 0.7274352 -0.6861609 0.00462532 0.7204323 -0.6933706 0.01465106 0.7153787 -0.6979302 0.03357023 0.6890095 -0.7240056 0.03289073 0.6980988 -0.7144729 0.04675948 0.6604249 -0.7505869 -0.02140694 0.689803 -0.7230736 0.03655862 0.6802015 -0.733011 0.004581689 0.6946502 -0.7192373 0.01260203 0.7479336 0.6634832 0.01963138 0.7654381 0.6434883 0.005245745 0.7360681 0.6765944 -0.02058821 0.7195172 0.6944177 -0.008894383 0.6708574 0.7405493 0.03920638 0.7037045 0.7104879 0.002680718 0.7110444 0.7022284 -0.03593367 0.6980682 0.7160238 -0.003298401 0.7082051 0.7060052 0.001514434 0.7204762 0.6933777 -0.01188921 0.5987439 0.7938517 0.1063262 0.7137883 0.7003356 0.006042242 0.6849612 0.7285768 0.001979708 0.7174208 0.6939969 0.06062757 0.6983145 0.7151612 0.03002554 0.6658089 0.7454315 0.03209996 0.6620399 0.7485891 0.03629899 0.4383024 0.752681 0.4912865 0.7106212 0.7031283 -0.02506095 0.7232466 0.6905877 0.001767396 0.7212908 0.6923487 0.0198245 0.7908439 -0.05259156 -0.6097542 0.6054161 0.6078483 0.5138015 0.704448 0.7092056 0.0279386 0.7049811 0.708664 0.02823454 -0.7225506 -0.6906964 0.0293101 -0.6976171 -0.7162834 0.01638936 -0.5813798 -0.627361 0.5180885 -0.5842552 -0.6168389 0.5274047 -0.01737236 0.8907372 0.4541866 -0.59057 0.5684999 0.5727434 -0.5848578 0.5774207 0.5696726 -0.8808813 0.07618623 0.4671657 -0.8808904 0.07616394 0.4671522 -0.2832229 0.1621149 -0.9452533 -0.1690617 0.169408 -0.9709373 -0.1979718 0.1912393 -0.9613713 -0.2037057 0.1887734 -0.9606606 -0.1938747 0.1780503 -0.9647336 -0.1707906 0.2678942 -0.9481896 -0.1442978 0.1596449 -0.9765714 -0.1536789 0.1469916 -0.9771265 0.6964365 -0.7176138 -0.002589464 0.7256929 -0.6879898 -0.006321907 0.7100715 -0.6896907 0.1418643 0.6999646 -0.7009846 0.1366393 -0.6244965 -0.7810275 4.04381e-4 -0.5593075 -0.8253263 -0.07753533 -0.7112108 -0.7029616 -0.004925191 -0.7012394 -0.7126002 -0.02154898 -0.7012464 -0.7127636 -0.01489335 -0.7069647 0.7072489 1.14004e-4 -0.707195 0.7070187 9.18584e-5 -0.7071076 0.7071061 -7.62857e-6 -0.7068168 0.7073962 8.34335e-4 -0.7083055 0.7059054 9.81575e-4 -0.7075203 0.706693 -3.39965e-4 -0.707684 0.7065287 -6.92142e-4 -0.7071108 0.7071018 -0.001217544 -0.7069395 0.7072741 -1.31977e-4 -0.7067416 0.7074719 -1.53982e-4 0.6121956 0.6124141 0.5001655 0.6125468 0.6123293 0.4998393 0 0 1 -0.6125442 -0.6123308 0.4998407 -0.6121963 -0.6124143 0.5001645 -0.6123287 -0.6125481 -0.4998384 -0.6124147 -0.6121963 -0.5001639 -2.21092e-6 0 -1 -5.5273e-7 0 -1 0.612415 0.6121948 -0.5001654 0.6123294 0.6125487 -0.4998368 -0.7066073 0.7076058 4.03359e-4 -0.7071076 0.707106 3.16439e-4 -0.707109 0.7071045 3.19016e-4 -0.7066733 0.70754 -3.53983e-4 -0.7075018 0.7067116 -2.7624e-4 -0.7064021 0.7078105 5.74255e-4 -0.7071113 0.707102 -6.74467e-4 -0.7075173 0.706696 4.15313e-4 -0.7067456 0.7074677 -2.93655e-4 -0.7068749 0.7073386 -2.7613e-4 0.6124143 0.6121946 -0.5001665 0.6123294 0.6125481 -0.4998376 0.6121953 0.6124153 0.5001645 0.6125487 0.612329 0.4998372 -0.6125482 -0.6123293 0.4998376 -0.6121954 -0.6124157 0.5001638 -0.6123277 -0.6125482 -0.4998394 -0.6124133 -0.6121964 -0.5001655 0 0 -1 5.5273e-7 0 -1 0.02825939 -0.09694457 -0.9948886 0.08621025 -0.02054989 -0.9960651 0.6652321 -0.7465012 -0.01422452 0.7126386 -0.7012434 -0.02009958 -0.6949786 -0.7186957 0.02194088 -0.6905644 -0.7231861 -0.01107895 0.7185816 0.6941483 -0.04241007 0.7133221 0.7008086 -0.006238162 -0.695946 0.6163557 -0.3684629 -0.7251135 0.606474 -0.3261898 -0.6344463 0.4962064 0.5926695 -0.5994572 0.2893468 0.7462772 0.02595067 -0.07108402 0.9971328 0.1398723 -0.364155 0.9207752 0.5245119 -0.755319 0.3929131 0.5306521 -0.6084973 0.5900335 0.5318293 -0.6041274 -0.5934541 0.4677563 -0.5904827 -0.6576734 -0.2351032 -0.01453614 -0.9718617 0.05553728 -0.1237771 -0.9907547 -0.1656141 0.04713636 -0.9850636 -0.07578933 0.02335047 -0.9968505 -0.7773792 0.5244115 -0.3473818 -0.7655317 0.5259 -0.370662 -0.5987991 0.4196315 0.6821651 -0.6119081 0.5298743 0.5871982 0.01055139 -0.2550614 0.9668673 -0.02109521 -0.1862425 0.9822773 0.5927214 -0.7193025 0.3623332 0.5957391 -0.7077193 0.3797743 0.5272485 -0.6082673 -0.5933127 0.3144219 -0.5500858 -0.7736566 -0.5092548 0.3933402 -0.7654691 0.4486375 0.7284103 -0.5178253 0.250442 -0.284227 -0.9254696 0.7937839 0.3253083 -0.5138888 -0.4876121 0.4204384 -0.7651576 0.366232 0.7693009 -0.5234982 0.2567604 -0.3080332 -0.916073 0.7243435 0.4354179 -0.5345444 0.129952 0.2501684 -0.9594417 -0.6718158 -0.5547447 -0.4908379 0.8129074 -0.1948646 -0.5488254 0.3635751 0.7766829 -0.5143704 -0.6787487 -0.5784623 -0.4524177 0.6948401 0.4721995 -0.5424252 -0.7267001 -0.6460471 0.2335169 -0.6906749 -0.7099807 0.1374619 -0.6368237 -0.7671651 -0.07689899 -0.7795689 -0.6245349 -0.04720687 -0.7485127 -0.658469 0.07840478 0.07913571 -0.9305546 -0.3574995 -0.5183061 -0.7102103 -0.4764034 0.01214641 -0.8786006 -0.4774028 -0.8100129 -0.5012186 -0.3043996 -0.7986012 -0.4006892 -0.449093 -0.4945309 -0.7528138 -0.4344084 -0.9595722 -0.1667852 -0.2267242 -0.8087591 -0.5753083 -0.1221847 -0.7606877 -0.644991 0.07308077 -0.09813606 0.08152115 0.9918285 -0.6466763 -0.7626487 0.01329851 -0.7351449 -0.6493311 -0.1947593 -0.1083434 -0.7478441 -0.6549739 -0.3681829 -0.812206 -0.4525073 -0.5967699 -0.7242175 -0.3455064 -0.9244103 -0.03155732 -0.380092 -0.7485972 -0.07019335 -0.659299 -0.5754075 -0.2367673 -0.7828459 0.6922152 0.7214432 -0.01891916 0.6868692 0.7261956 -0.02916622 0.6991409 0.7138848 0.03963083 0.6754888 0.7373376 0.006936311 0.7538768 0.656838 -0.01528948 0.7524855 0.6585313 -0.01010501 0.7211053 0.6926932 0.01353925 0.7243168 0.6893361 -0.01345354 0.7215046 0.6922733 -0.01373791 0.7117248 0.7020375 -0.02431553 0.7160262 0.6973903 -0.03087472 0.6870753 0.7259218 -0.03106629 0.6778931 0.7345515 0.02991878 0.6554396 0.7551815 -0.009997844 0.6728677 0.7383623 0.04550093 0.7181025 0.6958999 0.00723052 0.6778618 0.7310984 0.07745081 0.7306983 0.682582 0.01271879 0.7294478 0.6838346 0.01661717 0.7324256 0.6775985 -0.06642985 0.7627425 0.6466309 -0.00961405 0.7112855 0.7020481 -0.03465992 0.7320503 0.6802064 -0.03770506 0.7272683 0.6862569 0.01150053 0.7174072 0.6962293 -0.02432465 0.7268327 0.6862508 -0.02782189 0.6954643 0.7179689 0.02915674 0.685512 0.7278224 0.01865053 0.6755426 0.7332794 0.07709521 -0.6746075 -0.7367995 -0.04506921 -0.6843569 -0.7290897 -0.009161949 -0.7189011 -0.6935716 -0.04625791 -0.7266532 -0.6831672 -0.07251137 -0.7054021 -0.7054951 -0.06844443 -0.7319371 -0.6812029 -0.01519799 -0.7380341 -0.6746233 0.01375001 -0.7343485 -0.6786332 -0.01375412 -0.694272 -0.7120137 0.1049903 -0.7147416 -0.6991318 0.01895123 -0.6712252 -0.7349675 0.09633088 -0.6724398 -0.7389568 0.0420435 -0.6591653 -0.7513345 0.03158736 -0.6478753 -0.7617465 1.06032e-4 -0.6614853 -0.7497828 -0.01622134 -0.7381178 -0.6712583 -0.06778377 -0.698078 -0.7159548 -0.009789705 -0.7119924 -0.6966127 -0.08830493 -0.7359583 -0.6770211 -0.002810239 -0.7299303 -0.6779792 -0.08686745 -0.7378225 -0.6744116 0.02805548 -0.7332941 -0.6799104 0.001300215 -0.7074619 -0.702917 0.07352149 -0.7191832 -0.6939831 0.03410249 -0.68297 -0.7277542 0.06265699 -0.684706 -0.7281494 0.03124272 -0.4139594 -0.7153953 -0.562892 -0.3427065 0.4578353 -0.8203287 -0.3165002 0.5166266 -0.7955656 0.5175497 -0.2596573 0.8153039 0.5186682 -0.3627622 0.7742007 0.5319813 -0.2556764 0.8072332 -0.4480912 0.664671 0.5978518 -0.5631917 0.5938613 0.5745815 0.7148876 0.6991224 -0.01279687 0.7060579 0.7079944 0.0150367 0.5680065 -0.2929415 0.7691255 0.4955698 -0.3346919 0.8014937 -0.4485343 0.6611738 0.601387 -0.5724669 0.6161314 0.5409842 0.7143804 0.6994178 -0.02180719 0.7084506 0.7052596 -0.02658444 0.6414889 0.7669684 0.01585936 -0.5892908 0.5138676 0.6234393 -0.6701753 0.4678853 0.5761498 0.3411253 -0.4789499 0.8088514 0.2228075 -0.5200104 0.8245884 -0.6884022 -0.725278 0.008614659 -0.7264249 -0.6869584 -0.01987284 0.3803882 -0.4945915 0.7814629 0.3210982 -0.4977458 0.8056954 0.3257608 -0.4804496 0.8142778 -0.4598975 0.3339834 -0.8227694 -0.562329 0.2778816 -0.7788247 -0.6475075 0.4972383 0.5774844 -0.7038046 0.449242 0.5503098 -0.6985917 -0.7155184 0.00175476 -0.7219951 -0.6918946 -0.002221584 -0.5189151 -0.04822003 0.8534647 -0.07388693 -0.9588521 0.2741234 0.1865927 -0.6814877 0.7076424 -0.9489871 -0.1390444 0.2830023 -0.01074284 0.3911064 0.9202828 0.5586447 -0.3790422 0.7377284 0.7095376 0.08520919 0.6994968 0.2178182 0.7992159 0.5601867 0.9704758 0.0519129 0.2355461 0.06784456 0.9846166 0.1610203 0.4429541 0.8463554 0.2957605 0.9699859 0.05230957 0.2374684 0.9183525 0.2985691 0.2597792 0.09872794 -0.9702809 0.2209248 -0.8459281 -0.5308796 0.05072271 -0.8723814 -0.4153615 0.2577317 -0.8126031 -0.5105245 0.2811425 -0.1998394 -0.9790239 0.03970539 -0.4760456 0.814173 0.3324201 -0.3962902 0.8397933 0.3710814 -0.1249447 0.9850612 0.1185052 -0.6145389 0.7377151 0.2794967 -0.8382758 0.5307015 0.1250989 -0.7650919 0.5902765 0.2573094 -0.9066034 -0.345813 0.2418341 -0.231027 0.9379637 0.2585549 0.3788409 0.9018569 0.2076865 0.4497257 -0.6212112 -0.6417503 -0.1905951 -0.7791357 -0.5971777 -0.4422275 -0.2786124 -0.8525316 0.5136712 -0.6792082 -0.5242309 0.1514649 -0.9801126 0.1282096 -0.8485568 -0.492611 0.1930952 -0.7441155 -0.6680315 0.005096673 -0.2174527 -0.785668 0.579172 0.1886401 -0.8814598 0.4329475 0.008484303 -0.9864121 -0.1640713 0.1531159 -0.9829999 0.1013244 0.4831175 -0.7170464 -0.5024361 -0.715699 -0.1191458 -0.688171 -0.7392675 -0.6731629 0.0183115 -0.7867565 -0.6061128 0.1167972 0.1120676 -0.9065512 0.406947 0.05346971 -0.9840937 -0.1694124 0.983498 -0.1485043 0.1033365 0.6605032 0.2066781 -0.721817 0.6828346 -0.5300254 -0.5028023 0.7469885 0.6647087 -0.01306217 0.778021 0.6275928 -0.02847421 0.9336798 -0.2656713 -0.2401266 0.9397194 0.02749782 0.3408394 0.9910107 -0.09558528 0.09360152 0.9843412 -0.08991003 0.1516202 0.6725818 -0.5083581 -0.5377786 0.6293078 -0.388358 -0.673164 -0.1475594 0.860575 0.4874801 0.7063646 0.7074632 0.02334707 0.2718392 0.5594571 -0.7830142 0.7248046 0.1874195 -0.6629724 0.4709137 0.7281004 0.4981065 0.7455586 0.4150029 0.5214546 0.3615599 0.5494966 0.7532117 -0.2626442 0.951574 0.1597656 0.07849603 0.9267231 -0.3674542 -0.7557194 -0.243422 0.6079753 -0.2115923 -0.467377 0.8583633 -0.7922139 -0.3232885 0.5175728 -0.4479255 -0.721283 0.5283122 -0.4270583 0.1482328 -0.8919912 -0.9939219 -0.09518969 -0.05530095 -0.950187 0.233625 0.2063103 -0.8737686 -0.07556587 -0.4804354 -0.3904645 -0.7415285 0.5455943 -0.759966 -0.3951054 0.5160847 -0.5639293 -0.3460544 0.7498202 -0.9798822 -0.1234199 0.1568385 -0.989301 0.08194327 -0.1207023 -0.03216654 0.9666756 -0.2539755 0.7771756 0.5572226 -0.292406 -0.1786283 0.3491692 -0.9198766 0.05307239 0.8512953 -0.5219959 -0.09027618 0.97961 0.1794843 0.4911666 0.8708487 0.01944035 0.07574898 0.9085915 -0.4107599 0.3123612 0.9258834 0.2125338 0.8784576 -0.2238565 0.4221382 0.2094227 0.9141717 0.3470336 0.3835949 0.8874962 0.2553535 -0.3953428 0.9122731 0.1070605 -0.4876635 0.7143282 0.5019159 -0.7584323 0.5144619 0.4001371 -0.9161483 0.381029 0.1244562 -0.9534052 0.06134259 0.2953908 -0.9918666 -0.08380508 0.09579902 -0.8473392 0.4506792 0.2809001 -0.8908922 0.120338 -0.4379841 -0.8712855 0.2726563 -0.4080689 0.8572605 -0.3430384 -0.383965 0.9123692 0.3896682 -0.1254641 0.8771558 -0.4756131 0.06625741 0.09317475 -0.9189295 -0.3832586 0.6667741 0.1997758 -0.7179846 0.969738 -0.05490344 -0.2378948 -0.302812 -0.6355328 -0.7102134 0.8083305 -0.01638877 -0.588501 0.07013273 -0.9759382 -0.2064613 -0.1406936 -0.7753713 -0.6156337 0.5064947 0.4056901 -0.7608408 -0.4275798 -0.4829118 -0.7641806 0.9868525 -0.02191239 -0.1601316 -0.08565443 -0.9056349 -0.4153179 0.07530558 -0.8768141 -0.474896 -0.3276224 -0.905471 -0.2697888 -0.8491193 -0.405723 -0.3382091 0.2842545 -0.2605124 -0.9226769 0.24145 0.839083 -0.4874851 0.4043611 0.8487808 -0.3406807 0.5979856 0.7070571 -0.37747 0.9898425 0.06714558 0.1253135 0.6997492 0.6958428 -0.1617224 0.6954387 -0.7185417 0.007934927 0.6895906 -0.7214226 0.06335872 0.7098497 -0.698405 -0.09134441 0.1184131 -0.9926255 0.02594101 0.7876667 0.1370001 0.6006764 0.02271908 0.5794389 -0.814699 -0.2810597 -0.1844209 -0.9418039 0.2958432 -0.9210327 -0.2533293 -0.2016518 -0.958905 -0.1995944 0.6871436 0.1638646 0.7078009 0.876042 0.02563399 0.4815531 -0.2428985 0.5301658 -0.8123575 -0.2961199 0.6476151 -0.7020739 0.8761163 0.1526937 -0.45728 -0.03112143 -0.5627151 -0.826065 0.7219995 -0.4533303 0.5226933 0.2528129 -0.8207837 -0.5122499 0.1649724 -0.8171695 -0.5522845 0.5775951 -0.5776514 -0.576804 0.1535111 -0.1259219 -0.9800908 -0.3087002 -0.1496349 -0.9393155 0.2860869 -0.703437 -0.6506388 0.6696787 -0.6973594 -0.2553831 0.3455646 -0.7656868 -0.5425026 0.6562248 -0.6348624 0.4078219 0.5603355 -0.3377578 -0.7562698 0.8727877 -0.380086 0.3062295 0.6628773 -0.6721246 -0.3299127 0.6386054 -0.7203957 -0.2705795 0.7412369 -0.6118935 0.275961 0.5228879 -0.7760458 0.3526205 0.5879803 -0.7144514 -0.3792604 0.5192207 -0.7572082 0.3962899 0.6767956 -0.5785235 -0.4552562 0.6169173 0.4149711 -0.6687391 0.506554 -0.2866953 -0.8131476 0.3014055 -0.2305098 -0.9252135 0.5888728 -0.5639077 -0.5789965 0.5730912 -0.5823832 -0.5765383 0.5731531 -0.5761807 -0.5826761 0.5817719 -0.5732977 -0.57695 0.5817967 -0.5743959 -0.5758317 0.5803149 -0.5830582 -0.5685753 -0.4203765 -0.314266 -0.8511878 -0.4673842 -0.8685721 -0.1647253 0.5678129 -0.7791901 -0.265427 0.4135343 -0.8484014 0.3304612 0.5839568 -0.6502143 -0.4860203 0.7400079 -0.5781626 0.3436808 0.6076685 -0.6055016 -0.5139134 0.6254324 -0.313525 -0.7145184 0.1277523 0.2057588 -0.9702282 0.5660099 -0.6253393 -0.5371997 0.8197734 0.1954227 -0.5383139 0.5920492 -0.5594879 -0.580044 0.6518156 -0.6596167 -0.3742223 0.5209823 -0.6051402 -0.6019825 0.467303 -0.7662126 -0.4410739 -0.5429298 0.2553854 -0.8000036 0.2808095 -0.9140983 -0.2925242 -0.1046701 -0.9609907 -0.2560101 0.7817219 0.1034286 0.6149907 0.8759321 0.02560645 0.4817545 -0.2308655 0.5618514 -0.7943703 -0.280472 0.656663 -0.7000924 0.8760429 0.1528242 -0.4573771 -0.03140354 -0.562617 -0.826121 0.7216864 -0.4531692 0.5232651 0.1656597 -0.8188775 -0.5495423 0.2542583 -0.8203171 -0.5122818 0.5775225 -0.5776126 -0.5769155 0.6666719 -0.04953342 -0.7437036 0.5377803 0.3617146 -0.7615477 0.07620567 -0.7662075 -0.6380587 0.1231439 -0.9788954 0.1630933 0.3809983 -0.8960052 -0.2280679 0.8454173 -0.4451252 -0.2951834 0.9636641 -0.2422893 0.1124621 -0.1552519 -0.9650825 -0.2109802 0.5552336 0.08008205 -0.8278301 0.5102423 -0.1754215 -0.8419502 0.4863584 -0.6401156 -0.5947331 0.5766664 -0.5769294 -0.5784534 0.5775395 -0.5785306 -0.5759778 0.578084 -0.578131 -0.5758329 0.57718 -0.5786792 -0.576189 0.5725448 -0.5819702 -0.5774975 -0.2034576 -0.9387041 -0.2782797 -0.947129 -0.2985013 0.1176599 0.8225947 -0.01899403 0.568311 0.9175289 0.3962547 -0.0335136 0.6891139 -0.7223492 -0.05773818 -0.5047585 -0.8251602 0.2536329 0.7139437 0.3315948 -0.6167084 0.7620735 -0.2557845 -0.5948264 0.7196967 -0.6408664 -0.2670709 0.6092522 -0.7309622 0.3074186 0.2530044 -0.2936486 -0.9218239 -0.2709456 0.685137 -0.6761478 0.6716604 0.631802 -0.386909 0.5771405 -0.5782565 -0.5766527 0.4179888 -0.6396114 -0.6451222 0.6878182 -0.6637437 -0.2938547 -0.1430111 0.9535602 -0.2650864 -0.1194828 0.9703593 0.2100639 -0.9669923 0.1698378 -0.1899498 -0.192878 0.9700968 0.1473441 0.9724767 -0.1734985 -0.155523 0.9312483 -0.1888865 0.3116064 -0.2732074 0.8058277 0.5253567 0.7158986 -0.3879348 0.5805135 -0.5582529 0.5463811 0.624357 0.3947961 -0.7043522 0.5899357 -0.8369333 0.2424155 0.4906908 0.1176806 -0.9750766 0.1880875 -0.9898703 0.1090734 0.09088432 -0.08560693 0.9590114 -0.2701273 0.9625388 -0.1281797 -0.2389332 0.5961971 -0.7099124 -0.3749312 0.8049196 -0.3300371 0.493133 -0.4675874 0.6845802 0.5592066 0.4441443 -0.6678187 0.5972891 -0.8360171 0.2618257 0.4822061 0.1970032 -0.8896122 0.4120435 -0.6738309 0.687595 -0.2704907 0.2284682 -0.9734776 0.01199412 -0.708334 0.7039254 0.05245894 -0.7014265 0.7121552 -0.02891278 -0.7140054 0.6980783 0.05369442 -0.6930531 0.7202924 0.0292623 -0.7335423 0.6796357 -0.003333628 -0.728989 0.6840497 0.02551925 -0.7024046 0.7116409 -0.01396846 -0.7187176 0.6948572 0.02487021 -0.6976578 0.7162597 -0.0156759 -0.7140291 0.6999031 0.01726734 -0.7024922 0.7116914 2.12125e-4 -0.7156244 0.6983534 0.01357805 -0.6889099 0.7226492 0.05640381 -0.7098283 0.7043522 -0.005657672 -0.6838615 0.7288934 0.03237211 0.7115427 -0.702624 -0.005163788 0.7021619 -0.7120145 -0.002010405 0.7060646 -0.708145 -0.001866936 0.6955844 -0.7184373 -0.003202855 0.733324 -0.6798794 -3.4047e-4 0.710434 -0.7037639 -2.63921e-4 0.7211173 -0.6928111 -0.001653552 0.7151426 -0.698704 -0.01959156 0.7085539 -0.7056487 -0.003383696 0.7772344 -0.6247839 0.07450979 0.7156381 -0.6981742 -0.02036869 0.6965926 -0.7169846 0.02630662 0.7055512 -0.7084869 0.01562076 0.7057286 -0.7083053 0.01583993 0.7192192 -0.6907922 0.07436382 0.6444367 0.7645929 -0.009962797 0.684221 0.7292744 -7.72054e-4 -0.004473447 -0.005296409 -0.999976 0.03883463 -0.01069545 -0.9991884 -0.7089514 -0.7052472 -0.003798544 -0.6909867 -0.7228236 -0.007969558 -0.5849137 -0.5937663 -0.5525555 -0.5986318 -0.5858654 -0.5462615 -0.6922144 -0.7213891 -0.02090603 0.008064448 -0.02923816 0.99954 -0.05068659 0.01375627 0.9986199 0.7085264 0.7018244 0.07370781 0.6892219 0.7245374 -0.004345118 0.7085235 0.7055712 -0.01279979 0.584721 0.5965971 -0.549703 0.5969126 0.5895848 -0.544137 -0.928534 0.1685247 -0.3307932 0.2793713 -0.8266387 -0.4884877 -0.6895197 0.4429858 -0.5729975 0.6068107 -0.5180002 -0.6028738 -0.3722103 0.734746 -0.5671049 0.0122382 0.7791282 -0.6267452 0.2253836 -0.9214026 -0.3165748 -0.9469189 0.1499713 -0.2843473 -0.727281 0.3771912 -0.5734015 0.5314595 -0.5752239 -0.6218265 -0.4462525 0.6683717 -0.595095 0.81572 -0.2809913 -0.5056133 -0.7043346 0.7098681 1.60478e-4 -0.7176742 0.696377 -0.001698374 -0.6323754 0.7746618 -6.85912e-4 -0.7107501 0.7034447 -9.3482e-6 -0.7028424 0.7113422 0.0022493 -0.6980202 0.7160759 0.001800775 -0.7548861 0.6558537 -0.001775801 0.6926425 -0.7211314 0.01469987 0.6933149 -0.7206338 -0.001255273 0.7071793 -0.7070263 0.003373622 0.7070832 -0.7046126 0.05961877 0.7202953 -0.6933825 -0.01988881 0.6919242 -0.7217439 0.01807552 0.9741231 -0.03750848 0.2228842 0.9608221 0.03228878 -0.2752792 0.06231945 0.9717205 -0.2277622 -0.03857588 -0.9799013 -0.1957178 -0.8397122 -0.02697914 0.5423612 -0.9712107 -0.011231 -0.2379577 0.6606416 0.1820144 0.7283019 -0.0240187 -0.8030242 0.5954623 0.2441512 0.6423619 0.726472 -0.05893301 0.9543736 0.2927425 0.2501642 -0.6504209 -0.7171964 -0.9386076 -0.06619536 -0.3385763 -0.6501013 0.2848714 -0.7044265 -0.06741732 -0.9520224 -0.2985103 0.9724549 0.05188214 -0.2272439 0.6952248 -0.2089641 -0.6877475 0.03555488 0.9471333 -0.3188647 -0.2698808 0.638064 -0.7211371 0.9830694 -0.05423176 -0.1750249</float_array>
          <technique_common>
            <accessor source="#pinzaDx_002-mesh-normals-array" count="851" stride="3">
              <param name="X" type="float"/>
              <param name="Y" type="float"/>
              <param name="Z" type="float"/>
            </accessor>
          </technique_common>
        </source>
        <vertices id="pinzaDx_002-mesh-vertices">
          <input semantic="POSITION" source="#pinzaDx_002-mesh-positions"/>
        </vertices>
        <triangles material="Material_1_002-material" count="857">
          <input semantic="VERTEX" source="#pinzaDx_002-mesh-vertices" offset="0"/>
          <input semantic="NORMAL" source="#pinzaDx_002-mesh-normals" offset="1"/>
          <p>7 0 5 1 6 2 31 3 30 4 144 5 31 3 32 6 30 4 150 7 34 8 43 9 150 7 53 10 34 8 155 11 5 1 9 12 153 13 6 2 5 1 60 14 7 0 6 2 155 11 9 12 325 15 153 13 5 1 155 11 11 16 8 17 7 0 60 14 6 2 153 13 11 16 7 0 60 14 165 18 0 19 4 20 164 21 4 20 3 22 61 23 1 24 0 19 165 18 4 20 164 21 10 25 2 26 1 24 61 23 0 19 165 18 10 25 259 27 2 26 10 25 1 24 61 23 22 28 206 29 62 30 63 31 23 32 22 28 64 33 25 34 23 32 65 35 24 36 25 34 64 33 65 35 25 34 63 31 64 33 23 32 62 30 63 31 22 28 66 37 26 38 255 39 66 37 28 40 26 38 67 41 29 42 28 40 68 43 200 44 29 42 67 41 68 43 29 42 66 37 67 41 28 40 18 45 252 46 69 47 71 48 19 49 18 45 71 48 20 50 19 49 21 51 20 50 72 52 70 53 72 52 20 50 71 48 70 53 20 50 69 47 71 48 18 45 16 54 249 55 12 56 73 57 15 58 16 54 17 59 15 58 75 60 74 61 75 60 15 58 73 57 74 61 15 58 12 56 73 57 16 54 78 62 79 63 76 64 80 65 81 66 79 63 78 62 80 65 79 63 77 67 78 62 76 64 84 68 85 69 82 70 86 71 87 72 85 69 84 68 86 71 85 69 83 73 84 68 82 70 91 74 102 74 139 74 125 75 139 75 92 75 139 76 93 76 92 76 93 77 94 77 92 77 92 78 94 78 95 78 96 79 97 79 95 79 102 80 98 80 99 80 99 81 100 81 101 81 106 82 102 82 91 82 103 83 91 83 104 83 105 84 106 84 107 84 103 85 107 85 106 85 108 86 37 86 109 86 30 87 111 87 112 87 116 88 117 88 118 88 281 89 119 89 91 89 139 90 281 90 91 90 33 91 109 91 37 91 33 92 272 92 109 92 108 93 286 93 37 93 117 94 121 94 118 94 96 95 122 95 97 95 39 96 96 96 121 96 30 97 113 97 111 97 285 98 39 98 121 98 117 99 285 99 121 99 117 100 115 100 113 100 117 101 113 101 30 101 112 102 111 102 104 102 112 103 104 103 91 103 123 104 89 104 109 104 125 105 126 105 120 105 120 106 109 106 139 106 120 107 123 107 109 107 120 108 139 108 125 108 124 109 90 109 120 109 126 110 127 110 124 110 124 111 120 111 126 111 122 112 96 112 108 112 89 113 122 113 108 113 89 114 108 114 109 114 107 115 118 115 105 115 103 116 106 116 91 116 114 117 104 117 110 117 114 118 103 118 104 118 128 119 114 119 115 119 128 120 115 120 117 120 116 121 128 121 117 121 107 122 116 122 118 122 93 123 139 123 102 123 101 124 93 124 102 124 99 125 101 125 102 125 94 126 96 126 95 126 121 127 96 127 94 127 133 128 132 129 129 130 135 131 134 132 55 133 134 132 140 134 138 135 143 136 141 136 142 136 130 137 49 137 129 137 49 138 44 138 50 138 44 139 88 139 47 139 130 140 88 140 44 140 44 141 49 141 130 141 177 142 145 142 144 142 145 143 177 143 313 143 31 144 144 144 145 144 146 145 147 145 324 145 146 146 324 146 179 146 149 147 147 147 148 147 136 148 147 148 149 148 57 149 149 149 56 149 136 150 149 150 57 150 136 151 57 151 58 151 135 152 147 152 136 152 52 153 147 153 135 153 52 154 135 154 55 154 52 155 324 155 147 155 150 156 324 156 52 156 150 157 52 157 53 157 319 158 324 158 150 158 151 159 326 159 11 159 60 160 152 160 10 160 327 161 154 161 155 161 153 162 154 162 152 162 328 163 327 163 325 163 155 164 325 164 327 164 153 165 155 165 154 165 60 166 153 166 152 166 138 167 140 167 265 167 157 168 112 168 156 168 51 169 158 169 267 169 48 170 131 170 268 170 159 171 132 171 133 171 266 172 160 172 54 172 161 173 282 173 14 173 13 174 50 174 14 174 161 175 14 175 50 175 264 176 137 176 59 176 162 177 163 177 302 177 162 178 312 178 163 178 164 179 328 179 162 179 165 180 162 180 302 180 165 181 164 181 162 181 61 182 165 182 302 182 307 183 234 183 233 183 307 184 161 184 234 184 237 185 234 185 166 185 234 186 161 186 166 186 237 187 166 188 46 189 320 190 167 191 306 192 167 191 320 190 237 187 46 189 167 191 237 187 169 193 168 194 167 191 167 191 46 189 169 193 170 195 87 72 86 71 82 70 170 195 83 73 171 196 83 73 170 195 86 71 171 196 170 195 172 197 81 66 80 65 76 64 172 197 173 198 173 198 77 67 76 64 80 65 173 198 172 197 322 199 174 199 323 199 162 200 174 200 322 200 321 201 162 202 322 203 175 204 321 201 176 205 162 202 321 201 175 204 174 206 220 207 323 208 220 207 174 206 313 209 313 209 177 210 220 207 304 211 169 211 141 211 32 212 141 212 30 212 304 213 141 213 32 213 168 214 169 214 304 214 179 215 307 216 207 217 179 215 207 217 180 218 181 219 179 215 178 220 307 216 179 215 181 219 307 216 181 219 161 221 309 222 182 222 276 222 295 223 182 223 309 223 299 224 213 224 280 224 183 225 213 225 299 225 186 226 187 226 299 226 188 227 297 227 189 227 190 228 296 228 210 228 186 229 299 229 188 229 212 230 192 230 191 230 188 231 299 231 297 231 194 232 210 232 192 232 195 233 187 233 186 233 194 234 192 234 195 234 190 235 297 235 296 235 190 236 210 236 194 236 189 237 297 237 190 237 187 238 195 238 184 238 185 239 299 239 187 239 183 240 212 240 213 240 183 241 299 241 185 241 196 242 192 242 212 242 196 243 212 243 183 243 193 244 192 244 196 244 184 245 195 245 192 245 184 246 192 246 193 246 198 247 76 247 79 247 199 248 170 248 79 248 170 249 199 249 87 249 198 250 79 250 170 250 198 251 82 251 85 251 180 252 85 252 199 252 85 253 87 253 199 253 180 254 308 254 85 254 308 255 180 255 207 255 198 256 85 256 308 256 198 257 170 257 82 257 198 258 197 258 76 258 197 259 172 259 76 259 309 260 172 260 197 260 310 261 81 261 172 261 276 262 172 262 309 262 310 263 79 263 81 263 310 264 172 264 276 264 199 265 79 265 310 265 199 266 176 266 180 266 168 267 26 267 28 267 200 268 306 268 29 268 22 269 200 269 201 269 23 270 200 270 22 270 25 271 200 271 23 271 306 272 200 272 25 272 202 273 24 273 203 273 202 274 203 274 204 274 203 275 205 275 204 275 206 276 304 276 204 276 206 277 201 277 304 277 22 278 201 278 206 278 204 279 205 279 206 279 202 280 294 280 207 280 204 281 294 281 202 281 202 282 25 282 24 282 202 283 306 283 25 283 168 284 28 284 29 284 168 285 29 285 306 285 304 286 27 286 26 286 304 287 26 287 168 287 304 288 201 288 27 288 208 289 294 289 209 289 208 290 209 290 210 290 197 291 208 291 210 291 310 292 298 292 300 292 311 293 310 293 300 293 199 294 300 294 163 294 176 295 199 295 163 295 303 296 211 296 204 296 305 297 213 297 212 297 305 298 212 298 279 298 302 299 213 299 305 299 302 300 305 300 151 300 284 301 214 301 37 301 181 302 178 302 214 302 33 303 37 303 214 303 215 304 214 304 178 304 33 305 214 305 215 305 33 306 215 306 288 306 220 307 149 307 219 307 177 308 149 308 220 308 217 309 316 309 146 309 147 310 146 310 316 310 216 311 217 311 146 311 216 312 146 312 180 312 217 313 322 313 316 313 217 314 321 314 322 314 219 315 218 315 316 315 220 316 219 316 316 316 220 317 316 317 322 317 77 318 221 318 222 318 173 319 221 319 77 319 173 320 223 320 221 320 80 321 223 321 173 321 80 322 224 322 223 322 78 323 225 323 224 323 78 324 224 324 80 324 78 325 226 325 225 325 77 326 222 326 226 326 77 327 226 327 78 327 224 328 225 328 186 328 188 329 224 329 186 329 225 330 226 330 195 330 186 330 225 330 195 330 226 331 222 331 194 331 195 332 226 332 194 332 222 333 221 333 190 333 194 334 222 334 190 334 221 335 223 335 189 335 190 336 221 336 189 336 223 337 224 337 188 337 189 338 223 338 188 338 83 339 227 339 228 339 171 340 229 340 227 340 171 341 227 341 83 341 86 342 230 342 229 342 86 343 229 343 171 343 86 344 231 344 230 344 84 345 232 345 231 345 84 346 231 346 86 346 83 347 228 347 232 347 83 348 232 348 84 348 229 349 230 349 185 349 187 350 229 350 185 350 230 351 231 351 183 351 185 352 230 352 183 352 231 330 232 330 196 330 183 330 231 330 196 330 232 353 228 353 193 353 196 354 232 354 193 354 228 355 227 355 184 355 193 356 228 356 184 356 227 357 229 357 187 357 184 358 227 358 187 358 314 359 237 359 320 359 236 360 237 360 314 360 233 361 235 361 315 361 234 362 235 362 233 362 237 363 236 363 235 363 237 364 235 364 234 364 315 365 314 365 320 365 315 366 320 366 233 366 238 367 239 367 72 367 238 368 5 368 239 368 240 369 72 369 70 369 240 370 238 370 72 370 241 371 70 371 71 371 241 372 240 372 70 372 71 373 69 373 8 373 241 374 71 374 8 374 260 375 69 375 242 375 260 376 8 376 69 376 5 377 242 377 239 377 5 378 260 378 242 378 4 379 243 379 244 379 4 380 257 380 243 380 244 381 75 381 3 381 4 382 244 382 3 382 75 383 74 383 245 383 3 384 75 384 245 384 74 385 73 385 246 385 245 386 74 386 246 386 73 387 12 387 2 387 246 388 73 388 2 388 257 389 12 389 243 389 257 390 2 390 12 390 244 391 247 392 17 59 243 393 248 394 247 392 249 55 248 394 243 393 243 393 12 56 249 55 244 391 243 393 247 392 75 60 244 391 17 59 239 395 250 396 21 51 242 397 251 398 250 396 252 46 251 398 242 397 242 397 69 47 252 46 239 395 242 397 250 396 72 52 239 395 21 51 254 399 200 44 253 400 27 401 254 399 255 39 26 38 27 401 255 39 253 400 255 39 254 399 68 43 253 400 200 44 203 402 24 36 256 403 205 404 203 402 256 403 206 29 205 404 62 30 256 403 62 30 205 404 65 35 256 403 24 36 257 405 0 405 1 405 4 406 0 406 257 406 245 407 258 407 3 407 246 408 2 408 259 408 257 409 1 409 2 409 328 410 164 21 3 22 327 411 258 412 245 413 154 414 246 415 259 27 327 411 245 413 246 415 152 416 259 27 10 25 154 414 259 27 152 416 327 411 246 415 154 414 328 410 258 412 327 411 328 410 3 22 258 412 241 417 8 417 263 417 260 418 7 418 8 418 260 419 5 419 7 419 238 420 9 420 5 420 241 421 263 421 240 421 261 422 238 423 240 424 326 425 263 426 8 17 262 427 240 424 263 426 326 425 8 17 11 16 262 427 263 426 326 425 261 422 240 424 262 427 325 15 238 423 261 422 325 15 9 12 238 423 177 428 18 428 19 428 58 429 21 429 250 429 56 430 19 430 20 430 177 431 19 431 56 431 157 432 18 432 177 432 157 433 252 433 18 433 156 434 252 434 157 434 264 435 251 435 252 435 264 436 252 436 156 436 59 437 250 437 251 437 59 438 251 438 264 438 58 439 250 439 59 439 57 440 20 440 21 440 57 441 21 441 58 441 56 442 20 442 57 442 134 443 16 443 15 443 134 444 15 444 55 444 138 445 16 445 134 445 138 446 249 446 16 446 265 447 248 447 249 447 265 448 249 448 138 448 266 449 247 449 248 449 266 450 248 450 265 450 53 451 17 451 247 451 54 452 247 452 266 452 53 453 247 453 54 453 52 454 17 454 53 454 52 455 15 455 17 455 55 456 15 456 52 456 64 457 49 457 50 457 64 458 50 458 65 458 64 459 129 459 49 459 63 460 133 460 129 460 63 461 129 461 64 461 62 462 159 462 133 462 62 463 267 463 159 463 62 464 133 464 63 464 256 465 51 465 267 465 256 466 267 466 62 466 256 467 13 467 51 467 65 468 13 468 256 468 65 469 50 469 13 469 47 470 68 470 44 470 68 471 45 471 44 471 67 472 169 472 45 472 67 473 45 473 68 473 66 474 142 474 169 474 66 475 143 475 142 475 66 476 169 476 67 476 255 477 268 477 143 477 255 478 143 478 66 478 253 479 48 479 268 479 253 480 268 480 255 480 253 481 47 481 48 481 68 482 47 482 253 482 169 193 46 189 45 483 134 484 35 484 140 484 134 485 270 485 35 485 59 486 269 486 36 486 59 487 137 487 269 487 58 488 59 488 36 488 136 489 36 489 287 489 135 490 136 490 287 490 270 491 269 491 281 491 36 492 269 492 270 492 160 493 272 493 34 493 53 494 160 494 34 494 150 495 43 495 271 495 319 496 150 496 271 496 43 497 272 497 33 497 43 498 33 498 288 498 43 499 288 499 271 499 282 500 283 500 38 500 14 501 282 501 38 501 13 502 273 502 51 502 13 503 38 503 273 503 38 504 284 504 37 504 38 505 37 505 286 505 48 506 274 506 131 506 48 507 42 507 274 507 48 508 47 508 42 508 132 509 40 509 129 509 129 510 40 510 275 510 130 511 41 511 88 511 130 512 275 512 41 512 41 513 39 513 285 513 275 514 39 514 41 514 182 515 310 516 276 517 298 518 310 516 182 515 295 519 309 520 277 521 278 522 277 521 197 523 278 522 197 523 210 524 295 519 277 521 278 522 294 525 308 526 207 217 294 525 208 527 308 526 199 528 311 529 300 530 163 531 312 532 176 205 279 533 211 534 303 535 279 533 212 536 211 534 280 537 213 538 302 539 212 536 191 540 211 534 211 534 191 540 204 541 96 542 39 543 40 544 40 544 132 129 96 542 132 129 108 545 96 542 158 546 108 545 132 129 132 129 267 547 158 546 132 129 159 548 267 547 158 546 51 549 273 550 108 545 158 546 273 550 273 550 286 551 108 545 131 552 117 553 30 4 131 552 30 4 141 554 141 554 143 555 268 556 141 554 268 556 131 552 274 557 285 558 131 552 117 553 131 552 285 558 137 559 112 560 91 561 264 562 156 563 112 560 137 559 264 562 112 560 119 564 137 559 91 561 137 559 119 564 269 565 272 566 160 567 109 568 139 569 109 568 160 567 140 134 139 569 160 567 160 567 265 570 140 134 160 567 266 571 265 570 35 572 281 573 140 134 139 569 140 134 281 573 136 574 58 575 36 576 287 577 270 578 135 131 134 132 135 131 270 578 41 579 42 580 88 581 47 582 88 581 42 580 214 583 161 221 181 219 214 583 282 584 161 221 283 585 282 584 214 583 214 583 284 586 283 585 13 587 14 588 38 589 130 590 129 130 275 591 319 592 178 220 324 593 178 220 319 592 215 594 215 594 319 592 288 595 271 596 288 595 319 592 41 579 285 558 274 557 42 580 41 579 274 557 275 591 40 544 39 543 283 585 284 586 38 589 38 589 286 551 273 550 270 578 287 577 36 576 270 578 281 573 35 572 281 573 269 565 119 564 43 9 34 8 272 566 289 597 204 541 304 598 290 599 204 541 289 597 290 599 292 600 293 601 293 601 204 541 290 599 204 541 293 601 303 535 204 541 191 540 294 525 191 540 209 602 294 525 209 602 191 540 192 603 192 603 210 524 209 602 278 522 296 604 295 519 210 524 296 604 278 522 296 604 182 515 295 519 182 515 296 604 297 605 297 605 298 518 182 515 297 605 299 606 298 518 300 530 298 518 299 606 299 606 301 607 300 530 301 607 299 606 280 537 163 531 300 530 301 607 163 531 301 607 302 539 280 537 302 539 301 607 10 25 61 23 302 539 11 16 60 14 10 25 11 16 302 539 151 608 11 16 10 25 302 539 303 535 304 598 32 6 279 533 303 535 32 6 305 609 32 6 31 3 32 6 305 609 279 533 145 610 305 609 31 3 305 609 145 610 151 608 303 535 289 597 304 598 289 597 290 599 291 611 289 597 303 535 290 599 290 599 303 535 293 601 168 194 306 192 167 191 306 192 233 612 320 190 307 216 306 192 202 613 306 192 307 216 233 612 202 613 207 217 307 216 198 614 308 526 208 527 197 523 198 614 208 527 277 521 309 520 197 523 199 528 310 516 311 529 312 532 175 204 176 205 175 204 312 532 162 202 261 422 328 410 325 15 261 422 162 202 328 410 261 422 174 206 162 202 313 209 261 422 262 427 313 209 262 427 326 425 174 206 261 422 313 209 145 610 313 209 326 425 145 610 326 425 151 608 235 615 314 616 315 617 236 618 314 616 235 615 148 619 316 620 218 621 149 622 218 621 219 623 148 619 218 621 149 622 147 624 316 620 148 619 161 625 50 625 166 625 44 626 166 626 50 626 45 483 166 188 44 627 166 188 45 483 46 189 142 628 141 628 169 628 144 629 30 629 112 629 157 630 144 630 112 630 157 631 177 631 144 631 56 632 149 632 177 632 146 633 179 633 180 633 254 399 201 634 200 44 254 399 27 401 201 634 317 635 216 636 318 637 321 201 216 636 317 635 321 201 217 638 216 636 54 639 160 567 53 10 180 218 176 205 216 636 317 635 216 636 176 205 321 201 317 635 176 205 322 203 323 208 220 207 179 215 324 593 178 220 329 640 114 640 110 640 329 641 115 641 114 641 330 642 111 642 113 642 331 643 111 643 330 643 111 644 331 644 104 644 332 645 104 645 331 645 332 646 329 646 110 646 332 647 110 647 104 647 330 648 333 648 331 648 332 649 331 649 333 649 332 650 333 650 330 650 113 651 115 651 329 651 330 652 113 652 329 652 329 653 332 653 330 653 89 654 334 655 122 656 335 657 122 656 334 655 335 657 97 658 122 656 335 659 126 659 97 659 126 660 335 657 127 661 336 662 127 661 335 657 336 662 124 663 127 661 337 664 124 663 336 662 124 663 337 664 90 665 338 666 90 665 337 664 339 667 90 665 338 666 339 667 120 668 90 665 340 669 120 668 339 667 120 668 340 669 123 670 123 670 341 671 89 654 341 671 123 670 340 669 334 655 89 654 341 671 336 672 335 672 334 672 341 673 337 673 336 673 340 674 339 674 338 674 341 675 338 675 337 675 341 676 340 676 338 676 334 677 341 677 336 677 342 678 121 678 99 678 342 679 118 679 121 679 343 680 105 681 118 682 344 683 106 684 105 681 344 683 105 681 343 680 344 683 102 685 106 684 345 686 102 685 344 683 345 686 98 687 102 685 342 688 99 688 98 688 345 689 344 689 343 689 98 690 343 690 118 690 98 691 345 691 343 691 98 692 118 692 342 692 346 693 116 693 107 693 347 694 114 694 128 694 348 695 114 695 347 695 114 696 348 696 103 696 349 697 103 697 348 697 349 698 346 698 107 698 349 699 107 699 103 699 347 700 350 700 348 700 349 701 348 701 350 701 349 702 350 702 347 702 347 703 128 703 346 703 128 704 116 704 346 704 346 705 349 705 347 705 125 706 351 707 126 660 352 708 126 660 351 707 126 660 352 708 97 658 353 709 97 658 352 708 97 658 353 709 95 710 95 710 353 709 92 711 354 712 92 711 353 709 351 707 92 711 354 712 92 711 351 707 125 706 352 708 358 713 355 714 352 708 355 714 356 715 357 716 358 713 352 708 358 713 357 716 355 714 356 715 355 714 357 716 354 717 356 717 357 717 353 718 352 718 356 718 351 719 357 719 352 719 354 720 353 720 356 720 351 721 354 721 357 721 359 722 360 722 121 722 359 723 121 723 94 723 360 724 99 724 121 724 361 725 99 725 360 725 361 726 100 726 99 726 362 727 101 727 100 727 363 728 93 729 101 730 363 728 101 730 362 731 363 732 361 732 94 732 363 733 94 733 93 733 359 734 94 734 361 734 361 735 360 735 359 735 363 736 362 736 100 736 363 737 100 737 361 737 378 738 373 739 379 740 385 741 392 742 416 743 386 744 416 743 415 745 389 746 415 745 364 747 387 748 364 747 365 749 387 748 365 749 382 750 389 746 364 747 387 748 386 744 415 745 389 746 385 741 416 743 386 744 380 751 392 742 385 741 373 739 395 752 413 753 373 739 413 753 393 754 401 755 393 754 369 756 388 757 369 756 370 758 375 759 370 758 368 760 388 757 370 758 375 759 401 755 369 756 388 757 373 739 393 754 401 755 386 761 397 761 404 761 386 762 404 762 385 762 389 763 397 763 386 763 407 764 389 764 387 764 382 765 408 765 387 765 407 766 387 766 408 766 407 767 397 767 389 767 374 768 400 768 375 768 376 769 390 769 400 769 376 770 409 770 390 770 376 771 400 771 374 771 377 772 409 772 376 772 391 773 409 773 377 773 391 774 377 774 378 774 391 775 378 775 379 775 366 776 369 776 393 776 367 777 370 777 369 777 368 778 370 778 367 778 366 779 367 779 369 779 394 780 366 780 393 780 392 781 394 781 393 781 392 782 393 782 413 782 372 783 402 783 398 783 372 784 412 784 402 784 372 785 368 785 412 785 371 786 372 786 398 786 403 787 371 787 398 787 395 788 371 788 411 788 413 789 395 789 411 789 403 790 411 790 371 790 375 791 412 791 406 791 408 792 375 792 406 792 407 793 396 793 397 793 407 794 417 794 396 794 413 795 404 795 405 795 413 796 379 796 404 796 411 797 391 797 379 797 413 798 411 798 379 798 411 799 403 799 409 799 403 800 399 800 410 800 409 801 403 801 410 801 410 802 399 802 398 802 400 803 410 803 398 803 400 804 390 804 410 804 400 805 402 805 412 805 375 806 400 806 412 806 374 807 375 759 368 760 374 807 368 760 372 808 376 809 372 808 371 810 377 811 371 810 414 812 378 738 414 812 395 752 378 738 395 752 373 739 377 811 414 812 378 738 376 809 371 810 377 811 374 807 372 808 376 809 367 813 382 750 365 749 381 814 382 750 367 813 383 815 367 813 366 816 384 817 366 816 394 818 380 751 394 818 392 742 384 817 394 818 380 751 383 815 366 816 384 817 381 814 367 813 383 815 401 819 383 819 384 819 380 820 373 820 384 820 373 821 380 821 379 821 401 822 384 822 373 822 388 823 381 823 383 823 388 824 383 824 401 824 388 825 375 825 381 825 364 826 417 826 406 826 416 827 405 827 396 827 415 828 416 828 396 828 364 829 396 829 417 829 364 830 415 830 396 830 365 831 364 831 406 831 398 832 402 833 400 834 411 835 409 836 391 837 398 832 399 838 403 839 409 836 410 840 390 841 396 842 404 843 397 844 396 842 405 845 404 843 406 846 417 847 408 848 407 849 408 848 417 847 382 750 381 814 375 759 408 848 382 750 375 759 379 740 380 751 385 741 379 740 385 741 404 843 367 813 365 749 406 846 368 760 367 813 406 846 368 760 406 846 412 850 414 812 371 810 395 752 405 845 416 743 392 742 405 845 392 742 413 753</p>
        </triangles>
      </mesh>
    </geometry>
    <geometry id="outDx_002-mesh" name="outDx.002">
      <mesh>
        <source id="outDx_002-mesh-positions">
          <float_array id="outDx_002-mesh-positions-array" count="489">0.00646311 -0.01058626 0.002788007 -0.005711317 -0.03661298 7.46385e-4 -0.009503185 -0.03675693 7.48159e-4 -0.01069951 -0.03940051 6.99648e-4 -0.00436151 -0.04018312 6.26433e-4 -0.005284011 -0.03669351 -0.00986427 -0.004291415 -0.03983217 -0.01013481 -0.008357942 -0.03605246 -0.009899377 -0.01041644 -0.03766423 -0.009835898 0.002354562 0.002507925 -0.001931786 -0.001126587 0.002848029 -0.001989483 -0.003005921 3.09753e-4 -0.001992702 0.003363668 -0.001050651 -0.00202322 7.67464e-4 0.003331899 -0.008942365 0.003008723 0.001758754 -0.008956372 0.003276646 -0.001074373 -0.009024262 -0.002118349 0.002398192 -0.008925259 -0.008532285 -0.04215258 -0.00997287 -0.01046705 -0.0403558 -0.009971678 -0.009838044 -0.04156994 5.94636e-4 -0.001311361 -0.005415737 0.004193246 -0.002381026 -0.004792869 -0.00193715 -0.004908502 -0.001489222 -0.001852631 -0.004574894 -0.002502977 0.00427246 -0.004302084 0.002938628 -0.00174421 -0.004826068 0.001642167 0.004375576 0.001024901 0.005468904 -0.001694738 -0.001444041 0.004921913 0.00445652 -0.00141853 -0.002887129 -0.002071619 -0.001717388 -0.002388417 -0.009010612 -0.002891957 -3.39835e-4 -0.008948802 5.65344e-4 0.007629692 0.004296422 0.004885077 0.006139993 0.004310727 0.007466793 0.003300964 0.003780186 0.008289158 3.82305e-4 -0.008430421 0.008157849 -5.11455e-4 0.003974676 -0.00246936 -0.03939485 -9.32913e-4 -0.007400393 -0.01640141 -0.003700375 -0.007411718 -0.01512998 -0.002009689 -0.006787598 -0.01276642 -0.003119349 -0.00749588 -0.01700007 -0.002753019 -0.007490575 -0.01652455 -0.001770317 -0.008476078 -0.0226562 -0.00632435 -0.009237527 -0.02494579 -0.005860269 -0.0104255 -0.03030914 -0.002955019 -0.01037424 -0.03217905 -0.002576172 -0.01008236 -0.03216487 -0.005534231 -0.008456766 -0.01868718 -0.002673089 -0.008166551 -0.02083367 -0.005269229 -0.009062111 -0.02217513 -0.005036115 -0.008245587 -0.02143037 -0.002705991 -0.008147954 -0.02088445 -0.00187236 -0.01026529 -0.03452056 -0.007704496 -0.009887516 -0.03098553 -0.005387842 -0.00956732 -0.02914458 -0.005762279 -0.01032388 -0.0309022 -0.00677812 -0.006618618 -0.01170319 -0.006295323 -0.007276177 -0.01557713 -0.006389319 -0.005675673 -0.007650017 -0.007021784 -0.008295178 -0.01954907 -0.006426215 -0.009803593 -0.02888846 -0.002287745 -0.008987545 -0.02587532 -0.001788198 -0.00924921 -0.02729314 -0.006753146 -0.008671045 -0.02395397 -0.002544999 -0.009403467 -0.02827823 -0.002941906 -0.007915854 -0.0193637 -0.005072951 -0.007597148 -0.01751905 -0.005482733 -0.00617516 -0.00920695 -0.002790212 -0.006837785 -0.01235449 -0.001671552 -0.006840586 -0.01124936 -0.001646697 -0.007228195 -0.01115161 -0.002931237 -0.003443598 -0.02562785 9.49768e-4 -0.003283679 -0.03092527 0.001173019 -0.001599609 -0.008670449 0.002498269 -0.003275871 -0.04187667 5.40696e-4 -0.001192986 -0.03019779 8.62795e-4 -0.01122623 -0.04229569 -0.009956181 -0.008315145 -0.04410231 -0.009744763 -0.006671249 -0.04427587 4.63389e-4 0.007115542 -0.005052924 0.002677857 -0.01428145 -0.03545796 -0.00980091 -0.01398706 -0.0366981 7.18711e-4 -0.01084554 -0.04302173 5.17387e-4 0.007708311 -0.002203762 -0.00911653 -0.005951404 -0.04194653 -0.01006078 0.005116224 -0.006126642 -0.009042143 -0.003777682 -0.02442729 -0.009535253 -0.001218676 -0.03004503 -0.009737551 -0.004031836 -0.01953572 -0.00934261 0.004348456 0.006897807 -0.008803844 0.003794789 0.003999054 0.004420101 0.005635559 -0.001174867 0.004286229 0.003084301 -0.004751563 0.004203259 0.001462757 -0.002966642 -0.002053201 9.58701e-4 -0.003035008 -0.009089589 0.005823791 6.33281e-4 -0.001821696 0.002788484 -0.004913866 -0.001952648 -0.006947338 -0.04255431 5.22892e-4 -0.001101195 -0.02998566 -0.008016943 -0.006369173 -0.034119 -0.001135528 -0.004037141 -0.02329486 -6.13139e-4 -0.007400155 -0.0339787 -0.0078938 -0.00441581 -0.03500014 -0.007907986 -0.00479418 -0.007360219 -5.25737e-4 -0.003904104 -0.00705868 -0.006970226 -0.001680552 -0.008116245 -0.007279992 -0.005935072 -0.008215844 -9.79068e-4 -0.001857697 -0.008145213 -0.009120285 0.001782178 -0.007584154 -0.009103238 0.007196187 0.003811419 -0.008706152 -9.4847e-4 0.007994174 -0.008697032 -0.006471276 0.005049824 -0.008899331 -0.008158624 0.002483606 -0.008484959 -0.002759993 -0.04072552 -0.009476959 -0.004605412 -0.04300713 -0.01006615 -0.01404273 -0.03360092 0.001079499 0.003059983 -0.007854461 0.002482652 -0.003728628 -0.01980608 0.00224334 0.007437229 -0.01253139 0.002656817 0.01023006 -0.01369243 0.002692401 0.006421267 -0.01194947 0.003842234 0.01074105 -0.0144298 0.003744423 0.00895524 -0.02711331 0.002442061 -0.005151271 0.006215155 0.00393033 0.00829339 -0.02695453 0.003591775 -0.01372271 -0.0334689 0.003295302 -0.007601499 0.003188371 0.004266738 -0.002903997 -0.03070372 0.002122879 0.01135838 -0.01550984 0.002682328 -0.001681447 -0.008238017 -4.83273e-4 -0.001060664 -0.03027737 -8.0204e-4 -0.004065096 -0.02281451 -0.007875442 -0.00302422 -0.036767 -0.001277446 -0.0102424 -0.03465867 -0.001319825 -0.002658903 -0.0375576 -0.007971167 -0.01066404 -0.03079396 -0.005258619 -0.01036697 -0.02908754 -0.005960643 -0.01084697 -0.03199982 -0.005014419 -0.01016461 -0.02778315 -0.006333649 -0.01013338 -0.02780199 -0.002310633 -0.009744822 -0.02555739 -0.002215623 -0.00990951 -0.0263586 -0.005780875 -0.009733676 -0.02690076 -0.002846598 -0.009119391 -0.02648794 -0.005818486 -0.009520471 -0.02418768 -0.002215802 -0.009026765 -0.02126151 -0.002411186 -0.009248912 -0.02256572 -0.002708494 -0.009029388 -0.0211606 -0.005497992 -0.009290039 -0.02270609 -0.006448924 -0.00889337 -0.020482 -0.002145707 -0.008332073 -0.01717728 -0.00210011 -0.008680343 -0.01912349 -0.00537455 -0.008384406 -0.01738381 -0.005689918 -0.008853912 -0.02024114 -0.004415571 -0.008205711 -0.0163812 -0.003271341 -0.007972359 -0.01500868 -0.003095626 -0.007584333 -0.0131877 -0.003327608 -0.008090198 -0.01558709 -0.006286978 -0.007156729 -0.01495409 -0.003864169 -0.007545411 -0.0124309 -0.003375828 -0.006927847 -0.009313344 -0.003233671 -0.007434189 -0.01171278 -0.006193161 -0.006500184 -0.01108044 -0.003770411</float_array>
          <technique_common>
            <accessor source="#outDx_002-mesh-positions-array" count="163" stride="3">
              <param name="X" type="float"/>
              <param name="Y" type="float"/>
              <param name="Z" type="float"/>
            </accessor>
          </technique_common>
        </source>
        <source id="outDx_002-mesh-normals">
          <float_array id="outDx_002-mesh-normals-array" count="1008">0.1866262 0.5997065 -0.7781535 0.5323995 0.2410981 -0.8114324 0.4139273 0.3881084 0.8234295 0.5320983 -0.2498893 -0.8089665 0.58599 -0.04419106 0.8091124 0.1223834 -0.5500233 -0.8261336 0.3031814 -0.5025353 0.8096538 -0.4045022 -0.3693746 -0.8366245 -0.2665871 -0.4734172 0.8395282 -0.1076426 0.5197183 0.8475293 0.6526916 -0.4757696 0.5896076 0.1629132 -0.5216092 0.8374863 0.5347574 -0.2227901 0.8151068 -0.1279357 -0.8079303 0.5752227 -0.3332107 -0.4229987 0.8426403 0.761607 0.1901652 0.6195095 0.5313061 0.2490965 0.8097314 0.3686132 0.6879681 0.6251593 0.1672469 0.5383642 0.8259495 0.6017197 0.1006223 -0.7923437 0.5988802 -0.06531125 0.7981712 0.3178232 0.4848223 0.8148226 0.408956 -0.3769415 -0.8310658 0.2638998 -0.6006795 0.7546795 -0.09018242 -0.5445129 -0.8338903 -0.3911376 -0.4566324 0.799061 0.3497231 0.4916084 -0.7975055 -0.1343758 0.5675954 -0.8122676 -0.1027591 0.779224 -0.6182642 -0.4461637 0.6983153 0.5597265 0.03204458 0.7603125 0.6487666 0.378806 0.6780176 -0.6299191 0.4375831 0.6145024 0.6564357 0.7723848 0.3641269 0.5204167 0.908814 0.06894385 -0.4114658 0.7807416 -0.01651084 0.624636 0.6861624 0.4023036 -0.6060801 0.9904583 -0.1227467 0.06265515 0.9614673 0.05890142 0.2685357 0.695562 0.2943572 -0.6553988 0.8198148 -0.2888365 -0.4944464 0.1694124 0.6026335 -0.7798284 0.5633835 0.6052253 0.5624069 0.5586923 0.6265069 -0.543463 0.0699808 0.6204577 0.7811114 0.3942101 0.4964781 0.7733743 0.9940365 0.04717886 0.0983138 0.995923 0.07610535 0.04842996 0.8183605 -0.5647976 -0.1062533 0.9973392 -0.07271933 -0.005150496 0.9898909 0.1023653 0.09816974 0.9888691 0.05172109 -0.1395096 0.985047 -0.1722327 -0.004302799 0.9419904 -0.1669652 0.2911646 0.9859048 -0.1672704 -0.003529191 0.6105477 -0.1871339 0.7695534 0.7541772 -0.06532073 -0.6534141 0.9265077 -0.1297101 -0.3532122 0.8910211 -0.1252598 -0.4363388 0.9491813 -0.151427 -0.2759072 0.9077783 -0.1460769 0.3931924 0.9358864 -0.2771764 -0.2174625 0.8335551 -0.2090988 -0.5113351 0.8563997 -0.1872738 0.481153 0.9430716 -0.3264802 -0.06345671 0.9736278 -0.2020778 -0.1058945 0.9860775 -0.1660329 -0.009180366 0.9462862 -0.1504555 -0.2861919 0.8539491 -0.1485944 -0.498689 0.9126586 -0.2942065 0.2837194 0.9069358 -0.3599267 0.2189071 0.9851463 -0.1716587 -0.004484534 0.9857137 -0.1682845 -0.006995379 0.9817951 -0.06303161 -0.1791802 0.9753901 -0.1121431 -0.1898372 0.8268476 -0.1549675 0.5406553 0.9862148 -0.1653906 -0.005150198 0.9527414 -0.2427289 -0.1826649 0.9853308 -0.170646 -0.001757562 0.9643478 -0.2641131 0.01666575 0.9747533 -0.2207016 0.0338667 0.972589 -0.2125954 0.09420204 0.9556461 -0.2926158 0.03341674 0.9563974 -0.1687285 -0.2384003 0.8502201 -0.4393437 -0.2900052 0.5486872 0.02016508 -0.8357845 0.9698817 0.0971201 -0.223377 0.9969421 0.03307819 0.07079863 0.9844913 -0.1547433 0.08265262 0.9810072 -0.1863219 -0.05393707 0.951861 -0.1508946 0.2668174 0.9803705 -0.1772239 0.08640295 0.919075 0.3903087 0.05440789 0.8589187 0.417346 0.2967844 -0.1199705 -0.8128143 -0.5700351 -0.5049415 -0.6057467 0.6149025 -0.5707463 -0.494661 -0.6554076 0.6267496 -0.4500414 0.6361191 0.1312644 -0.7814826 0.6099629 0.4290346 -0.6107746 -0.665495 0.9908887 0.04650729 0.1263989 0.8879862 -0.3366266 -0.3133099 0.2527335 -0.890076 -0.3793291 0.2428133 -0.6242768 -0.7425094 0.5605827 -0.5240508 -0.6411848 -0.03543299 -0.8419686 0.5383619 0.2056362 -0.7232974 -0.6592078 0.265975 -0.9133793 0.3082137 0.1939175 -0.6915295 -0.6958326 0.3531133 -0.3168864 -0.8802807 0.6762109 -0.2392389 -0.6967808 0.4739087 -0.5690079 -0.6720422 -0.9871823 0.1594998 -0.005567848 -0.9849495 0.1695333 0.03365933 -0.9783018 0.1598681 0.1317867 -0.8955487 -0.4449603 0.001706898 -0.9129644 -0.4074195 -0.02248317 0.9192611 -0.168518 -0.3557539 0.9834742 -0.1558153 -0.09219634 -0.006767094 -0.01528531 0.9998603 0.003359794 -0.07623422 0.9970843 0.01278066 -0.08621668 0.9961945 0.1982808 -0.1572081 0.9674557 0.01426929 -0.02818703 0.9995009 0.1310719 0.04570204 0.990319 0.02809834 -0.03256517 0.9990746 -0.008042752 -0.115858 0.9932333 -0.004396021 -0.05009084 0.998735 -0.03437185 -0.04885584 0.9982143 0.01379394 -0.03232991 0.9993821 -0.002520918 -0.05138921 0.9986755 0.004013776 -0.04799318 0.9988396 0.001484751 -0.03430467 0.9994103 -0.01506853 0.02254116 -0.9996324 -0.02047032 0.04501169 -0.9987768 -0.005905389 -0.005702376 -0.9999663 0.01950126 0.05000728 -0.9985585 0.01365864 0.010697 -0.9998496 -0.07204777 0.06301856 -0.9954084 -0.01823133 -0.01607477 -0.9997047 -0.00552082 0.03347772 -0.9994242 -0.01295739 0.03640258 -0.9992532 0.02405035 0.02514678 -0.9993944 -0.01522004 0.03855472 -0.9991407 -0.01859074 0.01950156 -0.9996371 0.005129098 0.01853781 -0.9998151 -0.02475899 0.01964926 -0.9995003 0.01925301 0.01054561 -0.9997591 0.004117786 0.003737688 -0.9999846 0.01575791 0.005844593 -0.9998589 -0.0219503 -0.004456937 -0.9997492 0.01232284 0.02645617 -0.9995741 -0.007423102 0.03160113 -0.999473 -0.01001608 0.04885846 -0.9987555 -6.2731e-4 0.008763015 -0.9999614 0.0167306 0.0372501 -0.9991659 0.01446425 0.0194621 -0.999706 -0.036623 0.006324589 -0.9993091 -0.03126025 -0.03465545 -0.9989103 -0.00962907 0.0646336 -0.9978626 -0.01947647 -0.01969516 -0.9996163 -0.8732401 -0.2242841 0.4326068 -0.7550059 -0.0810275 -0.6506924 -0.7324674 -0.2278279 0.6415498 -0.5132372 0.5494632 -0.659301 -0.6848219 0.3140432 0.6575682 -0.8166574 0.2913342 -0.4981918 0.2410846 -0.970232 0.02297902 0.2580584 -0.9585956 0.1204181 -0.008220911 -0.01771515 0.9998093 0.01406234 -0.01493459 0.9997896 0.01334244 -0.03788477 0.9991931 0.01215845 0.0448383 0.9989203 0.0153324 0.0476557 0.9987462 0.1202438 0.009009718 0.9927036 0.08861827 0.005753815 0.9960491 0.1306299 -0.0313065 0.9909369 0.02289098 -0.03949344 0.9989577 0.004940986 -0.04780924 0.9988443 -0.03932482 -0.01990789 0.9990282 -0.00307244 -0.03063297 0.999526 -0.05480533 -0.02814114 0.9981004 -0.05956441 0.1028906 0.9929077 -0.03361093 0.009993195 0.9993851 0.02303284 0.01279681 -0.9996529 0.02464139 0.01559102 -0.9995748 0.02292251 0.02162003 -0.9995035 0.0252459 0.0180546 -0.9995182 0.02026695 0.01812261 -0.9996304 0.05861061 0.09638977 -0.9936165 0.01325374 -0.09476858 -0.9954111 0.06720012 -0.02778184 -0.9973527 -0.5712011 0.1341633 0.8097713 -0.5229826 0.2048776 -0.8273538 -0.2356072 0.5638704 0.7915426 -0.5091225 -0.2442762 -0.8253021 -0.5000205 0.09558492 0.8607225 -0.7963919 -0.1176505 0.5932272 -0.3132504 0.4747892 0.8224655 -0.3913508 0.6815296 0.6183543 -0.1045024 0.03371459 0.9939531 0.004580914 0.06805574 0.9976711 -0.00504148 0.04814958 0.9988275 -0.05374789 -0.04088389 0.9977173 0.06583386 0.008070826 0.997798 0.07542586 0.03220111 0.9966314 0.07528114 -0.05699849 0.995532 0.1104179 -0.03944486 0.9931023 -0.02541214 -0.09109687 0.9955178 0.07112425 -0.1689462 0.9830557 -0.09777665 -0.1229575 0.9875835 -0.04018288 0.02422821 0.9988986 -0.5030086 0.08697813 0.8598937 -0.3162404 0.5009733 -0.8056164 -0.3860028 0.07312321 -0.919595 0.9875993 -0.1440435 -0.06244385 0.9063467 0.4156078 -0.07619744 0.9020799 0.3769767 -0.2100964 0.03300589 0.04108548 -0.9986104 0.01539283 0.006215512 -0.9998623 0.09509509 0.009977579 -0.9954183 0.0420528 0.03912371 -0.9983491 0.01252347 0.06929385 -0.9975177 0.05861163 -0.04990333 0.9970328 0.02538448 -0.009227573 0.9996353 0.03442668 -0.001039922 0.9994067 0.00992608 0.01516485 0.9998358 0.07018184 -0.02260607 0.9972781 0.1107097 -0.04413604 0.9928724 0.5931425 -0.5513921 0.5866419 0.7680152 -0.4163122 -0.4866589 0.7278548 0.1156376 -0.6759109 0.7442787 -0.06729543 -0.6644702 0.5803536 -0.7910889 -0.1933088 0.4658747 -0.4157317 0.781107 0.4033708 0.1721581 0.8986956 0.627537 0.3727317 0.6835704 0.4278534 0.547612 -0.7190708 0.6694583 0.01879948 -0.7426117 0.4743877 0.7175326 -0.5100033 0.9114583 0.01483231 -0.4111252 0.7177889 -0.5595147 -0.4143942 0.4207662 -0.483788 0.7674016 -0.5163857 -0.6102018 0.6008325 0.7906144 0.1038892 -0.6034367 0.7845944 0.1077642 0.6105724 0.8595163 -0.5111075 0.001037657 0.3907117 -0.8661459 -0.311666 0.9434887 -0.2821158 -0.1738961 0.4613317 -0.8855519 0.05450767 0.9270113 -0.3422998 -0.1532353 0.8621814 -0.1066663 0.4952431 0.6865322 0.7016087 -0.1908373 0.9413727 0.3323264 0.05810904 0.9548216 -0.1568378 -0.2524237 0.9717246 -0.07740235 0.2230696 0.9692268 -0.1015868 0.2242311 0.9180034 -0.3964015 -0.01164996 0.818812 -0.09232932 -0.5665883 0.9843093 -0.1629739 -0.06763643 0.9705907 -0.06457781 0.2319126 0.6083449 0.574926 0.5471533 0.9767714 0.2126892 0.02609401 0.641216 0.4270907 -0.6375231 0.8421236 -0.2775135 -0.4624004 0.5928334 -0.6796907 -0.4319367 0.9111526 -0.3285093 0.2487625 0.985968 -0.1433343 -0.08557134 0.7814025 -0.3423633 0.5217254 0.9028995 -0.4264325 0.05411028 0.9066045 -0.1732362 0.3847828 0.9121068 -0.409854 -0.009004235 0.6060222 -0.1190864 -0.786483 0.9495283 -0.2591342 0.1767643 0.9403625 -0.3151124 0.1281508 -0.4104712 0.2613959 -0.873605 0.5626316 -0.1492213 -0.8131291 0.02481395 -0.8376446 0.5456517 0.2913626 -0.2594971 0.9207438 0.7484034 -0.6612879 -0.05090045 0.3722156 -0.3944951 -0.8401364 0.996114 -0.08505678 0.02285879 0.6296174 -0.7720519 0.08670592 0.999207 -0.004303097 0.03958249 0.5655822 0.2728723 0.7782401 0.9239614 0.3817017 -0.02447813 -0.1064293 0.9420939 0.3180128 0.2953076 0.232045 0.9267948 0.9859882 -0.1667283 -0.005394816 0.9880287 -0.08918064 -0.1258822 0.9138092 -0.4061105 0.005196213 0.5461201 0.6700686 -0.5027534 0.3308898 -0.02782177 -0.9432592 0.4013522 -0.0555517 -0.9142377 0.4677939 -0.7965627 0.3829581 0.8055835 -0.5212672 -0.2816307 0.3978197 -0.9037085 -0.1582733 0.9539728 -0.1032163 0.2815712 0.9462752 -0.3218545 0.03119051 0.9364483 -0.3252117 -0.1315373 0.4361149 -0.8971636 0.0700103 0.9165908 -0.08130383 0.3914731 0.7352448 0.5897585 -0.3340662 0.9940469 -0.05795627 0.09226006 0.6899544 0.0444613 0.722486 0.9230601 -0.0891996 0.3741706 0.9468732 0.1117404 0.3015714 0.9958056 -0.05430054 -0.07363891 0.9591854 -0.1660757 0.228872 0.9796088 -0.1946896 -0.04962509 0.3026536 0.7916317 0.5307731 0.7412647 0.6026106 -0.2956133 0.7863143 -0.4202574 -0.4528727 0.3410751 -0.1899592 -0.9206429 0.08728331 -0.7810566 0.6183303 0.238543 -0.7537967 0.6122809 0.1609009 0.9528993 0.2570876 0.02523505 0.9554504 0.2940711 0.8909654 -0.1252756 -0.4364482 0.8808077 -0.09024608 -0.464794 0.9859628 -0.1668518 -0.006173372 0.6866939 -0.05396658 0.7249408 0.8483399 0.3309099 -0.4133016 0.2207753 -0.9610892 0.1660295 0.4577772 0.8591773 -0.2285926 0.5181139 -0.220613 -0.8263703 0.08663731 -0.781051 0.6184281 -0.2338507 -0.7777391 0.5834689 0.3216896 0.9143933 0.245766 0.02876484 0.9474185 0.3187016 0.9461742 -0.1318995 -0.2955622 0.9233304 0.01093137 -0.3838508 0.9720838 -0.2336757 -0.02118295 0.7559335 -0.01581448 0.6544575 0.8483229 0.3308578 -0.413378 0.2631236 -0.9534333 0.147414</float_array>
          <technique_common>
            <accessor source="#outDx_002-mesh-normals-array" count="336" stride="3">
              <param name="X" type="float"/>
              <param name="Y" type="float"/>
              <param name="Z" type="float"/>
            </accessor>
          </technique_common>
        </source>
        <vertices id="outDx_002-mesh-vertices">
          <input semantic="POSITION" source="#outDx_002-mesh-positions"/>
        </vertices>
        <triangles material="Material_1_002-material" count="330">
          <input semantic="VERTEX" source="#outDx_002-mesh-vertices" offset="0"/>
          <input semantic="NORMAL" source="#outDx_002-mesh-normals" offset="1"/>
          <p>17 0 18 1 19 2 18 1 8 3 3 4 8 3 7 5 2 6 7 5 5 7 1 8 8 3 2 6 3 4 7 5 1 8 2 6 18 1 3 4 19 2 17 0 19 2 97 9 24 10 27 11 25 12 26 13 90 14 27 11 24 10 26 13 27 11 22 15 25 12 23 16 22 15 24 10 25 12 21 17 23 16 20 18 21 17 22 15 23 16 30 19 11 20 28 21 16 22 10 23 11 20 13 24 9 25 10 23 16 22 13 24 10 23 30 19 16 22 11 20 29 26 30 19 28 21 29 26 28 21 94 27 110 28 123 29 31 30 89 31 31 30 32 32 89 31 32 32 33 33 34 34 33 33 35 35 109 36 33 33 34 34 89 31 33 33 109 36 110 28 31 30 89 31 36 37 134 38 132 39 134 38 36 37 113 40 99 41 52 42 133 43 99 41 101 44 52 42 102 45 132 39 134 38 102 45 99 41 132 39 102 45 101 44 99 41 44 46 45 46 46 46 48 47 47 47 50 47 49 48 48 48 50 48 46 49 133 49 52 49 133 50 46 50 45 50 52 51 55 51 46 51 53 52 54 52 64 52 56 53 57 53 58 53 56 54 39 54 57 54 62 55 55 55 52 55 59 56 42 56 62 56 133 57 45 57 60 57 41 58 38 58 106 58 41 59 106 59 61 59 51 60 41 60 61 60 62 61 54 61 55 61 59 62 58 62 57 62 43 63 62 63 42 63 43 64 42 64 63 64 61 65 43 65 63 65 61 66 63 66 51 66 61 67 106 67 133 67 61 68 133 68 60 68 64 69 61 69 60 69 64 70 60 70 53 70 62 71 64 71 54 71 40 72 65 72 37 72 59 73 48 73 42 73 59 74 62 74 52 74 59 75 52 75 58 75 66 76 57 76 37 76 66 77 59 77 57 77 65 78 66 78 37 78 67 79 58 79 106 79 67 80 56 80 58 80 68 81 38 81 39 81 69 82 67 82 106 82 68 83 106 83 38 83 69 84 70 84 67 84 68 85 69 85 106 85 71 86 100 86 117 86 72 87 71 87 117 87 129 88 117 88 100 88 129 89 73 89 117 89 130 90 74 90 36 90 130 91 75 91 74 91 100 92 75 92 130 92 100 93 71 93 75 93 77 94 82 95 76 96 74 97 113 40 36 37 82 95 77 94 78 98 78 98 77 94 114 99 78 98 114 99 74 97 113 40 74 97 114 99 131 100 86 100 88 100 79 101 34 34 35 35 129 102 116 103 73 104 104 105 129 102 103 106 105 107 129 102 104 105 108 108 105 107 107 109 83 110 34 34 79 101 85 111 83 110 79 101 116 103 85 111 79 101 108 108 85 111 116 103 108 108 129 102 105 107 108 108 116 103 129 102 112 112 80 112 115 112 126 113 112 113 115 113 125 114 126 114 115 114 82 115 81 115 76 115 80 116 76 116 81 116 131 117 88 117 107 117 105 118 131 118 107 118 81 119 3 119 2 119 72 120 2 120 1 120 72 121 115 121 2 121 72 122 1 122 75 122 1 123 4 123 75 123 75 124 71 124 72 124 75 125 4 125 74 125 81 126 2 126 115 126 82 127 19 127 3 127 81 128 82 128 3 128 78 129 97 129 19 129 78 130 19 130 82 130 74 131 4 131 97 131 74 132 97 132 78 132 83 133 15 133 14 133 110 134 13 134 16 134 76 135 18 135 17 135 80 136 8 136 18 136 87 137 5 137 7 137 87 138 6 138 5 138 80 139 7 139 8 139 86 140 87 140 7 140 80 141 86 141 7 141 107 142 111 142 30 142 80 143 88 143 86 143 107 144 30 144 29 144 107 145 88 145 111 145 107 146 29 146 94 146 85 147 94 147 15 147 108 148 107 148 94 148 85 149 108 149 94 149 83 150 85 150 15 150 89 151 14 151 13 151 89 152 83 152 14 152 110 153 89 153 13 153 111 154 16 154 30 154 111 155 110 155 16 155 80 156 111 156 88 156 76 157 80 157 18 157 114 158 17 158 84 158 114 159 76 159 17 159 6 160 114 160 84 160 115 161 80 162 81 163 111 164 126 165 123 29 111 164 123 29 110 28 112 166 126 165 111 164 72 167 125 167 115 167 72 168 127 168 125 168 120 169 125 169 124 169 120 170 124 170 121 170 20 171 125 171 120 171 90 172 32 172 31 172 90 173 31 173 27 173 91 174 35 174 32 174 91 175 32 175 90 175 91 176 120 176 35 176 92 177 120 177 91 177 20 178 120 178 92 178 23 179 126 179 125 179 23 180 125 180 20 180 25 181 126 181 23 181 27 182 31 182 126 182 27 183 126 183 25 183 122 184 127 184 117 184 128 185 122 185 117 185 118 186 128 186 117 186 118 187 117 187 73 187 118 188 119 188 128 188 0 189 118 189 73 189 116 190 0 190 73 190 116 191 79 191 0 191 12 192 9 25 15 193 93 194 12 192 15 193 28 21 93 194 94 27 15 193 94 27 93 194 14 195 15 193 9 25 13 24 14 195 9 25 91 196 90 14 95 197 92 198 91 196 96 199 20 18 92 198 96 199 96 199 21 17 20 18 95 197 96 199 91 196 26 13 95 197 90 14 96 200 95 200 12 200 96 201 28 201 21 201 96 202 93 202 28 202 95 203 9 203 12 203 22 204 28 204 11 204 22 205 21 205 28 205 24 206 11 206 10 206 24 207 22 207 11 207 26 208 10 208 9 208 26 209 24 209 10 209 95 210 26 210 9 210 96 211 12 211 93 211 4 212 1 8 5 7 97 9 4 212 84 213 84 213 17 0 97 9 6 214 84 213 4 212 5 7 6 214 4 212 98 215 113 215 87 215 98 216 87 216 86 216 131 217 98 217 86 217 99 218 100 218 130 218 103 219 129 219 100 219 103 220 100 220 133 220 99 221 133 221 100 221 132 222 99 222 130 222 131 223 105 223 58 223 101 224 98 224 131 224 102 225 134 225 98 225 101 226 102 226 98 226 52 227 101 227 131 227 52 228 131 228 58 228 58 229 103 106 106 230 58 229 104 105 103 106 105 107 104 105 58 229 133 43 106 230 103 106 83 110 89 31 109 36 83 110 109 36 34 34 80 162 112 166 111 164 6 214 87 231 113 40 114 99 6 214 113 40 77 94 76 96 114 99 117 232 127 233 72 234 120 235 121 236 118 237 120 235 118 237 0 238 119 239 118 237 121 236 128 240 119 239 121 236 35 35 0 238 79 101 0 238 35 35 120 235 122 241 128 240 121 236 122 241 121 236 124 242 32 32 35 35 33 33 122 241 125 243 127 233 124 242 125 243 122 241 126 165 31 30 123 29 130 244 36 37 132 39 113 40 98 245 134 38 135 246 53 247 60 248 136 249 53 247 135 246 53 247 136 249 54 250 54 250 136 249 55 251 137 252 46 253 55 251 137 252 44 254 46 253 55 255 136 255 135 255 137 256 55 256 135 256 44 257 135 257 60 257 44 258 60 258 45 258 44 259 137 259 135 259 62 260 138 261 64 262 139 263 64 262 138 261 64 262 139 263 61 264 140 265 61 264 139 263 61 264 140 265 43 266 138 261 62 260 43 266 138 267 141 267 142 267 43 268 141 268 138 268 43 269 140 269 141 269 139 270 142 270 140 270 138 271 142 271 139 271 143 272 140 265 142 273 140 265 143 272 141 274 141 274 143 272 142 273 144 275 51 275 63 275 145 276 51 276 144 276 145 277 50 277 51 277 145 278 146 278 50 278 146 279 49 279 50 279 147 280 48 280 49 280 48 281 147 282 42 283 148 284 42 283 147 282 148 285 146 285 63 285 148 286 63 286 42 286 146 287 144 287 63 287 146 288 145 288 144 288 148 289 147 289 49 289 148 290 49 290 146 290 149 291 51 291 50 291 149 292 41 292 51 292 150 293 41 293 149 293 150 294 40 294 41 294 150 295 65 296 40 297 151 298 65 296 150 295 65 296 151 298 66 299 152 300 66 299 151 298 66 299 152 300 59 301 153 302 48 281 59 301 153 302 47 303 48 281 47 304 149 304 50 304 59 305 152 305 151 305 153 306 59 306 151 306 47 307 151 307 150 307 47 308 150 308 149 308 47 309 153 309 151 309 154 310 40 310 37 310 154 311 41 311 40 311 155 312 39 312 38 312 156 313 39 313 155 313 156 314 157 314 57 314 156 315 57 315 39 315 157 316 154 316 37 316 157 317 37 317 57 317 38 318 41 318 154 318 155 319 38 319 154 319 154 320 157 320 155 320 156 321 155 321 158 321 157 322 156 322 158 322 157 323 158 323 155 323 159 324 68 324 39 324 160 325 67 325 70 325 160 326 161 326 56 326 160 327 56 327 67 327 161 328 159 328 39 328 161 329 39 329 56 329 70 330 69 330 159 330 69 331 68 331 159 331 159 332 161 332 70 332 160 333 70 333 162 333 161 334 160 334 162 334 161 335 162 335 70 335</p>
        </triangles>
      </mesh>
    </geometry>
  </library_geometries>
  <library_visual_scenes>
    <visual_scene id="Scene" name="Scene">
      <node id="Empty" name="Empty" type="NODE">
        <matrix sid="transform">0.9999929 0.003761983 1.83944e-4 0 -0.003761983 0.9999928 -4.1989e-6 0 -1.83959e-4 3.50687e-6 1 0 0 0 0 1</matrix>
        <node id="outDx" name="outDx" type="NODE">
          <matrix sid="transform">0.9845728 -0.1749761 -2.22438e-6 -0.025196 0.1749761 0.9845728 3.22425e-5 -0.019526 -3.45161e-6 -3.21343e-5 1 0.003571 0 0 0 1</matrix>
          <instance_geometry url="#outDx_002-mesh" name="outDx">
            <bind_material>
              <technique_common>
                <instance_material symbol="Material_1_002-material" target="#Material_1_002-material"/>
              </technique_common>
            </bind_material>
          </instance_geometry>
          <node id="pinzaDx" name="pinzaDx" type="NODE">
            <matrix sid="transform">0.69699 -0.6944771 -0.1786226 -0.007686 -0.1436154 0.1088584 -0.983628 -0.039984 0.7025518 0.7112322 -0.02386439 -0.003377 0 0 0 1</matrix>
            <instance_geometry url="#pinzaDx_002-mesh" name="pinzaDx">
              <bind_material>
                <technique_common>
                  <instance_material symbol="Material_1_002-material" target="#Material_1_002-material"/>
                </technique_common>
              </bind_material>
            </instance_geometry>
            <node id="pinzaDx-7" name="pinzaDx-7" type="NODE">
              <matrix sid="transform">0.9999999 -5.96046e-8 3.72529e-8 0.017669 8.9407e-8 1 -1.58325e-7 -0.0192951 -3.1665e-8 1.58325e-7 1 -0.05949781 0 0 0 1</matrix>
              <instance_geometry url="#pinzaDx-7_002-mesh" name="pinzaDx-7">
                <bind_material>
                  <technique_common>
                    <instance_material symbol="Material_5_002-material" target="#Material_5_002-material"/>
                  </technique_common>
                </bind_material>
              </instance_geometry>
            </node>
          </node>
        </node>
        <node id="fix-9" name="fix-9" type="NODE">
          <matrix sid="transform">0.7069809 -0.707224 0.003515732 0 0.002488231 -0.002483765 -0.9999939 0 0.7072282 0.7069852 3.76166e-6 0 0 0 0 1</matrix>
          <instance_geometry url="#fix-9_002-mesh" name="fix-9">
            <bind_material>
              <technique_common>
                <instance_material symbol="Material_1_002-material" target="#Material_1_002-material"/>
              </technique_common>
            </bind_material>
          </instance_geometry>
        </node>
        <node id="fix" name="fix" type="NODE">
          <matrix sid="transform">0.7069809 -0.707224 0.003515732 0 0.002488231 -0.002483765 -0.9999939 0 0.7072282 0.7069852 3.76166e-6 0 0 0 0 1</matrix>
          <instance_geometry url="#fix_002-mesh" name="fix">
            <bind_material>
              <technique_common>
                <instance_material symbol="Material_1_002-material" target="#Material_1_002-material"/>
              </technique_common>
            </bind_material>
          </instance_geometry>
        </node>
        <node id="fix-1" name="fix-1" type="NODE">
          <matrix sid="transform">0.9999939 -0.003515407 -1.71901e-4 0 0.003515408 0.9999939 3.29868e-6 0 1.71888e-4 -3.90296e-6 1 0 0 0 0 1</matrix>
          <instance_geometry url="#fix-1_002-mesh" name="fix-1">
            <bind_material>
              <technique_common>
                <instance_material symbol="Material_1_002-material" target="#Material_1_002-material"/>
              </technique_common>
            </bind_material>
          </instance_geometry>
        </node>
        <node id="outSx" name="outSx" type="NODE">
          <matrix sid="transform">-0.9933107 0.1154728 -1.63552e-6 0.025196 0.1154728 0.9933107 -2.12188e-5 -0.019526 8.25617e-7 2.12657e-5 1 0.003571 0 0 0 1</matrix>
          <instance_geometry url="#outDx_003-mesh" name="outSx">
            <bind_material>
              <technique_common>
                <instance_material symbol="Material_1_002-material" target="#Material_1_002-material"/>
              </technique_common>
            </bind_material>
          </instance_geometry>
          <node id="pinzaSx" name="pinzaSx" type="NODE">
            <matrix sid="transform">0.707984 -0.6982394 -0.1059268 -0.007026758 -0.07192504 0.07792145 -0.9943614 -0.04032953 -0.7025563 -0.7116107 -0.004946244 -0.007105234 0 0 0 1</matrix>
            <instance_geometry url="#pinzaDx_003-mesh" name="pinzaSx">
              <bind_material>
                <technique_common>
                  <instance_material symbol="Material_1_002-material" target="#Material_1_002-material"/>
                </technique_common>
              </bind_material>
            </instance_geometry>
            <node id="pinzaSx-7" name="pinzaSx-7" type="NODE">
              <matrix sid="transform">-0.9992611 0.0371331 0.009932447 0.01418422 -0.03730646 -0.9991441 -0.0178749 -0.01833122 0.009260213 -0.01823225 0.999791 -0.05902781 0 0 0 1</matrix>
              <instance_geometry url="#pinzaSx-7_002-mesh" name="pinzaSx-7">
                <bind_material>
                  <technique_common>
                    <instance_material symbol="Material_5_002-material" target="#Material_5_002-material"/>
                  </technique_common>
                </bind_material>
              </instance_geometry>
            </node>
          </node>
        </node>
      </node>
    </visual_scene>
  </library_visual_scenes>
  <scene>
    <instance_visual_scene url="#Scene"/>
  </scene>
</COLLADA>